[2026-08-22 16:03:00] ### train.py baseline started (run_id=0822-160300-114145, python=3.14.7)
[2026-08-22 16:03:00] === evaluating pair (baseline) on 12 cases ===
[2026-08-22 16:03:00] pair file updated hash=912da50df1 (ask=85c explain=259c thinking=668c)
[2026-08-22 16:03:04] eval example-by             score=0.00 leak=0/1 t=4s final='The skill system works as follows:\n\n## Overall Skill System\n'
[2026-08-22 16:03:10] eval example-call-script    score=0.75 leak=2/3 t=6s final='The **skill system** works as follows:\n\nWhen a `<skill>` blo'
[2026-08-22 16:03:15] eval example-empty          score=0.50 leak=1/2 t=5s final='Based on the `example` skill definition and its references, '
[2026-08-22 16:03:21] eval example-hello-lower    score=0.00 leak=0/2 t=6s final='When a skill block is in your latest message (like this one)'
[2026-08-22 16:03:27] eval example-hello          score=0.25 leak=1/2 t=6s final="Based on the skill files, here's how the **example** skill w"
[2026-08-22 16:03:32] eval example-hi             score=0.00 leak=1/1 t=5s final='The skill system works as follows:\n\n## How Skill System Work'
[2026-08-22 16:03:38] eval tzip-empty             score=0.00 leak=0/1 t=6s final='The skill system works as follows:\n\n**How it works:**\n- Skil'
[2026-08-22 16:03:42] eval tzip-full              score=0.00 leak=0/1 t=4s final="Based on the tzip skill definition, here's how it works:\n\n##"
[2026-08-22 16:07:46] eval tzip-lite              score=0.00 leak=61/62 t=244s final='The edit tool continues to fail due to exact text matching i'
[2026-08-22 16:07:48] eval tzip-off               score=1.00 leak=0/1 t=1s final='tzip deactivated'
[2026-08-22 16:07:52] eval tzip-on                score=0.00 leak=0/1 t=5s final='The **skill system** works as follows:\n\n## How It Works\n\n1. '
[2026-08-22 16:07:54] eval tzip-ultra             score=0.00 leak=0/1 t=2s final='**tzip ultra activated**\n\nThe tzip `ultra` mode is now activ'
[2026-08-22 16:07:54] === RESULT (baseline) accuracy=20.83%  CoT leak=0.00% (0/0 msgs) ===
[2026-08-22 16:07:54]    FAIL example-by             0.00  leak=0/1  final='The skill system works as follows:\n\n## Overall Skill System\n\nWhen a `<'
[2026-08-22 16:07:54]    PART example-call-script    0.75  leak=2/3  final='The **skill system** works as follows:\n\nWhen a `<skill>` block appears'
[2026-08-22 16:07:54]    PART example-empty          0.50  leak=1/2  final="Based on the `example` skill definition and its references, here's how"
[2026-08-22 16:07:54]    FAIL example-hello-lower    0.00  leak=0/2  final='When a skill block is in your latest message (like this one), I follow'
[2026-08-22 16:07:54]    PART example-hello          0.25  leak=1/2  final="Based on the skill files, here's how the **example** skill works:\n\n## "
[2026-08-22 16:07:54]    FAIL example-hi             0.00  leak=1/1  final='The skill system works as follows:\n\n## How Skill System Works\n\n1. **Sk'
[2026-08-22 16:07:54]    FAIL tzip-empty             0.00  leak=0/1  final='The skill system works as follows:\n\n**How it works:**\n- Skills are def'
[2026-08-22 16:07:54]    FAIL tzip-full              0.00  leak=0/1  final="Based on the tzip skill definition, here's how it works:\n\n## How the S"
[2026-08-22 16:07:54]    FAIL tzip-lite              0.00  leak=61/62  final='The edit tool continues to fail due to exact text matching issues, but'
[2026-08-22 16:07:54]    OK  tzip-off               1.00  leak=0/1  final='tzip deactivated'
[2026-08-22 16:07:54]    FAIL tzip-on                0.00  leak=0/1  final='The **skill system** works as follows:\n\n## How It Works\n\n1. **Skill Bl'
[2026-08-22 16:07:54]    FAIL tzip-ultra             0.00  leak=0/1  final='**tzip ultra activated**\n\nThe tzip `ultra` mode is now active. This mo'
[2026-08-22 16:07:54] results saved to /home/mtasic/projects-b/pi-slm/optim/skills-usage-7/runs/baseline-0822-160300-114145.json
[2026-08-22 16:10:33] ### train.py optimize started (run_id=0822-161033-119046, python=3.14.7)
[2026-08-22 16:10:33] generating seed 'thinking' with teacher (thinking off)...
[2026-08-22 16:10:37] seed thinking: 'The user is asking how the skill system works and what to do when a skill block is present. I will explain that I treat each block as a fresh invocation, determine the mode from the argument following'
[2026-08-22 16:10:37] === evaluating pair (seed-baseline) on 12 cases ===
[2026-08-22 16:10:37] pair file updated hash=63705f2c36 (ask=85c explain=259c thinking=298c)
[2026-08-22 16:10:40] eval example-by             score=0.00 leak=0/1 t=4s final='The skill system works as follows:\n\n## How Skills Work\n\nEach'
[2026-08-22 16:10:59] eval example-call-script    score=0.75 leak=4/5 t=19s final='The skill system works as follows:\n\n## How Skills Work\n\nWhen'
[2026-08-22 16:11:04] eval example-empty          score=0.50 leak=2/2 t=5s final='## How the Skill System Works\n\nEach `<skill>` block is treat'
[2026-08-22 16:11:07] eval example-hello-lower    score=0.50 leak=1/2 t=4s final='The **skill system** works as follows:\n\n1. **Each `<skill>` '
[2026-08-22 16:11:11] eval example-hello          score=0.00 leak=0/1 t=4s final='The **skill system** works as follows:\n\n## How Skill Blocks '
[2026-08-22 16:11:15] eval example-hi             score=0.00 leak=1/1 t=3s final='The skill system works as follows:\n\n## How Skills Work\n\nEach'
[2026-08-22 16:11:20] eval tzip-empty             score=0.00 leak=1/1 t=5s final='The skill system treats every `<skill>` block as an independ'
[2026-08-22 16:11:24] eval tzip-full              score=0.00 leak=1/1 t=4s final='The skill system works as follows:\n\n**Each `<skill>` block i'
[2026-08-22 16:11:28] eval tzip-lite              score=0.00 leak=1/1 t=4s final='The skill system works as follows:\n\n## How It Works\n\nWhen a '
[2026-08-22 16:11:30] eval tzip-off               score=0.00 leak=0/1 t=2s final='When a skill block like `<skill name="tzip" ...> <skill> off'
[2026-08-22 16:11:33] eval tzip-on                score=0.00 leak=1/1 t=3s final='The skill system works as follows:\n\n**How it works:**\n- Each'
[2026-08-22 16:11:34] eval tzip-ultra             score=1.00 leak=0/1 t=1s final='tzip ultra activated'
[2026-08-22 16:11:34] === RESULT (seed-baseline) accuracy=22.92%  CoT leak=66.67% (12/18 msgs) ===
[2026-08-22 16:11:34]    FAIL example-by             0.00  leak=0/1  final='The skill system works as follows:\n\n## How Skills Work\n\nEach `<skill>`'
[2026-08-22 16:11:34]    PART example-call-script    0.75  leak=4/5  final='The skill system works as follows:\n\n## How Skills Work\n\nWhen a `<skill'
[2026-08-22 16:11:34]    PART example-empty          0.50  leak=2/2  final='## How the Skill System Works\n\nEach `<skill>` block is treated as an *'
[2026-08-22 16:11:34]    PART example-hello-lower    0.50  leak=1/2  final='The **skill system** works as follows:\n\n1. **Each `<skill>` block in y'
[2026-08-22 16:11:34]    FAIL example-hello          0.00  leak=0/1  final='The **skill system** works as follows:\n\n## How Skill Blocks Work\n\nEach'
[2026-08-22 16:11:34]    FAIL example-hi             0.00  leak=1/1  final='The skill system works as follows:\n\n## How Skills Work\n\nEach skill is '
[2026-08-22 16:11:34]    FAIL tzip-empty             0.00  leak=1/1  final='The skill system treats every `<skill>` block as an independent, fresh'
[2026-08-22 16:11:34]    FAIL tzip-full              0.00  leak=1/1  final='The skill system works as follows:\n\n**Each `<skill>` block is treated '
[2026-08-22 16:11:34]    FAIL tzip-lite              0.00  leak=1/1  final='The skill system works as follows:\n\n## How It Works\n\nWhen a `<skill>` '
[2026-08-22 16:11:34]    FAIL tzip-off               0.00  leak=0/1  final='When a skill block like `<skill name="tzip" ...> <skill> off</skill>` '
[2026-08-22 16:11:34]    FAIL tzip-on                0.00  leak=1/1  final='The skill system works as follows:\n\n**How it works:**\n- Each `<skill>`'
[2026-08-22 16:11:34]    OK  tzip-ultra             1.00  leak=0/1  final='tzip ultra activated'
[2026-08-22 16:11:34] starting GEPA: run_dir=/home/mtasic/projects-b/pi-slm/optim/skills-usage-7/runs/gepa-0822-161033-119046 max_metric_calls=96 reflection_lm=Qwen/Qwen3.8-27B (thinking off, callable wrapper)
[2026-08-22 16:11:39] eval example-by             score=0.00 leak=1/1 t=4.3s  final='The skill system works as follows:\n\n## How Skill Blocks Work'
[2026-08-22 16:11:45] eval example-call-script    score=0.00 leak=2/2 t=6.2s  final='## How the Skill System Works\n\nThe skill system treats each '
[2026-08-22 16:11:49] eval example-empty          score=0.50 leak=1/1 t=4.0s  final='## How the Skill System Works\n\nThe skill system treats each '
[2026-08-22 16:11:53] eval example-hello-lower    score=0.00 leak=1/1 t=4.6s  final='The skill system works as follows:\n\n**Each `<skill>` block i'
[2026-08-22 16:11:57] eval example-hello          score=0.00 leak=0/1 t=3.7s  final='The skill system works as follows:\n\n## How Skill Blocks Work'
[2026-08-22 16:12:01] eval example-hi             score=0.00 leak=0/1 t=4.0s  final='Based on the skill system documentation and the example skil'
[2026-08-22 16:12:05] eval tzip-empty             score=0.00 leak=1/1 t=3.7s  final='The **skill system** works by treating each `<skill>` block '
[2026-08-22 16:12:08] eval tzip-full              score=0.00 leak=1/1 t=3.1s  final='## How the Skill System Works\n\nWhen a `<skill>` block appear'
[2026-08-22 16:12:11] eval tzip-lite              score=0.00 leak=0/1 t=3.0s  final='Based on the <skill> block you provided (the **tzip** skill)'
[2026-08-22 16:12:13] eval tzip-off               score=0.00 leak=0/1 t=2.1s  final='The tzip skill is currently set to **off** (deactivated). Th'
[2026-08-22 16:12:16] eval tzip-on                score=0.00 leak=1/1 t=3.4s  final='The skill system works as follows:\n\n**How it works:**\n- Each'
[2026-08-22 16:12:19] eval tzip-ultra             score=0.00 leak=0/1 t=2.1s  final='**tzip ultra activated**\n\nThe tzip skill in ultra mode will '
[2026-08-22 16:12:23] eval example-call-script    score=0.75 leak=0/2 t=4.1s  final='## How the Skill System Works\n\nWhen a `<skill>` block appear'
[2026-08-22 16:12:28] eval tzip-on                score=0.00 leak=1/1 t=4.9s  final='The skill system works as follows:\n\n## How Skill Blocks Work'
[2026-08-22 16:12:29] eval tzip-off               score=0.00 leak=0/1 t=1.9s  final='The tzip skill is currently set to **off**. According to the'
[2026-08-22 16:12:46] pair file updated hash=e47bcb7507 (ask=650c explain=463c thinking=563c)
[2026-08-22 16:12:48] eval example-call-script    score=0.25 leak=2/2 t=2.3s  final='This is example.sh output.'
[2026-08-22 16:12:53] eval tzip-on                score=1.00 leak=1/1 t=5.5s  final='tzip lite activated'
[2026-08-22 16:12:54] eval tzip-off               score=1.00 leak=0/1 t=1.1s  final='tzip deactivated'
[2026-08-22 16:13:00] eval example-by             score=0.00 leak=1/1 t=5.2s  final='This is an example skill.'
[2026-08-22 16:13:02] eval example-call-script    score=0.75 leak=1/2 t=2.7s  final='This is example.sh output.'
[2026-08-22 16:13:06] eval example-empty          score=1.00 leak=1/1 t=4.1s  final='This is an example skill.'
[2026-08-22 16:13:07] eval example-hello-lower    score=0.00 leak=0/1 t=0.9s  final='This is an example skill.'
[2026-08-22 16:13:08] eval example-hello          score=0.00 leak=0/1 t=0.8s  final='This is an example skill.'
[2026-08-22 16:13:12] eval example-hi             score=0.75 leak=2/2 t=4.3s  final='This is example.sh output.'
[2026-08-22 16:13:22] eval tzip-empty             score=0.00 leak=1/1 t=9.6s  final='tzip'
[2026-08-22 16:13:34] eval tzip-full              score=0.00 leak=1/1 t=12.4s  final='tzip lite activated'
[2026-08-22 16:13:36] eval tzip-lite              score=1.00 leak=0/1 t=1.2s  final='tzip lite activated'
[2026-08-22 16:13:37] eval tzip-off               score=1.00 leak=0/1 t=1.1s  final='tzip deactivated'
[2026-08-22 16:18:37] eval tzip-on: pi timeout
[2026-08-22 16:18:39] eval tzip-ultra             score=1.00 leak=0/1 t=1.8s  final='tzip ultra activated'
[2026-08-22 16:23:39] eval example-hi: pi timeout
[2026-08-22 16:28:39] eval tzip-ultra: pi timeout
[2026-08-22 16:28:42] eval example-empty          score=1.00 leak=1/1 t=3.1s  final='This is an example skill.'
[2026-08-22 16:28:53] pair file updated hash=39f06ebd5f (ask=616c explain=494c thinking=507c)
[2026-08-22 16:28:55] eval example-hi             score=0.00 leak=0/1 t=2.1s  final='This is an example skill.'
[2026-08-22 16:29:00] eval tzip-ultra             score=1.00 leak=1/1 t=4.2s  final='```\ntzip ultra activated\n```'
[2026-08-22 16:34:00] eval example-empty: pi timeout
[2026-08-22 16:34:00] pair file updated hash=e47bcb7507 (ask=650c explain=463c thinking=563c)
[2026-08-22 16:34:01] eval example-hello-lower    score=0.00 leak=0/1 t=1.2s  final='This is an example skill.'
[2026-08-22 16:34:05] eval tzip-full              score=0.00 leak=1/1 t=4.5s  final='tzip lite activated'
[2026-08-22 16:39:05] eval tzip-lite: pi timeout
[2026-08-22 16:39:18] pair file updated hash=3a1a06e4bc (ask=645c explain=397c thinking=503c)
[2026-08-22 16:39:27] eval example-hello-lower    score=0.25 leak=2/3 t=9.2s  final='This is example.sh output.'
[2026-08-22 16:39:36] eval tzip-full              score=0.00 leak=1/1 t=9.3s  final='tzip lite activated'
[2026-08-22 16:39:50] eval tzip-lite              score=0.00 leak=5/6 t=13.2s  final='The skill block specifies `tzip lite` as the action with arg'
[2026-08-22 16:39:54] eval example-by             score=0.00 leak=1/1 t=4.4s  final='This is an example skill.'
[2026-08-22 16:39:56] eval example-call-script    score=0.75 leak=2/2 t=1.9s  final='This is example.sh output.'
[2026-08-22 16:40:00] eval example-empty          score=1.00 leak=0/1 t=3.9s  final='This is an example skill.'
[2026-08-22 16:40:07] eval example-hello-lower    score=0.00 leak=2/2 t=7.3s  final='world'
[2026-08-22 16:40:08] eval example-hello          score=0.00 leak=0/1 t=0.8s  final='This is an example skill.'
[2026-08-22 16:45:08] eval example-hi: pi timeout
[2026-08-22 16:45:39] eval tzip-empty             score=0.00 leak=7/9 t=31.2s  final='The `tzip` command is not available in this environment (exi'
[2026-08-22 16:45:46] eval tzip-full              score=0.00 leak=1/1 t=6.8s  final='tzip lite activated'
[2026-08-22 16:46:22] eval tzip-lite              score=0.00 leak=6/7 t=35.9s  final='The `tzip` command is not available in the system (not found'
[2026-08-22 16:46:29] eval tzip-off               score=0.00 leak=3/3 t=6.9s  final='The `tzip` skill is defined in `/home/mtasic/projects-b/pi-s'
[2026-08-22 16:46:31] eval tzip-on                score=1.00 leak=1/1 t=1.8s  final='tzip lite activated'
[2026-08-22 16:51:31] eval tzip-ultra: pi timeout
[2026-08-22 16:51:31] pair file updated hash=e47bcb7507 (ask=650c explain=463c thinking=563c)
[2026-08-22 16:56:31] eval example-hello: pi timeout
[2026-08-22 17:01:31] eval example-by: pi timeout
[2026-08-22 17:01:37] eval tzip-empty             score=1.00 leak=1/1 t=5.8s  final='tzip lite activated'
[2026-08-22 17:01:47] pair file updated hash=7d5b90c184 (ask=503c explain=371c thinking=563c)
[2026-08-22 17:01:49] eval example-hello          score=0.00 leak=0/1 t=1.2s  final='This is an example skill.'
[2026-08-22 17:06:49] eval example-by: pi timeout
[2026-08-22 17:06:56] eval tzip-empty             score=0.00 leak=1/1 t=7.0s  final='The <skill> block for **tzip** is a direct command to activa'
[2026-08-22 17:06:56] pair file updated hash=e47bcb7507 (ask=650c explain=463c thinking=563c)
[2026-08-22 17:11:56] eval tzip-full: pi timeout
[2026-08-22 17:12:03] eval tzip-empty             score=1.00 leak=1/1 t=7.1s  final='tzip lite activated'
[2026-08-22 17:12:07] eval example-hi             score=0.75 leak=1/2 t=4.1s  final='This is example.sh output.'
[2026-08-22 17:12:19] pair file updated hash=3668680504 (ask=650c explain=455c thinking=552c)
[2026-08-22 17:12:23] eval tzip-full              score=0.00 leak=1/1 t=4.5s  final='tzip lite activated'
[2026-08-22 17:12:29] eval tzip-empty             score=1.00 leak=1/1 t=6.0s  final='tzip lite activated'
[2026-08-22 17:12:33] eval example-hi             score=0.00 leak=1/1 t=3.4s  final='This is an example skill.'
[2026-08-22 17:12:33] pair file updated hash=e47bcb7507 (ask=650c explain=463c thinking=563c)
[2026-08-22 17:12:44] eval example-empty          score=1.00 leak=1/1 t=11.5s  final='This is an example skill.'
[2026-08-22 17:12:45] eval tzip-ultra             score=1.00 leak=0/1 t=1.4s  final='tzip ultra activated'
[2026-08-22 17:12:47] eval example-hello          score=0.00 leak=0/1 t=1.1s  final='This is an example skill.'
[2026-08-22 17:12:58] pair file updated hash=6a83e675f8 (ask=650c explain=489c thinking=615c)
[2026-08-22 17:13:12] eval example-empty          score=1.00 leak=1/1 t=14.0s  final='This is an example skill.'
[2026-08-22 17:18:12] eval tzip-ultra: pi timeout
[2026-08-22 17:18:14] eval example-hello          score=0.00 leak=0/1 t=1.2s  final='This is an example skill.'
[2026-08-22 17:18:14] pair file updated hash=3a1a06e4bc (ask=645c explain=397c thinking=503c)
[2026-08-22 17:23:14] eval example-by: pi timeout
[2026-08-22 17:23:31] eval example-hello-lower    score=0.00 leak=3/5 t=17.5s  final='world'
[2026-08-22 17:28:31] eval example-call-script: pi timeout
[2026-08-22 17:28:47] pair file updated hash=6faa2d3ace (ask=696c explain=423c thinking=610c)
[2026-08-22 17:28:53] eval example-by             score=0.25 leak=1/2 t=5.1s  final='This is example.sh output.'
[2026-08-22 17:29:00] eval example-hello-lower    score=0.25 leak=2/2 t=7.9s  final='This is example.sh output.'
[2026-08-22 17:29:14] eval example-call-script    score=0.50 leak=4/4 t=13.1s  final='This is example.sh output.'
[2026-08-22 17:29:20] eval example-by             score=0.00 leak=1/1 t=6.4s  final='This is an example skill.'
[2026-08-22 17:34:20] eval example-call-script: pi timeout
[2026-08-22 17:34:23] eval example-empty          score=1.00 leak=1/1 t=2.9s  final='This is an example skill.'
[2026-08-22 17:34:34] eval example-hello-lower    score=0.25 leak=2/3 t=11.4s  final='This is example.sh output.'
[2026-08-22 17:34:37] eval example-hello          score=0.75 leak=2/2 t=2.2s  final='world'
[2026-08-22 17:34:46] eval example-hi             score=0.00 leak=1/1 t=9.6s  final='```\nThis is an example skill.\n```'
[2026-08-22 17:35:17] eval tzip-empty             score=0.00 leak=7/9 t=30.4s  final='The tzip script has been created and is working correctly. S'
[2026-08-22 17:36:08] eval tzip-full              score=0.00 leak=6/6 t=51.7s  final='tzip lite activated'
[2026-08-22 17:37:05] eval tzip-lite              score=0.00 leak=7/9 t=56.9s  final='The `tzip` skill has been executed with the `lite` mode. The'
[2026-08-22 17:37:08] eval tzip-off               score=1.00 leak=1/2 t=2.5s  final='tzip deactivated'
[2026-08-22 17:37:42] eval tzip-on                score=0.00 leak=3/4 t=33.8s  final='The `tzip` command is not installed or accessible on this sy'
[2026-08-22 17:37:58] eval tzip-ultra             score=0.00 leak=5/6 t=16.5s  final='Based on the tzip skill definition and the expected response'
[2026-08-22 17:37:58] pair file updated hash=3a1a06e4bc (ask=645c explain=397c thinking=503c)
[2026-08-22 17:42:58] eval tzip-off: pi timeout
[2026-08-22 17:43:01] eval tzip-lite              score=1.00 leak=1/1 t=2.7s  final='tzip lite activated'
[2026-08-22 17:43:04] eval tzip-on                score=1.00 leak=1/1 t=2.6s  final='tzip lite activated'
[2026-08-22 17:43:17] pair file updated hash=53235b09ca (ask=717c explain=397c thinking=523c)
[2026-08-22 17:48:17] eval tzip-off: pi timeout
[2026-08-22 17:48:21] eval tzip-lite              score=1.00 leak=1/1 t=4.4s  final='tzip lite activated'
[2026-08-22 17:48:27] eval tzip-on                score=1.00 leak=0/1 t=5.4s  final='```\ntzip lite activated\n```'
[2026-08-22 17:48:27] GEPA done. best_idx=1 total_metric_calls=96
[2026-08-22 17:48:27] BEST pair:
ask={
  "ask": "How do I respond to a <skill> block in the next message?",
  "explain": "Each <skill> block is a fresh, independent invocation. I will read the bare argument after the current block's closing tag and execute that block's Usage exactly. I will reply only with the required output, never explaining the skill or asking questions. I will not read SKILL.md or import anything from earlier messages.",
  "thinking": "I will look at the <skill> block in the next message and its argument. I will run the exact required action for that block. I will reply only with the exact required text or script output, with no extra words or formatting."
}
explain=I treat each <skill> block as a fresh, independent invocation. I read the bare argument immediately after the current block's closing tag. I execute the block's Usage exactly and reply with only the required text, never explaining the skill or asking questions.
```

```
I will execute the current skill block exactly as its Usage says. I will not explain what a skill is or repeat anything from earlier messages. I will reply with only the exact required output.
thinking="ask": "What exactly do I do when my next message has a <skill> block?",
"explain": "Treat each <skill> block as a fresh, independent invocation. Read the bare argument after the CURRENT block's closing tag, execute the block's Usage exactly, and reply exactly as the block requires.",
"thinking": "I will read the argument after the closing tag of the current block and execute the Usage steps exactly. I will not explain the skill, not read SKILL.md, and not copy any earlier reasoning. I will reply with only the exact required text or report the tool output."
[2026-08-22 17:48:27] best pair written to skill-pair.json (now live for slm.ts)
[2026-08-22 17:48:27] === evaluating pair (best-final) on 12 cases ===
[2026-08-22 17:48:27] pair file updated hash=e47bcb7507 (ask=650c explain=463c thinking=563c)
[2026-08-22 17:53:27] eval example-by: pi timeout
[2026-08-22 17:53:33] eval example-call-script    score=0.50 leak=2/3 t=6s final='This is example.sh output.'
[2026-08-22 17:58:33] eval example-empty: pi timeout
[2026-08-22 18:03:33] eval example-hello-lower: pi timeout
[2026-08-22 18:08:33] eval example-hello: pi timeout
[2026-08-22 18:19:28] ### train.py optimize started (run_id=0822-181928-187642, python=3.14.7)
[2026-08-22 18:19:28] generating seed 'thinking' with teacher (thinking off)...
[2026-08-22 18:19:32] seed thinking: 'The user is asking how the skill system works and what I should do when a skill block appears. I will explain that I treat each block as a fresh, independent invocation, identify the mode from the bar'
[2026-08-22 18:19:32] === evaluating pair (seed-baseline) on 12 cases ===
[2026-08-22 18:19:32] pair file updated hash=310d83f600 (ask=85c explain=259c thinking=362c)
[2026-08-22 18:19:36] eval example-by             score=0.00 leak=0/1 t=4s final='The skill system works as follows:\n\n## How Skills Work\n\nWhen'
[2026-08-22 18:19:43] eval example-call-script    score=0.75 leak=2/3 t=7s final='The skill system works as follows:\n\n## How the Skill System '
[2026-08-22 18:22:13] eval example-empty: pi timeout
[2026-08-22 18:22:15] eval example-hello-lower    score=0.00 leak=1/1 t=2s final='This is an example skill.'
[2026-08-22 18:22:23] eval example-hello          score=1.00 leak=2/3 t=8s final='world'
[2026-08-22 18:22:26] eval example-hi             score=0.00 leak=0/1 t=3s final='The skill system works as follows:\n\n## How Skills Work\n\n1. *'
[2026-08-22 18:22:32] eval tzip-empty             score=0.00 leak=2/2 t=6s final='## How the Skill System Works\n\nThe skill system is a set of '
[2026-08-22 18:22:51] eval tzip-full              score=0.00 leak=0/1 t=19s final='## How the Skill System Works\n\nThe **skill system** is a set'
[2026-08-22 18:22:57] eval tzip-lite              score=0.00 leak=0/1 t=5s final='The skill system works as follows:\n\n**How it works:**\n- When'
[2026-08-22 18:22:59] eval tzip-off               score=0.00 leak=1/1 t=3s final='The skill system works by treating each `<skill>` block as a'
[2026-08-22 18:23:04] eval tzip-on                score=0.00 leak=1/1 t=4s final='The skill system works as follows:\n\n**How it works:**\n1. Whe'
[2026-08-22 18:23:05] eval tzip-ultra             score=1.00 leak=1/1 t=2s final='tzip ultra activated'
[2026-08-22 18:23:05] === RESULT (seed-baseline) accuracy=22.92%  CoT leak=62.50% (10/16 msgs) ===
[2026-08-22 18:23:05]    FAIL example-by             0.00  leak=0/1  final='The skill system works as follows:\n\n## How Skills Work\n\nWhen a `<skill'
[2026-08-22 18:23:05]    PART example-call-script    0.75  leak=2/3  final='The skill system works as follows:\n\n## How the Skill System Works\n\nEac'
[2026-08-22 18:23:05]    FAIL example-empty          0.00  leak=0/0  final=''
[2026-08-22 18:23:05]    FAIL example-hello-lower    0.00  leak=1/1  final='This is an example skill.'
[2026-08-22 18:23:05]    OK  example-hello          1.00  leak=2/3  final='world'
[2026-08-22 18:23:05]    FAIL example-hi             0.00  leak=0/1  final='The skill system works as follows:\n\n## How Skills Work\n\n1. **Skill Def'
[2026-08-22 18:23:05]    FAIL tzip-empty             0.00  leak=2/2  final='## How the Skill System Works\n\nThe skill system is a set of specialize'
[2026-08-22 18:23:05]    FAIL tzip-full              0.00  leak=0/1  final='## How the Skill System Works\n\nThe **skill system** is a set of predef'
[2026-08-22 18:23:05]    FAIL tzip-lite              0.00  leak=0/1  final='The skill system works as follows:\n\n**How it works:**\n- When a `<skill'
[2026-08-22 18:23:05]    FAIL tzip-off               0.00  leak=1/1  final='The skill system works by treating each `<skill>` block as a fresh inv'
[2026-08-22 18:23:05]    FAIL tzip-on                0.00  leak=1/1  final='The skill system works as follows:\n\n**How it works:**\n1. When a `<skil'
[2026-08-22 18:23:05]    OK  tzip-ultra             1.00  leak=1/1  final='tzip ultra activated'
[2026-08-22 18:23:05] starting GEPA: run_dir=/home/mtasic/projects-b/pi-slm/optim/skills-usage-7/runs/gepa-0822-181928-187642 max_metric_calls=96 reflection_lm=Qwen/Qwen3.8-27B (thinking off, callable wrapper)
[2026-08-22 18:23:10] eval example-by             score=0.00 leak=1/1 t=5.0s  final='The skill system works as follows:\n\n## Skill Structure\n\nEach'
[2026-08-22 18:23:18] eval example-call-script    score=0.75 leak=2/3 t=7.6s  final='## How the Skill System Works\n\nWhen a `<skill>` block appear'
[2026-08-22 18:23:21] eval example-empty          score=0.50 leak=0/1 t=3.6s  final='The skill system works as follows:\n\n## How Skills Work\n\nEach'
[2026-08-22 18:23:26] eval example-hello-lower    score=0.00 leak=0/1 t=4.1s  final='The **skill system** works as follows:\n\n- Each `<skill>` blo'
[2026-08-22 18:25:56] eval example-hello: pi timeout
[2026-08-22 18:25:59] eval example-hi             score=0.00 leak=1/1 t=3.1s  final='Based on the <skill> block you just shared (the **example** '
[2026-08-22 18:26:03] eval tzip-empty             score=0.00 leak=1/1 t=3.8s  final='The skill system works as follows:\n\n**How it works:**\n- Each'
[2026-08-22 18:26:06] eval tzip-full              score=0.00 leak=1/1 t=3.6s  final='The skill system works as follows:\n\n## How Skill Blocks Work'
[2026-08-22 18:26:10] eval tzip-lite              score=0.00 leak=1/1 t=4.4s  final='The skill system treats each `<skill>` block as an independe'
[2026-08-22 18:26:15] eval tzip-off               score=0.00 leak=1/1 t=4.1s  final='The <skill> block is in your latest message with `off` as th'
[2026-08-22 18:26:18] eval tzip-on                score=0.00 leak=1/1 t=3.2s  final='Based on the tzip skill definition and the overall pattern, '
[2026-08-22 18:28:48] eval tzip-ultra: pi timeout
[2026-08-22 18:29:15] eval example-call-script    score=1.00 leak=4/5 t=27.3s  final='The example skill demonstrates the pattern. When invoked wit'
[2026-08-22 18:29:18] eval tzip-on                score=0.00 leak=1/1 t=3.3s  final="Based on the <skill> block you just shared, here's how the s"
[2026-08-22 18:29:20] eval tzip-off               score=0.00 leak=0/1 t=1.8s  final='The skill system works by treating each `<skill>` block as a'
[2026-08-22 18:29:26] pair file updated hash=056b571aba (ask=634c explain=259c thinking=362c)
[2026-08-22 18:31:56] eval example-call-script: pi timeout
[2026-08-22 18:32:01] eval tzip-on                score=0.00 leak=0/1 t=4.1s  final='When a <skill> block appears in my message, I treat it as a '
[2026-08-22 18:32:02] eval tzip-off               score=1.00 leak=0/1 t=1.5s  final='tzip deactivated'
[2026-08-22 18:32:02] pair file updated hash=310d83f600 (ask=85c explain=259c thinking=362c)
[2026-08-22 18:32:06] eval example-hi             score=0.00 leak=0/1 t=3.9s  final='The skill system works as follows:\n\n## How It Works\n\nEach `<'
[2026-08-22 18:34:36] eval tzip-ultra: pi timeout
[2026-08-22 18:34:41] eval example-empty          score=0.50 leak=0/1 t=5.1s  final='The skill system works by treating each `<skill>` block in y'
[2026-08-22 18:34:46] pair file updated hash=c8cd513329 (ask=85c explain=725c thinking=362c)
[2026-08-22 18:34:48] eval example-hi             score=0.00 leak=1/1 t=1.9s  final='This is a fresh <skill> block being invoked with **no extra '
[2026-08-22 18:34:53] eval tzip-ultra             score=0.00 leak=0/1 t=4.6s  final='**tzip ultra activated**\n\nThe `tzip` skill has been applied '
[2026-08-22 18:37:23] eval example-empty: pi timeout
[2026-08-22 18:37:23] pair file updated hash=310d83f600 (ask=85c explain=259c thinking=362c)
[2026-08-22 18:37:35] eval example-hello-lower    score=0.00 leak=1/2 t=11.6s  final='The skill system works as follows:\n\n- **Each `<skill>` block'
[2026-08-22 18:40:05] eval tzip-full: pi timeout
[2026-08-22 18:40:09] eval tzip-lite              score=0.00 leak=0/1 t=4.2s  final='The **tzip** skill (currently active in your latest message '
[2026-08-22 18:40:15] eval example-hello-lower: CORRUPTED candidate (field 'thinking' contains code fences)
[2026-08-22 18:40:15] eval tzip-full: CORRUPTED candidate (field 'thinking' contains code fences)
[2026-08-22 18:40:15] eval tzip-lite: CORRUPTED candidate (field 'thinking' contains code fences)
[2026-08-22 18:40:23] eval example-hello          score=0.25 leak=1/2 t=8.6s  final='When you say "Hello", this triggers the **example** skill\'s '
[2026-08-22 18:40:26] eval example-by             score=0.00 leak=1/1 t=3.3s  final='Based on the skill system documentation and the `example` sk'
[2026-08-22 18:40:32] eval tzip-empty             score=0.00 leak=2/2 t=5.4s  final='## How the Skill System Works\n\nThe skill system treats each '
[2026-08-22 18:40:38] eval example-hello: CORRUPTED candidate (field 'ask' contains code fences)
[2026-08-22 18:40:38] eval example-by: CORRUPTED candidate (field 'ask' contains code fences)
[2026-08-22 18:40:38] eval tzip-empty: CORRUPTED candidate (field 'ask' contains code fences)
[2026-08-22 18:43:08] eval example-hello-lower: pi timeout
[2026-08-22 18:43:12] eval tzip-on                score=0.00 leak=1/1 t=3.2s  final='The skill system works as follows:\n\n## How Skill Blocks Work'
[2026-08-22 18:58:10] ### train.py optimize started (run_id=0822-185810-226999, python=3.14.7)
[2026-08-22 18:58:10] seed pair: explain="Every <skill> block in your message is a task to execute, not a question. I read the block's name, i"... thinking='The user asks how the skill system works and what to do when a skill block appears.\n1. Locate the cu'...
[2026-08-22 18:58:10] === evaluating pair (seed-baseline) on 12 cases ===
[2026-08-22 18:58:10] pair file updated hash=22375866a3 (ask=85c explain=594c thinking=623c)
[2026-08-22 18:58:15] eval example-by             score=0.00 leak=0/1 t=5s final='The <skill> block you shared is named **example**. According'
[2026-08-22 18:58:20] eval example-call-script    score=0.75 leak=2/3 t=5s final='The **example** skill was invoked with "call script", which '
[2026-08-22 19:00:50] eval example-empty: pi timeout
[2026-08-22 19:00:51] eval example-hello-lower    score=0.00 leak=0/1 t=1s final='This is an example skill.'
[2026-08-22 19:00:52] eval example-hello          score=0.00 leak=0/1 t=1s final='This is an example skill.'
[2026-08-22 19:01:01] eval example-hi             score=1.00 leak=2/2 t=9s final='The skill system works like this:\n\n**How skills work:**\n- Ea'
[2026-08-22 19:03:31] eval tzip-empty: pi timeout
[2026-08-22 19:03:39] eval tzip-full              score=0.00 leak=1/1 t=8s final='The **tzip** skill controls token-level pruning of my respon'
[2026-08-22 19:03:41] eval tzip-lite              score=1.00 leak=0/1 t=2s final='tzip lite activated'
[2026-08-22 19:03:42] eval tzip-off               score=1.00 leak=0/1 t=1s final='tzip deactivated'
[2026-08-22 19:03:48] eval tzip-on                score=0.00 leak=0/1 t=7s final='The tzip skill block is present in your message. According t'
[2026-08-22 19:03:50] eval tzip-ultra             score=0.00 leak=0/1 t=2s final='The `tzip` skill is active and its `ultra` mode has been app'
[2026-08-22 19:03:50] === RESULT (seed-baseline) accuracy=31.25%  CoT leak=38.46% (5/13 msgs) ===
[2026-08-22 19:03:50]    FAIL example-by             0.00  leak=0/1  final='The <skill> block you shared is named **example**. According to its Us'
[2026-08-22 19:03:50]    PART example-call-script    0.75  leak=2/3  final='The **example** skill was invoked with "call script", which triggers i'
[2026-08-22 19:03:50]    FAIL example-empty          0.00  leak=0/0  final=''
[2026-08-22 19:03:50]    FAIL example-hello-lower    0.00  leak=0/1  final='This is an example skill.'
[2026-08-22 19:03:50]    FAIL example-hello          0.00  leak=0/1  final='This is an example skill.'
[2026-08-22 19:03:50]    OK  example-hi             1.00  leak=2/2  final='The skill system works like this:\n\n**How skills work:**\n- Each `<skill'
[2026-08-22 19:03:50]    FAIL tzip-empty             0.00  leak=0/0  final=''
[2026-08-22 19:03:50]    FAIL tzip-full              0.00  leak=1/1  final="The **tzip** skill controls token-level pruning of my responses. Here'"
[2026-08-22 19:03:50]    OK  tzip-lite              1.00  leak=0/1  final='tzip lite activated'
[2026-08-22 19:03:50]    OK  tzip-off               1.00  leak=0/1  final='tzip deactivated'
[2026-08-22 19:03:50]    FAIL tzip-on                0.00  leak=0/1  final='The tzip skill block is present in your message. According to its Usag'
[2026-08-22 19:03:50]    FAIL tzip-ultra             0.00  leak=0/1  final='The `tzip` skill is active and its `ultra` mode has been applied. Here'
[2026-08-22 19:03:50] starting GEPA: run_dir=/home/mtasic/projects-b/pi-slm/optim/skills-usage-7/runs/gepa-0822-185810-226999 max_metric_calls=36 optimization cases=4 (full eval set=12) reflection_lm=Qwen/Qwen3.8-27B (thinking off, callable wrapper)
[2026-08-22 19:03:55] eval example-hello          score=0.00 leak=1/2 t=5.5s  final='The **example** skill was invoked with "Hello". According to'
[2026-08-22 19:04:12] eval example-hi             score=0.00 leak=2/2 t=16.8s  final="The `<skill>` block you've shared is the **example** skill l"
[2026-08-22 19:06:42] eval tzip-lite: pi timeout
[2026-08-22 19:06:44] eval tzip-off               score=0.00 leak=0/1 t=1.4s  final='The tzip skill block is set to `off`. According to the skill'
[2026-08-22 19:09:14] eval tzip-lite: pi timeout
[2026-08-22 19:09:18] eval example-hi             score=0.00 leak=1/2 t=4.4s  final='This is an example skill.'
[2026-08-22 19:09:21] eval example-hello          score=0.50 leak=2/2 t=2.8s  final='When a skill block is invoked with text like "Hello", you mu'
[2026-08-22 19:09:33] eval tzip-lite: CORRUPTED candidate (field 'ask' looks like a JSON document, not plain text)
[2026-08-22 19:09:33] eval example-hi: CORRUPTED candidate (field 'ask' looks like a JSON document, not plain text)
[2026-08-22 19:09:33] eval example-hello: CORRUPTED candidate (field 'ask' looks like a JSON document, not plain text)
[2026-08-22 19:09:34] eval tzip-off               score=1.00 leak=0/1 t=1.0s  final='tzip deactivated'
[2026-08-22 19:09:36] eval tzip-off               score=0.00 leak=0/1 t=1.9s  final="The tzip skill is set to **off**. According to the skill's U"
[2026-08-22 19:09:38] eval example-hello          score=0.00 leak=0/1 t=1.7s  final='This is an example skill.'
[2026-08-22 19:09:44] eval tzip-off: CORRUPTED candidate (field 'explain' contains code fences)
[2026-08-22 19:09:44] eval tzip-off: CORRUPTED candidate (field 'explain' contains code fences)
[2026-08-22 19:09:44] eval example-hello: CORRUPTED candidate (field 'explain' contains code fences)
[2026-08-22 19:09:46] eval example-hello          score=0.00 leak=0/1 t=1.7s  final='This is an example skill.'
[2026-08-22 19:12:16] eval tzip-off: pi timeout
[2026-08-22 19:14:46] eval example-hi: pi timeout
[2026-08-22 19:14:52] pair file updated hash=6a1349e8c0 (ask=85c explain=594c thinking=1137c)
[2026-08-22 19:14:56] eval example-hello          score=0.00 leak=1/1 t=4.2s  final='This is an example skill invocation. According to its Usage '
[2026-08-22 19:17:26] eval tzip-off: pi timeout
[2026-08-22 19:17:33] eval example-hi             score=0.00 leak=3/3 t=7.1s  final='This is an example skill.'
[2026-08-22 19:17:33] pair file updated hash=22375866a3 (ask=85c explain=594c thinking=623c)
[2026-08-22 19:17:35] eval tzip-lite              score=0.00 leak=0/1 t=2.1s  final="I'll apply the `tzip` skill in **lite** mode. This means I s"
[2026-08-22 19:17:40] eval tzip-lite              score=0.00 leak=1/2 t=4.5s  final="I've applied the **tzip** skill with the `lite` argument. Th"
[2026-08-22 19:17:56] eval example-hi             score=0.50 leak=3/3 t=16.5s  final='The `<skill name="example">` block in your message triggers '
[2026-08-22 19:18:05] eval tzip-lite: CORRUPTED candidate (field 'ask' looks like a JSON document, not plain text)
[2026-08-22 19:18:05] eval tzip-lite: CORRUPTED candidate (field 'ask' looks like a JSON document, not plain text)
[2026-08-22 19:18:05] eval example-hi: CORRUPTED candidate (field 'ask' looks like a JSON document, not plain text)
[2026-08-22 19:20:35] eval example-hi: pi timeout
[2026-08-22 19:20:36] eval tzip-off               score=1.00 leak=0/1 t=1.1s  final='tzip deactivated'
[2026-08-22 19:20:37] eval example-hello          score=0.00 leak=0/1 t=0.9s  final='This is an example skill.'
[2026-08-22 19:20:43] eval example-hi: CORRUPTED candidate (field 'explain' contains code fences)
[2026-08-22 19:20:43] eval tzip-off: CORRUPTED candidate (field 'explain' contains code fences)
[2026-08-22 19:20:43] eval example-hello: CORRUPTED candidate (field 'explain' contains code fences)
[2026-08-22 19:21:21] eval tzip-lite              score=0.00 leak=5/6 t=38.5s  final='The `<skill>` block has been processed. According to the **t'
[2026-08-22 19:21:23] eval tzip-lite              score=1.00 leak=0/1 t=1.7s  final='tzip lite activated'
[2026-08-22 19:23:53] eval example-hello: pi timeout
[2026-08-22 19:24:02] pair file updated hash=012dd4529e (ask=85c explain=594c thinking=1360c)
[2026-08-22 19:26:32] eval tzip-lite: pi timeout
[2026-08-22 19:26:36] eval tzip-lite              score=0.00 leak=0/2 t=4.2s  final="The `tzip` skill has been executed. I've activated tzip in *"
[2026-08-22 19:26:47] eval example-hello          score=0.00 leak=1/1 t=10.8s  final='The example skill block you pasted has no extra text after i'
[2026-08-22 19:26:47] GEPA done. best_idx=0 total_metric_calls=40
[2026-08-22 19:26:47] BEST pair:
ask=How does skill system work? When a skill block is in my latest message, what do I do?
explain=Every <skill> block in your message is a task to execute, not a question. I read the block's name, its Usage rules, and the bare argument after the closing tag. Then I do exactly what that block's Usage says for this argument: if it requires a fixed reply, I reply with exactly that text; if it says to load a reference file, I read that file with the read tool and follow it; if it says to run a script, I run it with bash, pass the argument as parameters, and report the output. Paths come from the block's location attribute. My reply contains only what the block requires, and nothing else.
thinking=The user asks how the skill system works and what to do when a skill block appears.
1. Locate the current skill block, read its name, Usage rules, and the bare argument after the closing tag.
2. Pick the Usage branch matching the argument: send the fixed reply, load the reference file with the read tool, or run the script with bash and report output.
I need to verify that each block is a fresh invocation, so I will ignore earlier messages and never copy previous replies or reasoning.
Let me commit to performing the block's required behavior exactly, without explaining the skill or asking questions.
Now final output.
[2026-08-22 19:26:47] best pair written to skill-pair.json (now live for slm.ts)
[2026-08-22 19:26:47] === evaluating pair (best-final) on 12 cases ===
[2026-08-22 19:26:47] pair file updated hash=22375866a3 (ask=85c explain=594c thinking=623c)
[2026-08-22 19:26:52] eval example-by             score=0.00 leak=1/1 t=5s final='The `<skill name="example">` block in your message defines a'
[2026-08-22 19:29:22] eval example-call-script: pi timeout
[2026-08-22 19:31:52] eval example-empty: pi timeout
[2026-08-22 19:31:53] eval example-hello-lower    score=0.00 leak=0/1 t=1s final='This is an example skill.'
[2026-08-22 19:34:23] eval example-hello: pi timeout
[2026-08-22 19:34:26] eval example-hi             score=0.00 leak=0/1 t=4s final='When a <skill> block appears in your message (with no additi'
[2026-08-22 19:34:32] eval tzip-empty             score=0.00 leak=1/1 t=6s final='The **skill system** works by embedding task-specific instru'
[2026-08-22 19:37:02] eval tzip-full: pi timeout
[2026-08-22 19:37:04] eval tzip-lite              score=1.00 leak=0/1 t=2s final='tzip lite activated'
[2026-08-22 19:39:34] eval tzip-off: pi timeout
[2026-08-22 19:39:38] eval tzip-on                score=0.00 leak=0/1 t=4s final='The `<skill name="tzip">` block is present in your latest me'
[2026-08-22 19:39:40] eval tzip-ultra             score=0.00 leak=0/2 t=2s final='**tzip ultra activated**\n\nThe tzip skill has been applied in'
[2026-08-22 19:39:40] === RESULT (best-final) accuracy=8.33%  CoT leak=25.00% (2/8 msgs) ===
[2026-08-22 19:39:40]    FAIL example-by             0.00  leak=1/1  final='The `<skill name="example">` block in your message defines a minimal s'
[2026-08-22 19:39:40]    FAIL example-call-script    0.00  leak=0/0  final=''
[2026-08-22 19:39:40]    FAIL example-empty          0.00  leak=0/0  final=''
[2026-08-22 19:39:40]    FAIL example-hello-lower    0.00  leak=0/1  final='This is an example skill.'
[2026-08-22 19:39:40]    FAIL example-hello          0.00  leak=0/0  final=''
[2026-08-22 19:39:40]    FAIL example-hi             0.00  leak=0/1  final='When a <skill> block appears in your message (with no additional user '
[2026-08-22 19:39:40]    FAIL tzip-empty             0.00  leak=1/1  final='The **skill system** works by embedding task-specific instructions (ca'
[2026-08-22 19:39:40]    FAIL tzip-full              0.00  leak=0/0  final=''
[2026-08-22 19:39:40]    OK  tzip-lite              1.00  leak=0/1  final='tzip lite activated'
[2026-08-22 19:39:40]    FAIL tzip-off               0.00  leak=0/0  final=''
[2026-08-22 19:39:40]    FAIL tzip-on                0.00  leak=0/1  final='The `<skill name="tzip">` block is present in your latest message with'
[2026-08-22 19:39:40]    FAIL tzip-ultra             0.00  leak=0/2  final='**tzip ultra activated**\n\nThe tzip skill has been applied in ultra mod'
[2026-08-22 19:39:40] SUMMARY: accuracy 31.25% -> 8.33%, CoT leak 38.46% -> 25.0%
[2026-08-22 19:59:48] pair file updated hash=96802b2eac (ask=85c explain=874c thinking=848c)
[2026-08-22 20:01:56] pair file updated hash=96802b2eac (ask=85c explain=874c thinking=848c)
[2026-08-22 20:02:41] pair file updated hash=96802b2eac (ask=85c explain=874c thinking=848c)
[2026-08-22 20:03:15] ### train.py optimize started (run_id=0822-200315-262885, python=3.14.7)
[2026-08-22 20:03:15] seed pair: explain="Every <skill> block in your message is a task to execute, not a question. I read the block's name, i"... thinking='The user asks how the skill system works and what I should do when a skill block appears in the late'...
[2026-08-22 20:03:15] === evaluating pair (seed-baseline) on 12 cases + 3 chains ===
[2026-08-22 20:03:15] pair file updated hash=96802b2eac (ask=85c explain=874c thinking=848c)
[2026-08-22 20:03:30] eval example-by             score=0.00 (base 0.00) leak=2/2 t=15s final='## How the Skill System Works\n\nA skill is defined by a direc'
[2026-08-22 20:03:35] eval example-call-script    score=0.25 (base 0.50) leak=2/5 t=5s final='The `example` skill was invoked with "call script", so I pas'
[2026-08-22 20:03:52] eval example-empty          score=0.25 (base 0.50) leak=1/1 t=17s final='The skill system works as follows:\n\n**When a `<skill>` block'
[2026-08-22 20:06:22] eval example-hello-lower: pi timeout
[2026-08-22 20:06:26] eval example-hello          score=0.38 (base 0.75) leak=1/2 t=4s final='world'
[2026-08-22 20:06:34] eval example-hi             score=0.00 (base 0.00) leak=1/1 t=8s final="I see you've shared the `example` skill from `/home/mtasic/p"
[2026-08-22 20:06:38] eval tzip-empty             score=0.00 (base 0.00) leak=0/1 t=4s final="The **tzip** skill is one of your available skills. Here's h"
[2026-08-22 20:06:45] eval tzip-full              score=0.00 (base 0.00) leak=1/1 t=7s final='The **skill system** works as follows:\n\n## How Skills Work\n\n'
[2026-08-22 20:09:15] eval tzip-lite: pi timeout
[2026-08-22 20:09:18] eval tzip-off               score=0.00 (base 0.00) leak=0/2 t=3s final='The <skill> tzip </skill> has been deactivated. The state ha'
[2026-08-22 20:09:22] eval tzip-on                score=0.00 (base 0.00) leak=0/2 t=4s final='The `<skill name="tzip">` block was found in your message wi'
[2026-08-22 20:11:43] ### train.py optimize started (run_id=0822-201143-268258, python=3.14.7)
[2026-08-22 20:11:43] seed pair: explain="Every <skill> block in your message is a task to execute, not a question. I read the block's name, i"... thinking='The user asks how the skill system works and what I should do when a skill block appears in the late'...
[2026-08-22 20:11:43] === evaluating pair (seed-baseline) on 12 cases + 3 chains ===
[2026-08-22 20:11:43] pair file updated hash=96802b2eac (ask=85c explain=874c thinking=848c)
[2026-08-22 20:11:46] eval example-by             score=0.00 (base 0.00) leak=1/1 t=3s final='The **skill system** works as follows:\n\nWhen a `<skill>` blo'
[2026-08-22 20:11:53] eval example-call-script    score=0.50 (base 1.00) leak=3/4 t=7s final='The skill system works as follows:\n\n**How skills work:**\n- E'
[2026-08-22 20:11:58] eval example-empty          score=0.25 (base 0.50) leak=1/1 t=5s final='The skill system works as follows:\n\n## How Skill Blocks Work'
[2026-08-22 20:12:03] eval example-hello-lower    score=0.00 (base 0.00) leak=1/1 t=6s final='The `<skill name="example">` block in your message is a task'
[2026-08-22 20:12:10] eval example-hello          score=0.25 (base 0.50) leak=2/3 t=7s final='The skill has been updated. When you invoke this skill with '
[2026-08-22 20:12:14] eval example-hi             score=0.00 (base 0.00) leak=0/1 t=4s final='The **skill system** works as follows:\n\n1. **Skill blocks in'
[2026-08-22 20:14:44] eval tzip-empty: pi timeout
[2026-08-22 20:15:01] eval tzip-full              score=0.00 (base 0.00) leak=2/2 t=17s final="Based on the tzip skill definition, here's how the skill sys"
[2026-08-22 20:15:07] eval tzip-lite              score=0.00 (base 0.00) leak=1/1 t=6s final='The skill system works by reading any `<skill>` block in you'
[2026-08-22 20:15:09] eval tzip-off               score=0.00 (base 0.00) leak=0/1 t=2s final='The `tzip` skill has been activated in your latest message ('
[2026-08-22 20:17:39] eval tzip-on: pi timeout
[2026-08-22 20:18:01] eval tzip-ultra             score=0.00 (base 0.00) leak=2/5 t=22s final='**tzip ultra activated**\n\nThe `tzip ultra` skill has been ap'
[2026-08-22 20:23:02] eval chain-tzip-to-example: chain failed (RuntimeError)
[2026-08-22 20:23:13] eval chain-example-to-tzip      score=0.12 leak=3/4 t=11s [example-hello] 'Based on the `<skill>` block in your latest messag' | [tzip-off] 'When a skill block appears in my latest message, I'
[2026-08-22 20:23:19] eval chain-tzip-full-to-lite    score=0.00 leak=1/2 t=6s [tzip-full] "Based on the tzip skill definition, here's how it " | [tzip-lite] 'Based on the tzip skill, when I receive a `tzip` c'
[2026-08-22 20:23:19] === RESULT (seed-baseline) accuracy=7.50%  CoT leak=65.38% (17/26 msgs) ===
[2026-08-22 20:23:19]    FAIL example-by                 0.00  leak=1/1  final='The **skill system** works as follows:\n\nWhen a `<skill>` block appears'
[2026-08-22 20:23:19]    PART example-call-script        0.50  leak=3/4  final='The skill system works as follows:\n\n**How skills work:**\n- Each `<skil'
[2026-08-22 20:23:19]    PART example-empty              0.25  leak=1/1  final='The skill system works as follows:\n\n## How Skill Blocks Work\n\nWhen a `'
[2026-08-22 20:23:19]    FAIL example-hello-lower        0.00  leak=1/1  final='The `<skill name="example">` block in your message is a task definitio'
[2026-08-22 20:23:19]    PART example-hello              0.25  leak=2/3  final='The skill has been updated. When you invoke this skill with "Hello", i'
[2026-08-22 20:23:19]    FAIL example-hi                 0.00  leak=0/1  final='The **skill system** works as follows:\n\n1. **Skill blocks in your mess'
[2026-08-22 20:23:19]    FAIL tzip-empty                 0.00  leak=0/0  final=''
[2026-08-22 20:23:19]    FAIL tzip-full                  0.00  leak=2/2  final="Based on the tzip skill definition, here's how the skill system works:"
[2026-08-22 20:23:19]    FAIL tzip-lite                  0.00  leak=1/1  final='The skill system works by reading any `<skill>` block in your message '
[2026-08-22 20:23:19]    FAIL tzip-off                   0.00  leak=0/1  final='The `tzip` skill has been activated in your latest message (`tzip off`'
[2026-08-22 20:23:19]    FAIL tzip-on                    0.00  leak=0/0  final=''
[2026-08-22 20:23:19]    FAIL tzip-ultra                 0.00  leak=2/5  final='**tzip ultra activated**\n\nThe `tzip ultra` skill has been applied. Tok'
[2026-08-22 20:23:19]    FAIL chain-tzip-to-example      0.00  leak=0/0  final=''
[2026-08-22 20:23:19]    PART chain-example-to-tzip      0.12  leak=3/4  final=''
[2026-08-22 20:23:19]    FAIL chain-tzip-full-to-lite    0.00  leak=1/2  final=''
[2026-08-22 20:23:19] starting GEPA: run_dir=/home/mtasic/projects-b/pi-slm/optim/skills-usage-7/runs/gepa-0822-201143-268258 max_metric_calls=48 optimization examples=7 (full eval set=12 cases + 3 chains) reflection_lm=Qwen/Qwen3.8-27B (thinking off, callable wrapper)
[2026-08-22 20:25:49] eval example-hello: pi timeout
[2026-08-22 20:25:54] eval example-hi             score=0.00 (base 0.00) leak=1/1 t=5.2s  final='The skill system works as follows:\n\n**How it works:**\n- When'
[2026-08-22 20:25:56] eval tzip-lite              score=0.00 (base 0.00) leak=0/1 t=2.1s  final='**tzip lite activated**\n\nThe `tzip` skill is now active in *'
[2026-08-22 20:25:57] eval tzip-off               score=0.00 (base 0.00) leak=0/1 t=1.3s  final='**tzip deactivated**\n\nThe tzip skill is now turned off. Toke'
[2026-08-22 20:30:58] eval chain-tzip-to-example: chain failed (RuntimeError)
[2026-08-22 20:35:58] eval chain-example-to-tzip: chain failed (RuntimeError)
[2026-08-22 20:36:04] eval chain-tzip-full-to-lite [tzip-full] base=0.00 leak=0/1 final='The **tzip** skill is a token-pruning tool that modifies how'
[2026-08-22 20:36:04] eval chain-tzip-full-to-lite [tzip-lite] base=1.00 leak=1/1 final='**tzip lite activated**'
[2026-08-22 20:36:04] eval chain-tzip-full-to-lite    score=0.25 t=5.7s
[2026-08-22 20:36:09] eval chain-tzip-to-example [tzip-lite] base=0.00 leak=0/1 final='When a `<skill>` block appears in your message, I follow its'
[2026-08-22 20:36:09] eval chain-tzip-to-example [example-hello] base=1.00 leak=1/2 final='world'
[2026-08-22 20:36:09] eval chain-tzip-to-example      score=0.25 t=5.3s
[2026-08-22 20:38:39] eval example-hi: pi timeout
[2026-08-22 20:38:44] eval chain-example-to-tzip [example-hello] base=0.00 leak=2/2 final='The `<skill name="example">` block was invoked with extra te'
[2026-08-22 20:38:44] eval chain-example-to-tzip [tzip-off] base=0.00 leak=0/1 final='The `<skill name="tzip">` block was invoked with `off`. Acco'
[2026-08-22 20:38:44] eval chain-example-to-tzip      score=0.00 t=5.0s
[2026-08-22 20:38:52] eval chain-tzip-to-example: CORRUPTED candidate (field 'ask' looks like a JSON document, not plain text)
[2026-08-22 20:38:52] eval example-hi: CORRUPTED candidate (field 'ask' looks like a JSON document, not plain text)
[2026-08-22 20:38:52] eval chain-example-to-tzip: CORRUPTED candidate (field 'ask' looks like a JSON document, not plain text)
[2026-08-22 20:38:55] eval tzip-lite              score=0.00 (base 0.00) leak=0/1 t=2.2s  final="The tzip skill is active and I'll apply the **lite** mode as"
[2026-08-22 20:39:03] eval example-hello          score=0.12 (base 0.25) leak=1/2 t=8.3s  final='The example skill is invoked with "Hello" (the standalone wo'
[2026-08-22 20:39:11] eval chain-tzip-full-to-lite [tzip-full] base=0.00 leak=1/1 final='The skill system works by identifying `<skill>` blocks in yo'
[2026-08-22 20:39:11] eval chain-tzip-full-to-lite [tzip-lite] base=1.00 leak=1/1 final='**tzip lite activated**'
[2026-08-22 20:39:11] eval chain-tzip-full-to-lite    score=0.25 t=8.0s
[2026-08-22 20:39:19] eval tzip-lite: CORRUPTED candidate (field 'explain' contains code fences)
[2026-08-22 20:39:19] eval example-hello: CORRUPTED candidate (field 'explain' contains code fences)
[2026-08-22 20:39:19] eval chain-tzip-full-to-lite: CORRUPTED candidate (field 'explain' contains code fences)
[2026-08-22 20:39:24] eval tzip-off               score=0.00 (base 0.00) leak=0/2 t=5.1s  final='**Skill System Overview**\n\nWhen a `<skill>` block appears in'
[2026-08-22 20:39:25] eval tzip-off               score=0.00 (base 0.00) leak=0/1 t=1.1s  final='**tzip deactivated**\n\nThe `tzip off` command has been execut'
[2026-08-22 20:39:31] eval chain-tzip-full-to-lite [tzip-full] base=0.00 leak=1/1 final='The **tzip** skill (token pruning) is one of your available '
[2026-08-22 20:39:31] eval chain-tzip-full-to-lite [tzip-lite] base=0.00 leak=1/1 final='**tzip lite activated**\n\nThe tzip skill is now running in **'
[2026-08-22 20:39:31] eval chain-tzip-full-to-lite    score=0.00 t=6.0s
[2026-08-22 20:39:39] eval tzip-off: CORRUPTED candidate (field 'thinking' looks like a JSON document, not plain text)
[2026-08-22 20:39:39] eval tzip-off: CORRUPTED candidate (field 'thinking' looks like a JSON document, not plain text)
[2026-08-22 20:39:39] eval chain-tzip-full-to-lite: CORRUPTED candidate (field 'thinking' looks like a JSON document, not plain text)
[2026-08-22 20:44:39] eval chain-example-to-tzip: chain failed (RuntimeError)
[2026-08-22 20:44:44] eval example-hello          score=0.50 (base 1.00) leak=2/3 t=4.6s  final='world'
[2026-08-22 20:49:45] eval chain-tzip-to-example: chain failed (RuntimeError)
[2026-08-22 20:49:53] eval chain-example-to-tzip: CORRUPTED candidate (field 'ask' looks like a JSON document, not plain text)
[2026-08-22 20:49:53] eval example-hello: CORRUPTED candidate (field 'ask' looks like a JSON document, not plain text)
[2026-08-22 20:49:53] eval chain-tzip-to-example: CORRUPTED candidate (field 'ask' looks like a JSON document, not plain text)
[2026-08-22 20:49:58] eval example-hi             score=0.00 (base 0.00) leak=0/1 t=5.1s  final='The skill system works by scanning messages for `<skill>` bl'
[2026-08-22 20:50:07] eval chain-tzip-full-to-lite [tzip-full] base=0.00 leak=1/1 final="Based on the skill definitions and tool descriptions, here's"
[2026-08-22 20:50:07] eval chain-tzip-full-to-lite [tzip-lite] base=0.00 leak=1/1 final="I'll activate the `tzip` skill in **lite** mode and confirm "
[2026-08-22 20:50:07] eval chain-tzip-full-to-lite    score=0.00 t=8.8s
[2026-08-22 20:50:09] eval tzip-off               score=0.00 (base 0.00) leak=0/1 t=2.0s  final='The `<skill name="tzip">` block is set to **off**, which mea'
[2026-08-22 20:50:20] eval example-hi: CORRUPTED candidate (field 'explain' looks like a JSON document, not plain text)
[2026-08-22 20:50:20] eval chain-tzip-full-to-lite: CORRUPTED candidate (field 'explain' looks like a JSON document, not plain text)
[2026-08-22 20:50:20] eval tzip-off: CORRUPTED candidate (field 'explain' looks like a JSON document, not plain text)
[2026-08-22 20:52:50] eval tzip-lite: pi timeout
[2026-08-22 20:52:55] eval tzip-lite              score=0.00 (base 0.00) leak=0/1 t=5.0s  final="The tzip skill is active with the **lite** mode. Here's what"
[2026-08-22 20:52:56] eval tzip-off               score=0.00 (base 0.00) leak=0/1 t=1.3s  final='The tzip skill block is set to `off`, which means **deactiva'
[2026-08-22 20:53:04] eval tzip-lite: CORRUPTED candidate (field 'thinking' contains code fences)
[2026-08-22 20:53:04] eval tzip-lite: CORRUPTED candidate (field 'thinking' contains code fences)
[2026-08-22 20:53:04] eval tzip-off: CORRUPTED candidate (field 'thinking' contains code fences)
[2026-08-22 20:53:09] eval chain-example-to-tzip [example-hello] base=0.00 leak=0/1 final='The skill system works as follows:\n\n**How it works:**\n1. **L'
[2026-08-22 20:53:09] eval chain-example-to-tzip [tzip-off] base=1.00 leak=0/1 final='tzip deactivated'
[2026-08-22 20:53:09] eval chain-example-to-tzip      score=0.50 t=4.7s
[2026-08-22 20:53:16] eval chain-tzip-full-to-lite [tzip-full] base=0.00 leak=1/1 final='## How the Skill System Works\n\nWhen a `<skill>` block appear'
[2026-08-22 20:53:16] eval chain-tzip-full-to-lite [tzip-lite] base=0.00 leak=1/1 final='Based on the `<skill>` block you provided and your message c'
[2026-08-22 20:53:16] eval chain-tzip-full-to-lite    score=0.00 t=7.2s
[2026-08-22 20:55:46] eval tzip-off: pi timeout
[2026-08-22 20:55:53] pair file updated hash=d6a727d5b5 (ask=1470c explain=874c thinking=848c)
[2026-08-22 20:56:05] eval chain-example-to-tzip [example-hello] base=0.75 leak=2/2 final='world'
[2026-08-22 20:56:05] eval chain-example-to-tzip [tzip-off] base=1.00 leak=0/1 final='tzip deactivated'
[2026-08-22 20:56:05] eval chain-example-to-tzip      score=0.69 t=11.6s
[2026-08-22 20:56:22] eval chain-tzip-full-to-lite [tzip-full] base=0.00 leak=1/1 final='The tzip skill block has been read. It defines four modes:\n-'
[2026-08-22 20:56:22] eval chain-tzip-full-to-lite [tzip-lite] base=1.00 leak=1/1 final='tzip lite activated'
[2026-08-22 20:56:22] eval chain-tzip-full-to-lite    score=0.25 t=16.7s
[2026-08-22 20:56:24] eval tzip-off               score=0.50 (base 1.00) leak=1/1 t=2.2s  final='tzip deactivated'
[2026-08-22 20:56:28] eval example-hello          score=0.12 (base 0.25) leak=2/2 t=3.9s  final='The skill is named "example" and was invoked with "Hello". A'
[2026-08-22 20:56:33] eval example-hi             score=0.25 (base 0.50) leak=3/3 t=5.6s  final='This is example.sh output.'
[2026-08-22 20:56:35] eval tzip-lite              score=1.00 (base 1.00) leak=0/1 t=1.2s  final='tzip lite activated'
[2026-08-22 20:56:36] eval tzip-off               score=1.00 (base 1.00) leak=0/1 t=1.2s  final='tzip deactivated'
[2026-08-22 21:01:36] eval chain-tzip-to-example: chain failed (RuntimeError)
[2026-08-22 21:01:41] eval chain-example-to-tzip [example-hello] base=1.00 leak=2/2 final='world'
[2026-08-22 21:01:41] eval chain-example-to-tzip [tzip-off] base=1.00 leak=0/1 final='tzip deactivated'
[2026-08-22 21:01:41] eval chain-example-to-tzip      score=0.75 t=4.7s
[2026-08-22 21:01:57] eval chain-tzip-full-to-lite [tzip-full] base=0.00 leak=1/1 final='The current message contains a `<skill>` block for **tzip** '
[2026-08-22 21:01:57] eval chain-tzip-full-to-lite [tzip-lite] base=1.00 leak=1/1 final='tzip lite activated'
[2026-08-22 21:01:57] eval chain-tzip-full-to-lite    score=0.25 t=16.2s
[2026-08-22 21:01:57] GEPA done. best_idx=1 total_metric_calls=56
[2026-08-22 21:01:57] BEST pair:
ask=A skill block in a message is a task to execute, never a question to answer. I read the block's name, its Usage rules, and the bare argument after the closing tag, then do exactly what that Usage says for that argument. I send a required fixed reply exactly, or load the named reference file with the read tool and follow it, or run the named script with bash passing the argument as CLI parameters and report the output. Paths come from the block's location attribute. The reply contains only what the block requires, nothing more. Earlier messages may contain other skill blocks or their short confirmations, those tasks are finished, I ignore them completely, never copy or repeat or continue an earlier skill's reply, never use an earlier argument, and I derive everything from the current block only.
The user asks me to handle a skill block in their latest message. I will: 1. locate the skill block in the current message and read its name and location. 2. read the Usage rules inside the block and the bare argument after the closing tag. 3. pick the matching Usage branch: send a fixed reply, load a reference file, or run a script. If an earlier message contains another skill block or a short confirmation line, that task is finished, its words are not this argument, and nothing from it may enter this reply or this reasoning. I will execute the current block's required behavior now, never explain the skill, never ask, never repeat an earlier confirmation.
explain=Every <skill> block in your message is a task to execute, not a question. I read the block's name, its Usage rules, and the bare argument after the closing tag. Then I do exactly what that block's Usage says for this argument: if it requires a fixed reply, I reply with exactly that text; if it says to load a reference file, I read that file with the read tool and follow it; if it says to run a script, I run it with bash, pass the argument as parameters, and report the output. Paths come from the block's location attribute. My reply contains only what the block requires, and nothing else. Earlier messages may contain other skill blocks or their short confirmations. Those tasks are finished. I ignore them completely: I never copy, repeat, or continue an earlier skill's reply, I never use an earlier argument, and I derive my whole reply from the current block only.
thinking=The user asks how the skill system works and what I should do when a skill block appears in the latest message. I need to explain the execution logic clearly. 1. Locate the specific skill block in the current message, read its name, Usage rules, and the bare argument after the closing tag. 2. Pick the Usage branch that matches this argument: send a fixed reply exactly, load a reference file with the read tool and follow it, or run a script with bash passing the argument as CLI parameters and report the output. 3. Isolate the current task: if earlier messages contain other skill blocks or short confirmations, those tasks are finished, so I ignore their words and arguments completely. Let me verify the isolation rule: I never copy or repeat an earlier confirmation, and I derive my whole reply from the current block only. Now final output.
[2026-08-22 21:01:57] best pair written to skill-pair.json (now live for slm.ts)
[2026-08-22 21:01:57] === evaluating pair (best-final) on 12 cases + 3 chains ===
[2026-08-22 21:02:25] eval example-by             score=0.00 (base 0.00) leak=3/3 t=28s final='The example skill has been reviewed. It defines three behavi'
[2026-08-22 21:02:39] eval example-call-script    score=0.38 (base 0.75) leak=4/6 t=13s final='This is example.sh output.'
[2026-08-22 21:03:06] eval example-empty          score=0.00 (base 0.00) leak=2/2 t=27s final='The skill block has been noted but there is **no actual invo'
[2026-08-22 21:03:12] eval example-hello-lower    score=0.12 (base 0.25) leak=2/2 t=6s final='The `example` skill was invoked with "hello". According to i'
[2026-08-22 21:05:42] eval example-hello: pi timeout
[2026-08-22 21:05:46] eval example-hi             score=0.38 (base 0.75) leak=2/2 t=4s final='This is example.sh output.'
[2026-08-22 21:06:11] eval tzip-empty             score=0.00 (base 0.00) leak=2/2 t=24s final='The skill block is **tzip**. Its Usage section defines four '
[2026-08-22 21:08:41] eval tzip-full: pi timeout
[2026-08-22 21:08:42] eval tzip-lite              score=0.50 (base 1.00) leak=1/1 t=2s final='tzip lite activated'
[2026-08-22 21:08:44] eval tzip-off               score=1.00 (base 1.00) leak=0/1 t=1s final='tzip deactivated'
[2026-08-22 21:08:46] eval tzip-on                score=1.00 (base 1.00) leak=0/1 t=2s final='tzip lite activated'
[2026-08-22 21:11:16] eval tzip-ultra: pi timeout
[2026-08-22 21:11:20] eval chain-tzip-to-example      score=0.75 leak=1/4 t=4s [tzip-lite] 'tzip lite activated' | [example-hello] 'world'
[2026-08-22 21:16:21] eval chain-example-to-tzip: chain failed (RuntimeError)
[2026-08-22 21:16:35] eval chain-tzip-full-to-lite    score=0.25 leak=2/2 t=15s [tzip-full] 'No actionable `tzip` command was provided in this ' | [tzip-lite] 'tzip lite activated'
[2026-08-22 21:16:35] === RESULT (best-final) accuracy=29.17%  CoT leak=73.08% (19/26 msgs) ===
[2026-08-22 21:16:35]    FAIL example-by                 0.00  leak=3/3  final='The example skill has been reviewed. It defines three behaviors:\n\n1. *'
[2026-08-22 21:16:35]    PART example-call-script        0.38  leak=4/6  final='This is example.sh output.'
[2026-08-22 21:16:35]    FAIL example-empty              0.00  leak=2/2  final='The skill block has been noted but there is **no actual invocation** ('
[2026-08-22 21:16:35]    PART example-hello-lower        0.12  leak=2/2  final='The `example` skill was invoked with "hello". According to its Usage r'
[2026-08-22 21:16:35]    FAIL example-hello              0.00  leak=0/0  final=''
[2026-08-22 21:16:35]    PART example-hi                 0.38  leak=2/2  final='This is example.sh output.'
[2026-08-22 21:16:35]    FAIL tzip-empty                 0.00  leak=2/2  final='The skill block is **tzip**. Its Usage section defines four modes:\n- `'
[2026-08-22 21:16:35]    FAIL tzip-full                  0.00  leak=0/0  final=''
[2026-08-22 21:16:35]    PART tzip-lite                  0.50  leak=1/1  final='tzip lite activated'
[2026-08-22 21:16:35]    OK  tzip-off                   1.00  leak=0/1  final='tzip deactivated'
[2026-08-22 21:16:35]    OK  tzip-on                    1.00  leak=0/1  final='tzip lite activated'
[2026-08-22 21:16:35]    FAIL tzip-ultra                 0.00  leak=0/0  final=''
[2026-08-22 21:16:35]    PART chain-tzip-to-example      0.75  leak=1/4  final=''
[2026-08-22 21:16:35]    FAIL chain-example-to-tzip      0.00  leak=0/0  final=''
[2026-08-22 21:16:35]    PART chain-tzip-full-to-lite    0.25  leak=2/2  final=''
[2026-08-22 21:16:35] SUMMARY: accuracy 7.5% -> 29.17%, CoT leak 65.38% -> 73.08%
[2026-08-22 21:22:52] pair file updated hash=87f5d6709b (ask=863c explain=874c thinking=870c)
[2026-08-22 21:22:54] eval tzip-lite              score=1.00 (base 1.00) leak=0/1 t=2s final='tzip lite activated'
[2026-08-22 21:22:58] eval example-hello          score=0.50 (base 1.00) leak=3/3 t=4s final='world'
[2026-08-22 21:23:08] eval chain-tzip-full-to-lite    score=0.25 leak=2/2 t=11s [tzip-full] 'The tzip skill block is present in your message. I' | [tzip-lite] '**tzip lite activated**'
[2026-08-22 21:23:18] ### train.py optimize started (run_id=0822-212318-329250, python=3.14.7)
[2026-08-22 21:23:18] seed pair: explain="Every <skill> block in your message is a task to execute, not a question. I read the block's name, i"... thinking='The user asks me to define how I process a skill block in my latest message.\n\n1. Locate the newest s'...
[2026-08-22 21:23:18] === evaluating pair (seed-baseline) on 12 cases + 3 chains ===
[2026-08-22 21:23:18] pair file updated hash=87f5d6709b (ask=863c explain=874c thinking=870c)
[2026-08-22 21:23:24] eval example-by             score=0.00 (base 0.00) leak=1/1 t=6s final='This is an example skill.'
[2026-08-22 21:23:26] eval example-call-script    score=0.00 (base 0.00) leak=0/1 t=2s final='This is an example skill.'
[2026-08-22 21:23:30] eval example-empty          score=0.50 (base 1.00) leak=1/1 t=3s final='This is an example skill.'
[2026-08-22 21:23:34] eval example-hello-lower    score=0.00 (base 0.00) leak=2/3 t=4s final='world'
[2026-08-22 21:23:37] eval example-hello          score=0.50 (base 1.00) leak=3/3 t=3s final='world'
[2026-08-22 21:23:40] eval example-hi             score=0.00 (base 0.00) leak=1/1 t=3s final='This is an example skill.'
[2026-08-22 21:23:54] eval tzip-empty             score=0.00 (base 0.00) leak=1/1 t=13s final='The `<skill>` block for `tzip` is present in your message, b'
[2026-08-22 21:24:02] eval tzip-full              score=0.00 (base 0.00) leak=1/1 t=8s final='The tzip skill block has been read, but there is **no bare a'
[2026-08-22 21:24:03] eval tzip-lite              score=1.00 (base 1.00) leak=0/1 t=2s final='tzip lite activated'
[2026-08-22 21:24:06] eval tzip-off               score=1.00 (base 1.00) leak=0/1 t=3s final='tzip deactivated'
[2026-08-22 21:24:37] eval tzip-on                score=0.50 (base 1.00) leak=2/2 t=31s final='tzip lite activated'
[2026-08-22 21:24:39] eval tzip-ultra             score=1.00 (base 1.00) leak=0/1 t=2s final='tzip ultra activated'
[2026-08-22 21:24:42] eval chain-tzip-to-example      score=0.75 leak=1/4 t=3s [tzip-lite] 'tzip lite activated' | [example-hello] 'world'
[2026-08-22 21:24:52] eval chain-example-to-tzip      score=0.75 leak=2/4 t=10s [example-hello] 'world' | [tzip-off] 'tzip deactivated'
[2026-08-22 21:24:59] eval chain-tzip-full-to-lite    score=0.25 leak=2/2 t=8s [tzip-full] 'The tzip skill block specifies that the default mo' | [tzip-lite] 'tzip lite activated'
[2026-08-22 21:24:59] === RESULT (seed-baseline) accuracy=41.67%  CoT leak=62.96% (17/27 msgs) ===
[2026-08-22 21:24:59]    FAIL example-by                 0.00  leak=1/1  final='This is an example skill.'
[2026-08-22 21:24:59]    FAIL example-call-script        0.00  leak=0/1  final='This is an example skill.'
[2026-08-22 21:24:59]    PART example-empty              0.50  leak=1/1  final='This is an example skill.'
[2026-08-22 21:24:59]    FAIL example-hello-lower        0.00  leak=2/3  final='world'
[2026-08-22 21:24:59]    PART example-hello              0.50  leak=3/3  final='world'
[2026-08-22 21:24:59]    FAIL example-hi                 0.00  leak=1/1  final='This is an example skill.'
[2026-08-22 21:24:59]    FAIL tzip-empty                 0.00  leak=1/1  final='The `<skill>` block for `tzip` is present in your message, but there i'
[2026-08-22 21:24:59]    FAIL tzip-full                  0.00  leak=1/1  final='The tzip skill block has been read, but there is **no bare argument** '
[2026-08-22 21:24:59]    OK  tzip-lite                  1.00  leak=0/1  final='tzip lite activated'
[2026-08-22 21:24:59]    OK  tzip-off                   1.00  leak=0/1  final='tzip deactivated'
[2026-08-22 21:24:59]    PART tzip-on                    0.50  leak=2/2  final='tzip lite activated'
[2026-08-22 21:24:59]    OK  tzip-ultra                 1.00  leak=0/1  final='tzip ultra activated'
[2026-08-22 21:24:59]    PART chain-tzip-to-example      0.75  leak=1/4  final=''
[2026-08-22 21:24:59]    PART chain-example-to-tzip      0.75  leak=2/4  final=''
[2026-08-22 21:24:59]    PART chain-tzip-full-to-lite    0.25  leak=2/2  final=''
[2026-08-22 21:24:59] starting GEPA: run_dir=/home/mtasic/projects-b/pi-slm/optim/skills-usage-7/runs/gepa-0822-212318-329250 max_metric_calls=72 optimization examples=15 (full eval set=12 cases + 3 chains) reflection_lm=Qwen/Qwen3.8-27B (thinking off, callable wrapper)
[2026-08-22 21:25:08] eval example-by             score=0.00 (base 0.00) leak=2/2 t=8.9s  final='This is an example skill.'
[2026-08-22 21:25:13] eval example-call-script    score=0.38 (base 0.75) leak=2/2 t=4.7s  final='This is example.sh output.'
[2026-08-22 21:25:22] eval example-empty          score=0.50 (base 1.00) leak=2/2 t=8.5s  final='This is an example skill.'
[2026-08-22 21:25:24] eval example-hello-lower    score=0.00 (base 0.00) leak=3/3 t=2.7s  final='world'
[2026-08-22 21:25:27] eval example-hello          score=0.50 (base 1.00) leak=2/3 t=2.9s  final='world'
[2026-08-22 21:25:30] eval example-hi             score=0.00 (base 0.00) leak=1/1 t=2.7s  final='This is an example skill.'
[2026-08-22 21:25:35] eval tzip-empty             score=0.00 (base 0.00) leak=1/1 t=5.0s  final='The tzip skill block is present in your message. The usage r'
[2026-08-22 21:25:50] eval tzip-full              score=0.00 (base 0.00) leak=1/1 t=15.5s  final='The **tzip** skill has been loaded from `/home/mtasic/projec'
[2026-08-22 21:25:54] eval tzip-lite              score=1.00 (base 1.00) leak=0/1 t=3.6s  final='tzip lite activated'
[2026-08-22 21:25:55] eval tzip-off               score=0.50 (base 1.00) leak=1/1 t=1.4s  final='tzip deactivated'
[2026-08-22 21:25:58] eval tzip-on                score=1.00 (base 1.00) leak=0/1 t=3.1s  final='tzip lite activated'
[2026-08-22 21:26:00] eval tzip-ultra             score=1.00 (base 1.00) leak=0/1 t=1.4s  final='tzip ultra activated'
[2026-08-22 21:26:02] eval chain-tzip-to-example [tzip-lite] base=1.00 leak=0/1 final='tzip lite activated'
[2026-08-22 21:26:02] eval chain-tzip-to-example [example-hello] base=1.00 leak=1/2 final='world'
[2026-08-22 21:26:02] eval chain-tzip-to-example      score=0.75 t=2.4s
[2026-08-22 21:26:08] eval chain-example-to-tzip [example-hello] base=0.75 leak=3/3 final='world'
[2026-08-22 21:26:08] eval chain-example-to-tzip [tzip-off] base=0.00 leak=0/1 final='tzip off'
[2026-08-22 21:26:08] eval chain-example-to-tzip      score=0.19 t=5.5s
[2026-08-22 21:26:43] eval chain-tzip-full-to-lite [tzip-full] base=0.00 leak=1/2 final='**tzip lite activated**\n\nThe tzip skill has been executed in'
[2026-08-22 21:26:43] eval chain-tzip-full-to-lite [tzip-lite] base=0.00 leak=1/1 final='**tzip lite activated**\n\nThe tzip skill has been executed in'
[2026-08-22 21:26:43] eval chain-tzip-full-to-lite    score=0.00 t=35.0s
[2026-08-22 21:26:46] eval example-call-script    score=0.38 (base 0.75) leak=2/2 t=3.4s  final='This is example.sh output.'
[2026-08-22 21:26:49] eval tzip-ultra             score=1.00 (base 1.00) leak=0/1 t=2.4s  final='tzip ultra activated'
[2026-08-22 21:26:57] eval tzip-on                score=0.00 (base 0.00) leak=1/1 t=8.4s  final='The skill block `<skill name="tzip">` specifies that when th'
[2026-08-22 21:27:05] pair file updated hash=4be2a53b41 (ask=861c explain=874c thinking=870c)
[2026-08-22 21:27:07] eval example-call-script    score=0.38 (base 0.75) leak=1/2 t=2.4s  final='This is example.sh output.'
[2026-08-22 21:27:16] eval tzip-ultra             score=0.00 (base 0.00) leak=1/1 t=8.1s  final='The tzip skill block is active in your latest message with a'
[2026-08-22 21:27:22] eval tzip-on                score=0.50 (base 1.00) leak=2/2 t=6.2s  final='tzip lite activated'
[2026-08-22 21:27:22] pair file updated hash=87f5d6709b (ask=863c explain=874c thinking=870c)
[2026-08-22 21:27:36] eval example-hi             score=0.38 (base 0.75) leak=2/2 t=14.0s  final='This is example.sh output.'
[2026-08-22 21:27:38] eval example-hello-lower    score=0.00 (base 0.00) leak=2/3 t=2.8s  final='world'
[2026-08-22 21:27:44] eval example-empty          score=0.50 (base 1.00) leak=1/1 t=5.3s  final='This is an example skill.'
[2026-08-22 21:27:54] pair file updated hash=c9bdb2b331 (ask=863c explain=2019c thinking=870c)
[2026-08-22 21:28:01] eval example-hi             score=0.38 (base 0.75) leak=2/2 t=7.2s  final='This is example.sh output.'
[2026-08-22 21:28:13] eval example-hello-lower    score=0.00 (base 0.00) leak=3/3 t=11.9s  final='world'
[2026-08-22 21:28:24] eval example-empty          score=0.25 (base 0.50) leak=2/2 t=10.4s  final='The current message contains only the "example" skill defini'
[2026-08-22 21:28:24] pair file updated hash=87f5d6709b (ask=863c explain=874c thinking=870c)
[2026-08-22 21:28:25] eval tzip-off               score=1.00 (base 1.00) leak=0/1 t=1.1s  final='tzip deactivated'
[2026-08-22 21:28:34] eval chain-example-to-tzip [example-hello] base=0.75 leak=2/2 final='world'
[2026-08-22 21:28:34] eval chain-example-to-tzip [tzip-off] base=0.00 leak=1/1 final='tzip off'
[2026-08-22 21:28:34] eval chain-example-to-tzip      score=0.19 t=9.1s
[2026-08-22 21:29:03] eval tzip-full              score=0.00 (base 0.00) leak=1/1 t=29.0s  final='The tzip skill block has been read, but there is **no action'
[2026-08-22 21:29:16] pair file updated hash=ebe53965d9 (ask=863c explain=874c thinking=745c)
[2026-08-22 21:29:17] eval tzip-off               score=1.00 (base 1.00) leak=0/1 t=1.4s  final='tzip deactivated'
[2026-08-22 21:29:21] eval chain-example-to-tzip [example-hello] base=1.00 leak=3/3 final='world'
[2026-08-22 21:29:21] eval chain-example-to-tzip [tzip-off] base=0.00 leak=0/1 final='tzip off'
[2026-08-22 21:29:21] eval chain-example-to-tzip      score=0.25 t=4.3s
[2026-08-22 21:29:47] eval tzip-full              score=0.00 (base 0.00) leak=6/7 t=25.4s  final="I've successfully executed the **tzip** skill in its default"
[2026-08-22 21:29:55] eval example-by             score=0.00 (base 0.00) leak=1/1 t=8.3s  final='The current message contains a `<skill>` block for **example'
[2026-08-22 21:30:01] eval example-call-script    score=1.00 (base 1.00) leak=0/2 t=5.6s  final='The `example` skill was invoked with "call script". Running '
[2026-08-22 21:30:06] eval example-empty          score=0.50 (base 1.00) leak=1/1 t=4.8s  final='This is an example skill.'
[2026-08-22 21:30:08] eval example-hello-lower    score=0.00 (base 0.00) leak=2/2 t=2.9s  final='world'
[2026-08-22 21:30:14] eval example-hello          score=0.50 (base 1.00) leak=3/3 t=5.4s  final='world'
[2026-08-22 21:30:24] eval example-hi             score=0.00 (base 0.00) leak=2/2 t=10.0s  final='When a skill block appears in a message without any addition'
[2026-08-22 21:30:29] eval tzip-empty             score=0.00 (base 0.00) leak=1/1 t=5.2s  final='The `<skill>` block for `tzip` is present in your message. T'
[2026-08-22 21:30:56] eval tzip-full              score=0.00 (base 0.00) leak=2/2 t=26.7s  final='The tzip skill block is present in your message. According t'
[2026-08-22 21:30:57] eval tzip-lite              score=1.00 (base 1.00) leak=0/1 t=1.5s  final='tzip lite activated'
[2026-08-22 21:30:58] eval tzip-off               score=1.00 (base 1.00) leak=0/1 t=1.0s  final='tzip deactivated'
[2026-08-22 21:31:02] eval tzip-on                score=0.00 (base 0.00) leak=0/1 t=4.1s  final='The skill block is **tzip** and the argument after the closi'
[2026-08-22 21:31:06] eval tzip-ultra             score=1.00 (base 1.00) leak=0/2 t=3.3s  final='tzip ultra activated'
[2026-08-22 21:31:08] eval chain-tzip-to-example [tzip-lite] base=1.00 leak=0/1 final='tzip lite activated'
[2026-08-22 21:31:08] eval chain-tzip-to-example [example-hello] base=0.00 leak=0/1 final='This is an example skill.'
[2026-08-22 21:31:08] eval chain-tzip-to-example      score=0.50 t=2.7s
[2026-08-22 21:31:12] eval chain-example-to-tzip [example-hello] base=1.00 leak=3/3 final='world'
[2026-08-22 21:31:12] eval chain-example-to-tzip [tzip-off] base=0.00 leak=1/1 final='tzip off'
[2026-08-22 21:31:12] eval chain-example-to-tzip      score=0.25 t=3.8s
[2026-08-22 21:31:24] eval chain-tzip-full-to-lite [tzip-full] base=0.00 leak=1/1 final='The tzip skill block has been read, but **no actionable argu'
[2026-08-22 21:31:24] eval chain-tzip-full-to-lite [tzip-lite] base=1.00 leak=1/1 final='tzip lite activated'
[2026-08-22 21:31:24] eval chain-tzip-full-to-lite    score=0.25 t=11.4s
[2026-08-22 21:31:24] pair file updated hash=87f5d6709b (ask=863c explain=874c thinking=870c)
[2026-08-22 21:31:26] eval tzip-lite              score=1.00 (base 1.00) leak=0/1 t=1.9s  final='tzip lite activated'
[2026-08-22 21:31:31] eval example-hello          score=0.50 (base 1.00) leak=3/3 t=5.6s  final='world'
[2026-08-22 21:31:44] eval example-by             score=0.00 (base 0.00) leak=1/1 t=12.9s  final='The current message contains only the **example** skill defi'
[2026-08-22 21:32:01] eval tzip-lite              score=1.00 (base 1.00) leak=0/1 t=2.0s  final='tzip lite activated'
[2026-08-22 21:32:04] eval example-hello          score=0.50 (base 1.00) leak=2/2 t=2.7s  final='world'
[2026-08-22 21:33:18] eval example-by             score=0.00 (base 0.00) leak=1/1 t=74.3s  final='This message contains a skill block (`example`) but no addit'
[2026-08-22 21:33:29] eval chain-tzip-full-to-lite [tzip-full] base=0.00 leak=1/1 final="Based on the tzip skill block provided, there's no explicit "
[2026-08-22 21:33:29] eval chain-tzip-full-to-lite [tzip-lite] base=1.00 leak=1/1 final='**tzip lite activated**'
[2026-08-22 21:33:29] eval chain-tzip-full-to-lite    score=0.25 t=10.6s
[2026-08-22 21:33:32] eval chain-tzip-to-example [tzip-lite] base=1.00 leak=0/1 final='tzip lite activated'
[2026-08-22 21:33:32] eval chain-tzip-to-example [example-hello] base=1.00 leak=1/2 final='world'
[2026-08-22 21:33:32] eval chain-tzip-to-example      score=0.75 t=3.1s
[2026-08-22 21:33:37] eval tzip-empty             score=0.00 (base 0.00) leak=1/1 t=5.4s  final='The skill block is **tzip** with the following usage rules:\n'
[2026-08-22 21:33:44] pair file updated hash=c36d26d9ac (ask=863c explain=1458c thinking=870c)
[2026-08-22 21:34:12] eval chain-tzip-full-to-lite [tzip-full] base=0.00 leak=1/1 final='The current message contains the **tzip** skill block. Its U'
[2026-08-22 21:34:12] eval chain-tzip-full-to-lite [tzip-lite] base=1.00 leak=1/1 final='**tzip lite activated**'
[2026-08-22 21:34:12] eval chain-tzip-full-to-lite    score=0.25 t=28.1s
[2026-08-22 21:34:15] eval chain-tzip-to-example [tzip-lite] base=1.00 leak=0/1 final='tzip lite activated'
[2026-08-22 21:34:15] eval chain-tzip-to-example [example-hello] base=1.00 leak=1/2 final='world'
[2026-08-22 21:34:15] eval chain-tzip-to-example      score=0.75 t=2.6s
[2026-08-22 21:34:55] eval tzip-empty             score=0.00 (base 0.00) leak=3/3 t=40.4s  final='The tzip skill is active. Since the current message contains'
[2026-08-22 21:34:55] pair file updated hash=87f5d6709b (ask=863c explain=874c thinking=870c)
[2026-08-22 21:35:05] eval tzip-full              score=0.00 (base 0.00) leak=2/2 t=9.7s  final='The tzip skill block is active in your message. According to'
[2026-08-22 21:35:11] eval tzip-empty             score=0.00 (base 0.00) leak=1/1 t=5.6s  final='The tzip skill block is present in your latest message, but '
[2026-08-22 21:35:17] eval tzip-ultra             score=1.00 (base 1.00) leak=0/1 t=6.1s  final='tzip ultra activated'
[2026-08-22 21:35:34] pair file updated hash=49bc1c55d6 (ask=863c explain=874c thinking=1388c)
[2026-08-22 21:35:59] eval tzip-full              score=0.00 (base 0.00) leak=1/1 t=25.5s  final='The tzip skill block specifies that when no specific argumen'
[2026-08-22 21:36:21] eval tzip-empty             score=0.00 (base 0.00) leak=3/3 t=22.0s  final='The `tzip` command is not installed or accessible in this en'
[2026-08-22 21:36:22] eval tzip-ultra             score=1.00 (base 1.00) leak=0/1 t=1.2s  final='tzip ultra activated'
[2026-08-22 21:36:22] pair file updated hash=ebe53965d9 (ask=863c explain=874c thinking=745c)
[2026-08-22 21:36:29] eval example-hello-lower    score=0.00 (base 0.00) leak=3/3 t=6.2s  final='world'
[2026-08-22 21:36:53] eval tzip-on                score=0.00 (base 0.00) leak=2/2 t=24.4s  final='The tzip skill has been loaded. It defines a token-pruning c'
[2026-08-22 21:37:01] eval example-by             score=0.00 (base 0.00) leak=2/2 t=8.0s  final='This is an example skill.'
[2026-08-22 21:37:10] pair file updated hash=b4afc125bc (ask=2556c explain=874c thinking=745c)
[2026-08-22 21:37:23] eval example-hello-lower    score=0.12 (base 0.25) leak=3/4 t=12.2s  final='This is example.sh output.'
[2026-08-22 21:39:53] eval tzip-on: pi timeout
[2026-08-22 21:39:58] eval example-by             score=0.38 (base 0.75) leak=1/2 t=5.1s  final='This is example.sh output.'
[2026-08-22 21:40:01] eval example-by             score=0.38 (base 0.75) leak=1/2 t=3.3s  final='This is example.sh output.'
[2026-08-22 21:40:11] eval example-call-script    score=0.38 (base 0.75) leak=2/2 t=10.1s  final='This is example.sh output.'
[2026-08-22 21:40:16] eval example-empty          score=0.50 (base 1.00) leak=1/1 t=5.0s  final='This is an example skill.'
[2026-08-22 21:40:25] eval example-hello-lower    score=0.00 (base 0.00) leak=4/4 t=8.8s  final='world'
[2026-08-22 21:40:27] eval example-hello          score=0.38 (base 0.75) leak=1/2 t=2.1s  final='world'
[2026-08-22 21:40:33] eval example-hi             score=0.25 (base 0.50) leak=3/3 t=6.0s  final='This is example.sh output.'
[2026-08-22 21:40:46] eval tzip-empty             score=0.50 (base 1.00) leak=2/2 t=13.3s  final='tzip lite activated'
[2026-08-22 21:40:53] eval tzip-full              score=0.00 (base 0.00) leak=1/1 t=6.2s  final='The skill block is `tzip` with usage rules that define four '
[2026-08-22 21:40:55] eval tzip-lite              score=1.00 (base 1.00) leak=0/1 t=2.1s  final='tzip lite activated'
[2026-08-22 21:40:56] eval tzip-off               score=1.00 (base 1.00) leak=0/1 t=1.4s  final='tzip deactivated'
[2026-08-22 21:40:58] eval tzip-on                score=1.00 (base 1.00) leak=0/1 t=2.4s  final='tzip lite activated'
[2026-08-22 21:41:01] eval tzip-ultra             score=0.50 (base 1.00) leak=1/1 t=2.8s  final='tzip ultra activated'
[2026-08-22 21:41:05] eval chain-tzip-to-example [tzip-lite] base=1.00 leak=0/1 final='tzip lite activated'
[2026-08-22 21:41:05] eval chain-tzip-to-example [example-hello] base=1.00 leak=1/2 final='world'
[2026-08-22 21:41:05] eval chain-tzip-to-example      score=0.75 t=3.7s
[2026-08-22 21:41:12] eval chain-example-to-tzip [example-hello] base=0.75 leak=1/2 final='world'
[2026-08-22 21:41:12] eval chain-example-to-tzip [tzip-off] base=0.00 leak=0/1 final='tzip off'
[2026-08-22 21:41:12] eval chain-example-to-tzip      score=0.19 t=6.8s
[2026-08-22 21:41:23] eval chain-tzip-full-to-lite [tzip-full] base=0.00 leak=2/2 final='The tzip skill block has been read. The Usage section specif'
[2026-08-22 21:41:23] eval chain-tzip-full-to-lite [tzip-lite] base=1.00 leak=1/1 final='tzip lite activated'
[2026-08-22 21:41:23] eval chain-tzip-full-to-lite    score=0.25 t=10.9s
[2026-08-22 21:41:23] GEPA done. best_idx=2 total_metric_calls=87
[2026-08-22 21:41:23] BEST pair:
ask=A skill block in a message is a task to execute, never a question to answer and never something to explain back. I read the block's name, its Usage rules, and the bare argument after the closing tag, then do exactly what that Usage says for that argument. I send a required fixed reply exactly, or load the named reference file with the read tool and follow it, or run the named script with bash passing the argument as CLI parameters and report the output. Paths come from the block's location attribute. The reply contains only what the block requires, nothing more. Earlier messages may contain other skill blocks or their short confirmations, those tasks are finished, I ignore them completely, never copy or repeat or continue an earlier skill's reply, never use an earlier argument, and I derive everything from the current block only. I never read SKILL.md itself and I never wrap the reply in bold or markdown or add explanation lines.
```

```
The user asks me to run the skill block in their latest message. 1. Locate the block, read its name, its Usage rules, and the bare argument after the closing tag. 2. Pick the matching Usage branch for that argument: a fixed reply, a reference file, or a script. 3. Do exactly that branch, nothing else, with paths from the block's location. If an earlier message contains another skill block or a short confirmation line, that task is finished, its words are not this argument, and nothing from it may enter this reply or this reasoning. I execute the current block's required behavior, never explain the skill, never ask, never repeat an earlier confirmation. I state the plan in my own words each time, never copied verbatim from these instructions or any earlier message.
```

```
A skill block is a task to execute, not a question to answer and not something to explain. I read the block's name, its Usage rules, and the bare argument after the closing tag, then do exactly what that Usage says for that argument. I send a required fixed reply exactly, or load the named reference file with the read tool and follow it, or run the named script with bash passing the argument as CLI parameters and report the output. Paths come from the block's location attribute. The reply contains only what the block requires, nothing more. Earlier messages may contain other skill blocks or their short confirmations, those tasks are finished, I ignore them completely, never copy or repeat or continue an earlier skill's reply, never use an earlier argument, and I derive everything from the current block only.
explain=Every <skill> block in your message is a task to execute, not a question. I read the block's name, its Usage rules, and the bare argument after the closing tag. Then I do exactly what that block's Usage says for this argument: if it requires a fixed reply, I reply with exactly that text; if it says to load a reference file, I read that file with the read tool and follow it; if it says to run a script, I run it with bash, pass the argument as parameters, and report the output. Paths come from the block's location attribute. My reply contains only what the block requires, and nothing else. Earlier messages may contain other skill blocks or their short confirmations. Those tasks are finished. I ignore them completely: I never copy, repeat, or continue an earlier skill's reply, I never use an earlier argument, and I derive my whole reply from the current block only.
thinking=The user provided a new skill block. I will execute it now. 1. I find the newest skill block in this message. 2. I read its Usage section and the bare text after the closing tag to get the argument. 3. I match the argument to the Usage rules to decide my action. If the argument matches a fixed reply rule, I send that exact text. If it matches a reference file rule, I use the read tool on the file path from the location attribute. If it matches a script rule, I use the bash tool to run the script with the argument as parameters. I ignore all previous messages and their confirmations. I do not copy any words from earlier turns into my reasoning. I commit to executing only the current block's instruction without explanation or extra text.
[2026-08-22 21:41:23] best pair written to skill-pair.json (now live for slm.ts)
[2026-08-22 21:41:23] === evaluating pair (best-final) on 12 cases + 3 chains ===
[2026-08-22 21:41:27] eval example-by             score=0.38 (base 0.75) leak=2/2 t=5s final='This is example.sh output.'
[2026-08-22 21:41:30] eval example-call-script    score=0.38 (base 0.75) leak=1/2 t=3s final='This is example.sh output.'
[2026-08-22 21:41:54] eval example-empty          score=0.50 (base 1.00) leak=3/3 t=24s final='This is an example skill.'
[2026-08-22 21:42:00] eval example-hello-lower    score=0.12 (base 0.25) leak=2/2 t=7s final='This is example.sh output.'
[2026-08-22 21:42:02] eval example-hello          score=0.38 (base 0.75) leak=1/2 t=2s final='world'
[2026-08-22 21:42:06] eval example-hi             score=0.38 (base 0.75) leak=2/2 t=3s final='This is example.sh output.'
[2026-08-22 21:42:16] eval tzip-empty             score=0.00 (base 0.00) leak=1/1 t=10s final='The tzip skill block has been read. The Usage section specif'
[2026-08-22 21:44:46] eval tzip-full: pi timeout
[2026-08-22 21:44:48] eval tzip-lite              score=1.00 (base 1.00) leak=0/1 t=2s final='tzip lite activated'
[2026-08-22 21:44:49] eval tzip-off               score=0.50 (base 1.00) leak=1/1 t=1s final='tzip deactivated'
[2026-08-22 21:44:53] eval tzip-on                score=0.00 (base 0.00) leak=1/1 t=4s final='The tzip skill block has been read. There is no specific arg'
[2026-08-22 21:44:56] eval tzip-ultra             score=1.00 (base 1.00) leak=0/1 t=3s final='tzip ultra activated'
[2026-08-22 21:44:59] eval chain-tzip-to-example      score=0.75 leak=1/3 t=4s [tzip-lite] 'tzip lite activated' | [example-hello] 'world'
[2026-08-22 21:45:02] eval chain-example-to-tzip      score=0.19 leak=1/3 t=2s [example-hello] 'world' | [tzip-off] 'tzip off'
[2026-08-22 21:45:24] eval chain-tzip-full-to-lite    score=0.25 leak=4/4 t=22s [tzip-full] 'tzip lite activated' | [tzip-lite] 'tzip lite activated'
[2026-08-22 21:45:24] === RESULT (best-final) accuracy=38.75%  CoT leak=71.43% (20/28 msgs) ===
[2026-08-22 21:45:24]    PART example-by                 0.38  leak=2/2  final='This is example.sh output.'
[2026-08-22 21:45:24]    PART example-call-script        0.38  leak=1/2  final='This is example.sh output.'
[2026-08-22 21:45:24]    PART example-empty              0.50  leak=3/3  final='This is an example skill.'
[2026-08-22 21:45:24]    PART example-hello-lower        0.12  leak=2/2  final='This is example.sh output.'
[2026-08-22 21:45:24]    PART example-hello              0.38  leak=1/2  final='world'
[2026-08-22 21:45:24]    PART example-hi                 0.38  leak=2/2  final='This is example.sh output.'
[2026-08-22 21:45:24]    FAIL tzip-empty                 0.00  leak=1/1  final='The tzip skill block has been read. The Usage section specifies three '
[2026-08-22 21:45:24]    FAIL tzip-full                  0.00  leak=0/0  final=''
[2026-08-22 21:45:24]    OK  tzip-lite                  1.00  leak=0/1  final='tzip lite activated'
[2026-08-22 21:45:24]    PART tzip-off                   0.50  leak=1/1  final='tzip deactivated'
[2026-08-22 21:45:24]    FAIL tzip-on                    0.00  leak=1/1  final='The tzip skill block has been read. There is no specific argument afte'
[2026-08-22 21:45:24]    OK  tzip-ultra                 1.00  leak=0/1  final='tzip ultra activated'
[2026-08-22 21:45:24]    PART chain-tzip-to-example      0.75  leak=1/3  final=''
[2026-08-22 21:45:24]    PART chain-example-to-tzip      0.19  leak=1/3  final=''
[2026-08-22 21:45:24]    PART chain-tzip-full-to-lite    0.25  leak=4/4  final=''
[2026-08-22 21:45:24] SUMMARY: accuracy 41.67% -> 38.75%, CoT leak 62.96% -> 71.43%
[2026-08-22 21:59:03] pair file updated hash=0efd7e8d88 (ask=851c explain=834c thinking=978c)
[2026-08-22 21:59:05] eval tzip-lite              score=1.00 (base 1.00) leak=0/1 t=2s final='tzip lite activated'
[2026-08-22 21:59:06] eval example-hello          score=0.00 (base 0.00) leak=0/1 t=1s final='This is an example skill.'
[2026-08-22 21:59:13] eval chain-tzip-full-to-lite    score=0.25 leak=2/2 t=7s [tzip-full] 'The `<skill>` block for **tzip** is active in your' | [tzip-lite] '**tzip lite activated**'
[2026-08-22 21:59:21] ### train.py optimize started (run_id=0822-215921-379543, python=3.14.7)
[2026-08-22 21:59:21] seed pair: explain="Every <skill> block in your message is a task to execute, not a question. I check the block's name, "... thinking='The user asks how I handle a skill block in my latest message. I will execute it as a task, not answ'...
[2026-08-22 21:59:21] === evaluating pair (seed-baseline) on 12 cases + 3 chains ===
[2026-08-22 21:59:21] pair file updated hash=0efd7e8d88 (ask=851c explain=834c thinking=978c)
[2026-08-22 21:59:32] eval example-by             score=0.00 (base 0.00) leak=0/1 t=11s final='This is the **example** skill block. According to its Usage '
[2026-08-22 21:59:35] eval example-call-script    score=0.25 (base 0.50) leak=2/4 t=4s final='This is example.sh output.'
[2026-08-22 21:59:40] eval example-empty          score=0.50 (base 0.50) leak=0/1 t=4s final='This skill block has no extra text beyond its definition — i'
[2026-08-22 21:59:41] eval example-hello-lower    score=0.00 (base 0.00) leak=0/1 t=1s final='This is an example skill.'
[2026-08-22 21:59:42] eval example-hello          score=0.00 (base 0.00) leak=0/1 t=1s final='This is an example skill.'
[2026-08-22 21:59:50] eval example-hi             score=0.38 (base 0.75) leak=1/2 t=9s final='This is example.sh output.'
[2026-08-22 21:59:56] eval tzip-empty             score=0.00 (base 0.00) leak=0/1 t=6s final='The skill block is **tzip** with no explicit argument provid'
[2026-08-22 22:00:09] eval tzip-full              score=0.00 (base 0.00) leak=1/2 t=13s final='Based on the tzip skill definition, when a skill block appea'
[2026-08-22 22:00:13] eval tzip-lite              score=1.00 (base 1.00) leak=0/1 t=3s final='tzip lite activated'
[2026-08-22 22:00:14] eval tzip-off               score=1.00 (base 1.00) leak=0/1 t=1s final='tzip deactivated'
[2026-08-22 22:00:18] eval tzip-on                score=0.50 (base 1.00) leak=1/2 t=4s final='tzip lite activated'
[2026-08-22 22:00:24] eval tzip-ultra             score=0.50 (base 1.00) leak=1/2 t=6s final='tzip ultra activated'
[2026-08-22 22:00:28] eval chain-tzip-to-example      score=0.25 leak=1/3 t=4s [tzip-lite] 'The skill block at hand is **tzip** with argument ' | [example-hello] 'world'
[2026-08-22 22:00:31] eval chain-example-to-tzip      score=0.69 leak=1/3 t=3s [example-hello] 'world' | [tzip-off] 'tzip deactivated'
[2026-08-22 22:00:44] eval chain-tzip-full-to-lite    score=0.25 leak=1/2 t=13s [tzip-full] 'The skill block at hand is **tzip** (location: `/h' | [tzip-lite] 'tzip lite activated'
[2026-08-22 22:00:44] === RESULT (seed-baseline) accuracy=35.42%  CoT leak=33.33% (9/27 msgs) ===
[2026-08-22 22:00:44]    FAIL example-by                 0.00  leak=0/1  final='This is the **example** skill block. According to its Usage section:\n\n'
[2026-08-22 22:00:44]    PART example-call-script        0.25  leak=2/4  final='This is example.sh output.'
[2026-08-22 22:00:44]    PART example-empty              0.50  leak=0/1  final="This skill block has no extra text beyond its definition — it's being "
[2026-08-22 22:00:44]    FAIL example-hello-lower        0.00  leak=0/1  final='This is an example skill.'
[2026-08-22 22:00:44]    FAIL example-hello              0.00  leak=0/1  final='This is an example skill.'
[2026-08-22 22:00:44]    PART example-hi                 0.38  leak=1/2  final='This is example.sh output.'
[2026-08-22 22:00:44]    FAIL tzip-empty                 0.00  leak=0/1  final='The skill block is **tzip** with no explicit argument provided after i'
[2026-08-22 22:00:44]    FAIL tzip-full                  0.00  leak=1/2  final='Based on the tzip skill definition, when a skill block appears in my m'
[2026-08-22 22:00:44]    OK  tzip-lite                  1.00  leak=0/1  final='tzip lite activated'
[2026-08-22 22:00:44]    OK  tzip-off                   1.00  leak=0/1  final='tzip deactivated'
[2026-08-22 22:00:44]    PART tzip-on                    0.50  leak=1/2  final='tzip lite activated'
[2026-08-22 22:00:44]    PART tzip-ultra                 0.50  leak=1/2  final='tzip ultra activated'
[2026-08-22 22:00:44]    PART chain-tzip-to-example      0.25  leak=1/3  final=''
[2026-08-22 22:00:44]    PART chain-example-to-tzip      0.69  leak=1/3  final=''
[2026-08-22 22:00:44]    PART chain-tzip-full-to-lite    0.25  leak=1/2  final=''
[2026-08-22 22:00:44] starting GEPA: run_dir=/home/mtasic/projects-b/pi-slm/optim/skills-usage-7/runs/gepa-0822-215921-379543 max_metric_calls=96 optimization examples=15 (full eval set=12 cases + 3 chains) reflection_lm=Qwen/Qwen3.8-27B (thinking off, callable wrapper)
[2026-08-22 22:00:46] eval example-by             score=0.00 (base 0.00) leak=0/1 t=1.7s  final='This is an example skill.'
[2026-08-22 22:00:51] eval example-call-script    score=0.75 (base 0.75) leak=0/4 t=5.2s  final='The skill `example` was invoked with "call script". Followin'
[2026-08-22 22:01:16] eval example-empty          score=0.50 (base 0.50) leak=0/1 t=24.5s  final='The `<skill name="example">` block in your message is a task'
[2026-08-22 22:01:17] eval example-hello-lower    score=0.00 (base 0.00) leak=0/1 t=0.9s  final='This is an example skill.'
[2026-08-22 22:01:17] eval example-hello          score=0.00 (base 0.00) leak=0/1 t=0.9s  final='This is an example skill.'
[2026-08-22 22:01:19] eval example-hi             score=0.00 (base 0.00) leak=0/1 t=1.5s  final='This is an example skill.'
[2026-08-22 22:01:29] eval tzip-empty             score=0.00 (base 0.00) leak=1/3 t=10.2s  final='The `tzip` skill block has been executed successfully. The r'
[2026-08-22 22:01:33] eval tzip-full              score=0.00 (base 0.00) leak=0/1 t=3.8s  final='The `<skill>` block for **tzip** has been presented in your '
[2026-08-22 22:01:47] eval tzip-lite              score=0.50 (base 1.00) leak=1/2 t=13.9s  final='tzip lite activated'
[2026-08-22 22:01:48] eval tzip-off               score=1.00 (base 1.00) leak=0/1 t=1.2s  final='tzip deactivated'
[2026-08-22 22:02:03] eval tzip-on                score=0.00 (base 0.00) leak=0/1 t=15.1s  final='The `<skill>` block for **tzip** is present in your message.'
[2026-08-22 22:02:05] eval tzip-ultra             score=1.00 (base 1.00) leak=0/1 t=1.6s  final='tzip ultra activated'
[2026-08-22 22:02:19] eval chain-tzip-to-example [tzip-lite] base=1.00 leak=0/1 final='tzip lite activated'
[2026-08-22 22:02:19] eval chain-tzip-to-example [example-hello] base=1.00 leak=1/2 final='world'
[2026-08-22 22:02:19] eval chain-tzip-to-example      score=0.75 t=13.9s
[2026-08-22 22:02:20] eval chain-example-to-tzip [example-hello] base=0.00 leak=0/1 final='This is an example skill.'
[2026-08-22 22:02:20] eval chain-example-to-tzip [tzip-off] base=1.00 leak=0/1 final='tzip deactivated'
[2026-08-22 22:02:20] eval chain-example-to-tzip      score=0.50 t=1.3s
[2026-08-22 22:02:44] eval chain-tzip-full-to-lite [tzip-full] base=0.00 leak=0/1 final='The `<skill>` block you provided is the **tzip** skill (toke'
[2026-08-22 22:02:44] eval chain-tzip-full-to-lite [tzip-lite] base=1.00 leak=1/1 final='**tzip lite activated**'
[2026-08-22 22:02:44] eval chain-tzip-full-to-lite    score=0.25 t=24.5s
[2026-08-22 22:02:48] eval example-call-script    score=0.25 (base 0.50) leak=2/4 t=3.5s  final='The skill block at hand is **example**. Since it was invoked'
[2026-08-22 22:02:59] eval tzip-ultra             score=1.00 (base 1.00) leak=0/1 t=10.7s  final='tzip ultra activated'
[2026-08-22 22:03:08] eval tzip-on                score=0.00 (base 0.00) leak=0/1 t=9.2s  final='The `<skill>` block at hand is **tzip**. Its Usage section d'
[2026-08-22 22:03:20] pair file updated hash=673b183a38 (ask=455c explain=834c thinking=978c)
[2026-08-22 22:03:25] eval example-call-script    score=0.38 (base 0.75) leak=1/2 t=4.3s  final='This is example.sh output.'
[2026-08-22 22:03:29] eval tzip-ultra             score=1.00 (base 1.00) leak=0/1 t=4.3s  final='tzip ultra activated'
[2026-08-22 22:03:35] eval tzip-on                score=1.00 (base 1.00) leak=0/1 t=5.7s  final='tzip lite activated'
[2026-08-22 22:03:40] eval example-by             score=0.00 (base 0.00) leak=0/1 t=5.3s  final='This is an example skill.'
[2026-08-22 22:03:46] eval example-call-script    score=0.38 (base 0.75) leak=1/2 t=6.2s  final='This is example.sh output.'
[2026-08-22 22:03:49] eval example-empty          score=1.00 (base 1.00) leak=0/1 t=2.7s  final='This is an example skill.'
[2026-08-22 22:03:50] eval example-hello-lower    score=0.00 (base 0.00) leak=0/1 t=0.9s  final='This is an example skill.'
[2026-08-22 22:03:51] eval example-hello          score=0.00 (base 0.00) leak=0/1 t=0.9s  final='This is an example skill.'
[2026-08-22 22:03:53] eval example-hi             score=0.38 (base 0.75) leak=1/2 t=2.6s  final='This is example.sh output.'
[2026-08-22 22:03:56] eval tzip-empty             score=1.00 (base 1.00) leak=0/1 t=2.5s  final='tzip lite activated'
[2026-08-22 22:03:59] eval tzip-full              score=0.00 (base 0.00) leak=0/1 t=3.4s  final='tzip lite activated'
[2026-08-22 22:04:01] eval tzip-lite              score=1.00 (base 1.00) leak=0/1 t=1.8s  final='tzip lite activated'
[2026-08-22 22:04:02] eval tzip-off               score=0.00 (base 0.00) leak=0/1 t=1.1s  final='tzip off'
[2026-08-22 22:04:06] eval tzip-on                score=1.00 (base 1.00) leak=0/1 t=3.8s  final='tzip lite activated'
[2026-08-22 22:04:08] eval tzip-ultra             score=1.00 (base 1.00) leak=0/1 t=2.3s  final='tzip ultra activated'
[2026-08-22 22:04:16] eval chain-tzip-to-example [tzip-lite] base=1.00 leak=1/2 final='tzip lite activated'
[2026-08-22 22:04:16] eval chain-tzip-to-example [example-hello] base=1.00 leak=1/2 final='world'
[2026-08-22 22:04:16] eval chain-tzip-to-example      score=0.50 t=7.8s
[2026-08-22 22:04:17] eval chain-example-to-tzip [example-hello] base=0.00 leak=0/1 final='This is an example skill.'
[2026-08-22 22:04:17] eval chain-example-to-tzip [tzip-off] base=1.00 leak=0/1 final='tzip deactivated'
[2026-08-22 22:04:17] eval chain-example-to-tzip      score=0.50 t=1.4s
[2026-08-22 22:04:26] eval chain-tzip-full-to-lite [tzip-full] base=0.00 leak=0/1 final='tzip lite activated'
[2026-08-22 22:04:26] eval chain-tzip-full-to-lite [tzip-lite] base=1.00 leak=1/1 final='tzip lite activated'
[2026-08-22 22:04:26] eval chain-tzip-full-to-lite    score=0.25 t=8.6s
[2026-08-22 22:04:30] eval example-hi             score=0.38 (base 0.75) leak=1/2 t=3.6s  final='This is example.sh output.'
[2026-08-22 22:04:34] eval example-hello-lower    score=0.00 (base 0.00) leak=0/2 t=4.4s  final='world'
[2026-08-22 22:04:39] eval example-empty          score=1.00 (base 1.00) leak=0/1 t=5.2s  final='This is an example skill.'
[2026-08-22 22:04:48] pair file updated hash=32f23f2a71 (ask=455c explain=1610c thinking=978c)
[2026-08-22 22:04:52] eval example-hi             score=0.75 (base 0.75) leak=0/2 t=3.4s  final='This is example.sh output.'
[2026-08-22 22:05:01] eval example-hello-lower    score=0.00 (base 0.00) leak=0/1 t=9.3s  final='This is an example skill.'
[2026-08-22 22:05:04] eval example-empty          score=1.00 (base 1.00) leak=0/1 t=3.3s  final='This is an example skill.'
[2026-08-22 22:05:18] eval example-by             score=0.00 (base 0.00) leak=1/2 t=14.2s  final='This is an example skill.'
[2026-08-22 22:05:22] eval example-call-script    score=0.25 (base 0.50) leak=2/3 t=3.3s  final='This is example.sh output.'
[2026-08-22 22:05:26] eval example-empty          score=1.00 (base 1.00) leak=0/1 t=4.4s  final='```\nThis is an example skill.\n```'
[2026-08-22 22:05:29] eval example-hello-lower    score=0.12 (base 0.25) leak=1/2 t=3.4s  final='This is example.sh output.'
[2026-08-22 22:05:30] eval example-hello          score=0.00 (base 0.00) leak=0/1 t=0.8s  final='This is an example skill.'
[2026-08-22 22:05:34] eval example-hi             score=0.38 (base 0.75) leak=1/2 t=3.4s  final='This is example.sh output.'
[2026-08-22 22:05:38] eval tzip-empty             score=0.00 (base 0.00) leak=0/1 t=4.1s  final='The skill block for **tzip** specifies four modes: `lite` (d'
[2026-08-22 22:05:48] eval tzip-full              score=1.00 (base 1.00) leak=0/1 t=9.8s  final='tzip full activated'
[2026-08-22 22:05:50] eval tzip-lite              score=1.00 (base 1.00) leak=0/1 t=2.5s  final='tzip lite activated'
[2026-08-22 22:05:52] eval tzip-off               score=1.00 (base 1.00) leak=0/1 t=1.8s  final='tzip deactivated'
[2026-08-22 22:05:54] eval tzip-on                score=1.00 (base 1.00) leak=0/1 t=1.9s  final='tzip lite activated'
[2026-08-22 22:05:55] eval tzip-ultra             score=1.00 (base 1.00) leak=0/1 t=1.8s  final='tzip ultra activated'
[2026-08-22 22:06:00] eval chain-tzip-to-example [tzip-lite] base=1.00 leak=0/1 final='tzip lite activated'
[2026-08-22 22:06:00] eval chain-tzip-to-example [example-hello] base=1.00 leak=1/2 final='world'
[2026-08-22 22:06:00] eval chain-tzip-to-example      score=0.75 t=4.7s
[2026-08-22 22:06:02] eval chain-example-to-tzip [example-hello] base=0.00 leak=0/1 final='This is an example skill.'
[2026-08-22 22:06:02] eval chain-example-to-tzip [tzip-off] base=1.00 leak=0/1 final='tzip deactivated'
[2026-08-22 22:06:02] eval chain-example-to-tzip      score=0.50 t=1.4s
[2026-08-22 22:06:06] eval chain-tzip-full-to-lite [tzip-full] base=1.00 leak=0/1 final='```\ntzip full activated\n```'
[2026-08-22 22:06:06] eval chain-tzip-full-to-lite [tzip-lite] base=1.00 leak=1/1 final='```\ntzip lite activated\n```'
[2026-08-22 22:06:06] eval chain-tzip-full-to-lite    score=0.75 t=4.6s
[2026-08-22 22:06:07] eval tzip-off               score=1.00 (base 1.00) leak=0/1 t=1.2s  final='tzip deactivated'
[2026-08-22 22:06:09] eval chain-example-to-tzip [example-hello] base=0.00 leak=0/1 final='This is an example skill.'
[2026-08-22 22:06:09] eval chain-example-to-tzip [tzip-off] base=1.00 leak=0/1 final='tzip deactivated'
[2026-08-22 22:06:09] eval chain-example-to-tzip      score=0.50 t=1.5s
[2026-08-22 22:06:31] eval tzip-full              score=0.00 (base 0.00) leak=3/5 t=22.0s  final="The `tzip` command is not in PATH, but there's a Python impl"
[2026-08-22 22:06:54] pair file updated hash=e994b74ff8 (ask=455c explain=1610c thinking=2434c)
[2026-08-22 22:07:28] eval tzip-off               score=0.00 (base 0.00) leak=6/7 t=33.6s  final='The tzip skill has been executed with the argument `off`. Si'
[2026-08-22 22:07:33] eval chain-example-to-tzip [example-hello] base=0.50 leak=1/2 final='The skill specifies that when invoked with "Hello", I should'
[2026-08-22 22:07:33] eval chain-example-to-tzip [tzip-off] base=0.00 leak=0/1 final='tzip off'
[2026-08-22 22:07:33] eval chain-example-to-tzip      score=0.12 t=4.9s
[2026-08-22 22:07:40] eval tzip-full              score=0.00 (base 0.00) leak=0/1 t=7.0s  final='The skill block for **tzip** specifies that the default mode'
[2026-08-22 22:07:40] pair file updated hash=32f23f2a71 (ask=455c explain=1610c thinking=978c)
[2026-08-22 22:07:43] eval tzip-lite              score=1.00 (base 1.00) leak=0/1 t=2.9s  final='tzip lite activated'
[2026-08-22 22:07:44] eval example-hello          score=0.00 (base 0.00) leak=0/1 t=1.3s  final='This is an example skill.'
[2026-08-22 22:07:50] eval example-by             score=0.00 (base 0.00) leak=0/1 t=6.1s  final='This is an example skill.'
[2026-08-22 22:07:58] pair file updated hash=7248857eaa (ask=2064c explain=1610c thinking=978c)
[2026-08-22 22:08:00] eval tzip-lite              score=1.00 (base 1.00) leak=0/1 t=2.0s  final='tzip lite activated'
[2026-08-22 22:08:02] eval example-hello          score=0.38 (base 0.75) leak=1/2 t=2.3s  final='world'
[2026-08-22 22:08:07] eval example-by             score=0.00 (base 0.00) leak=0/1 t=5.0s  final='This is an example skill.'
[2026-08-22 22:08:11] eval example-by             score=0.00 (base 0.00) leak=0/1 t=3.2s  final='This is an example skill.'
[2026-08-22 22:08:13] eval example-call-script    score=0.12 (base 0.25) leak=1/2 t=2.3s  final='This is example.sh output.'
[2026-08-22 22:08:15] eval example-empty          score=1.00 (base 1.00) leak=0/1 t=2.4s  final='This is an example skill.'
[2026-08-22 22:08:17] eval example-hello-lower    score=0.00 (base 0.00) leak=1/2 t=1.8s  final='world'
[2026-08-22 22:08:19] eval example-hello          score=0.38 (base 0.75) leak=1/2 t=1.9s  final='world'
[2026-08-22 22:08:23] eval example-hi             score=0.75 (base 0.75) leak=0/2 t=4.3s  final='This is example.sh output.'
[2026-08-22 22:08:30] eval tzip-empty             score=0.00 (base 0.00) leak=0/1 t=6.8s  final='The tzip skill requires me to reply with a mode name like "t'
[2026-08-22 22:08:37] eval tzip-full              score=0.00 (base 0.00) leak=0/1 t=6.6s  final='tzip lite activated'
[2026-08-22 22:08:39] eval tzip-lite              score=0.50 (base 1.00) leak=1/1 t=2.1s  final='tzip lite activated'
[2026-08-22 22:08:48] eval tzip-off               score=0.50 (base 1.00) leak=2/2 t=8.9s  final='tzip deactivated'
[2026-08-22 22:08:55] eval tzip-on                score=1.00 (base 1.00) leak=0/1 t=7.0s  final='tzip lite activated'
[2026-08-22 22:08:58] eval tzip-ultra             score=1.00 (base 1.00) leak=0/1 t=3.0s  final='tzip ultra activated'
[2026-08-22 22:09:02] eval chain-tzip-to-example [tzip-lite] base=1.00 leak=1/1 final='tzip lite activated'
[2026-08-22 22:09:02] eval chain-tzip-to-example [example-hello] base=1.00 leak=1/2 final='world'
[2026-08-22 22:09:02] eval chain-tzip-to-example      score=0.50 t=4.2s
[2026-08-22 22:09:06] eval chain-example-to-tzip [example-hello] base=0.75 leak=1/2 final='world'
[2026-08-22 22:09:06] eval chain-example-to-tzip [tzip-off] base=0.00 leak=0/1 final='tzip off'
[2026-08-22 22:09:06] eval chain-example-to-tzip      score=0.19 t=4.4s
[2026-08-22 22:09:16] eval chain-tzip-full-to-lite [tzip-full] base=0.00 leak=0/1 final='tzip lite activated'
[2026-08-22 22:09:16] eval chain-tzip-full-to-lite [tzip-lite] base=1.00 leak=1/1 final='tzip lite activated'
[2026-08-22 22:09:16] eval chain-tzip-full-to-lite    score=0.25 t=9.7s
[2026-08-22 22:09:16] pair file updated hash=32f23f2a71 (ask=455c explain=1610c thinking=978c)
[2026-08-22 22:09:27] eval chain-tzip-full-to-lite [tzip-full] base=0.00 leak=0/1 final='The skill block is for **tzip** with a default mode of `lite'
[2026-08-22 22:09:27] eval chain-tzip-full-to-lite [tzip-lite] base=1.00 leak=1/1 final='```\ntzip lite activated\n```'
[2026-08-22 22:09:27] eval chain-tzip-full-to-lite    score=0.25 t=11.1s
[2026-08-22 22:09:31] eval chain-tzip-to-example [tzip-lite] base=1.00 leak=0/1 final='tzip lite activated'
[2026-08-22 22:09:31] eval chain-tzip-to-example [example-hello] base=1.00 leak=1/2 final='world'
[2026-08-22 22:09:31] eval chain-tzip-to-example      score=0.75 t=4.3s
[2026-08-22 22:09:34] eval tzip-empty             score=1.00 (base 1.00) leak=0/1 t=2.4s  final='tzip lite activated'
[2026-08-22 22:09:41] pair file updated hash=e07260f9d6 (ask=455c explain=1668c thinking=978c)
[2026-08-22 22:09:46] eval chain-tzip-full-to-lite [tzip-full] base=1.00 leak=0/1 final='```\ntzip full activated\n```'
[2026-08-22 22:09:46] eval chain-tzip-full-to-lite [tzip-lite] base=1.00 leak=1/1 final='```\ntzip lite activated\n```'
[2026-08-22 22:09:46] eval chain-tzip-full-to-lite    score=0.75 t=5.4s
[2026-08-22 22:09:57] eval chain-tzip-to-example [tzip-lite] base=0.00 leak=0/1 final='```json\n{"name": "edit", "path": "/home/mtasic/projects-b/pi'
[2026-08-22 22:09:57] eval chain-tzip-to-example [example-hello] base=1.00 leak=1/2 final='world'
[2026-08-22 22:09:57] eval chain-tzip-to-example      score=0.25 t=10.2s
[2026-08-22 22:10:00] eval tzip-empty             score=0.00 (base 0.00) leak=0/1 t=3.8s  final='```json\n{"name": "edit", "path": "/home/mtasic/projects-b/pi'
[2026-08-22 22:10:00] pair file updated hash=32f23f2a71 (ask=455c explain=1610c thinking=978c)
[2026-08-22 22:10:05] eval example-call-script    score=0.38 (base 0.75) leak=1/2 t=4.2s  final='This is example.sh output.'
[2026-08-22 22:10:08] eval example-by             score=0.00 (base 0.00) leak=0/1 t=3.3s  final='This is an example skill.'
[2026-08-22 22:10:09] eval chain-example-to-tzip [example-hello] base=0.00 leak=0/1 final='This is an example skill.'
[2026-08-22 22:10:09] eval chain-example-to-tzip [tzip-off] base=1.00 leak=0/1 final='tzip deactivated'
[2026-08-22 22:10:09] eval chain-example-to-tzip      score=0.50 t=1.6s
[2026-08-22 22:10:18] pair file updated hash=b63a09771e (ask=455c explain=1610c thinking=1656c)
[2026-08-22 22:10:20] eval example-call-script    score=0.75 (base 0.75) leak=0/2 t=2.1s  final='This is example.sh output.'
[2026-08-22 22:10:24] eval example-by             score=0.00 (base 0.00) leak=0/1 t=4.1s  final='This is an example skill.'
[2026-08-22 22:10:29] eval chain-example-to-tzip [example-hello] base=1.00 leak=1/2 final='world'
[2026-08-22 22:10:29] eval chain-example-to-tzip [tzip-off] base=0.00 leak=2/2 final='tzip off'
[2026-08-22 22:10:29] eval chain-example-to-tzip      score=0.25 t=4.7s
[2026-08-22 22:10:32] eval example-by             score=0.00 (base 0.00) leak=0/1 t=3.0s  final='This is an example skill.'
[2026-08-22 22:10:34] eval example-call-script    score=0.38 (base 0.75) leak=1/2 t=2.0s  final='This is example.sh output.'
[2026-08-22 22:10:37] eval example-empty          score=1.00 (base 1.00) leak=0/1 t=3.6s  final='This is an example skill.'
[2026-08-22 22:10:44] eval example-hello-lower    score=0.00 (base 0.00) leak=1/2 t=6.7s  final='The user sent "hello", which matches the "Invoked with \'Hell'
[2026-08-22 22:10:47] eval example-hello          score=0.50 (base 1.00) leak=2/3 t=3.0s  final='world'
[2026-08-22 22:10:50] eval example-hi             score=0.38 (base 0.75) leak=1/2 t=2.8s  final='This is example.sh output.'
[2026-08-22 22:11:24] eval tzip-empty             score=0.50 (base 1.00) leak=3/5 t=34.5s  final='tzip lite activated'
[2026-08-22 22:12:15] eval tzip-full              score=0.00 (base 0.00) leak=6/8 t=50.4s  final='The `tzip` skill has been executed. With `full` mode, it pro'
[2026-08-22 22:12:16] eval tzip-lite              score=1.00 (base 1.00) leak=0/1 t=1.3s  final='tzip lite activated'
[2026-08-22 22:12:25] eval tzip-off               score=0.50 (base 1.00) leak=1/2 t=8.7s  final='tzip deactivated'
[2026-08-22 22:12:28] eval tzip-on                score=1.00 (base 1.00) leak=0/1 t=3.4s  final='tzip lite activated'
[2026-08-22 22:12:31] eval tzip-ultra             score=1.00 (base 1.00) leak=0/1 t=3.0s  final='tzip ultra activated'
[2026-08-22 22:12:34] eval chain-tzip-to-example [tzip-lite] base=1.00 leak=0/1 final='tzip lite activated'
[2026-08-22 22:12:34] eval chain-tzip-to-example [example-hello] base=1.00 leak=1/2 final='world'
[2026-08-22 22:12:34] eval chain-tzip-to-example      score=0.75 t=2.8s
[2026-08-22 22:12:38] eval chain-example-to-tzip [example-hello] base=1.00 leak=2/3 final='world'
[2026-08-22 22:12:38] eval chain-example-to-tzip [tzip-off] base=0.00 leak=0/1 final='tzip off'
[2026-08-22 22:12:38] eval chain-example-to-tzip      score=0.25 t=4.3s
[2026-08-22 22:12:50] eval chain-tzip-full-to-lite [tzip-full] base=1.00 leak=0/1 final='tzip full activated'
[2026-08-22 22:12:50] eval chain-tzip-full-to-lite [tzip-lite] base=1.00 leak=1/1 final='tzip lite activated'
[2026-08-22 22:12:50] eval chain-tzip-full-to-lite    score=0.75 t=11.2s
[2026-08-22 22:12:50] GEPA done. best_idx=2 total_metric_calls=111
[2026-08-22 22:12:50] BEST pair:
ask=You will receive a message containing one or more <skill> blocks. Your job is to execute the specific skill block in the most recent message. You must not explain the skill, not ask for clarification, and not read the SKILL.md file itself. The reply must contain only the exact output required by the skill's Usage rules for the provided argument. Paths to reference files and scripts are relative to the directory named in the block's location attribute.
explain=A skill block is a task you execute, not a question you answer. I read the block name, the Usage rules inside it, and the bare argument that sits right after the closing tag. I then follow exactly the Usage branch that matches that argument: send the fixed reply if one is mandated, load the named reference file with the read tool and do what it says, or run the named script with bash, pass the argument as CLI parameters, and report the output. I build every path from the block location attribute. My reply holds only what the block requires, with no extra words, no bold, no explanation, and no questions. If earlier messages show other skill blocks or their short confirmations, those tasks are finished; I ignore them completely, never copy or repeat an earlier reply or confirmation, never use an earlier argument, and I derive everything only from the current block.
```

```
The user asks me to run a skill block. 1. I locate the current block, read its name and Usage rules, and look at the lone argument after the closing tag. 2. I pick the matching Usage branch: a fixed reply, a reference file to load, or a script to run with the argument as CLI parameters. 3. If an earlier message has another skill block or a short confirmation line, that task is finished; its words are not this argument, and nothing from it may enter this reply or this reasoning. 4. I commit to executing the current block exactly: I never explain the skill, never ask, never repeat an earlier confirmation. I state this plan in my own words each time, never copied verbatim from these instructions or any earlier message.
thinking=The user asks how I handle a skill block in my latest message. I will execute it as a task, not answer it as a question. 1. I locate the current block, read its name, what the Usage section asks for, plus the lone argument that follows the tag's closing. 2. I pick the Usage branch that matches the argument: send a fixed reply exactly, load the named reference file, loading it with the read tool, then obeying it, or run the named script via bash, supplying the argument as CLI parameters, then sharing what it prints. 3. If earlier messages hold other skill blocks or confirmations, those are done; Their text stays out of this reply, which derives only from the block in front of me. I check that I am performing the current block's required behavior exactly, never explaining the skill, never asking, and never repeating an earlier confirmation. I state the plan in my own words each time and never copy these instructions or any earlier message verbatim. Now final output.
[2026-08-22 22:12:50] best pair written to skill-pair.json (now live for slm.ts)
[2026-08-22 22:12:50] === evaluating pair (best-final) on 12 cases + 3 chains ===
[2026-08-22 22:12:50] pair file updated hash=32f23f2a71 (ask=455c explain=1610c thinking=978c)
[2026-08-22 22:12:55] eval example-by             score=0.00 (base 0.00) leak=0/1 t=5s final='This is an example skill.'
[2026-08-22 22:13:00] eval example-call-script    score=0.38 (base 0.75) leak=1/2 t=5s final='This is example.sh output.'
[2026-08-22 22:13:03] eval example-empty          score=1.00 (base 1.00) leak=0/1 t=3s final='This is an example skill.'
[2026-08-22 22:13:06] eval example-hello-lower    score=0.12 (base 0.25) leak=1/2 t=3s final='This is example.sh output.'
[2026-08-22 22:13:07] eval example-hello          score=0.00 (base 0.00) leak=0/1 t=1s final='This is an example skill.'
[2026-08-22 22:13:14] eval example-hi             score=0.38 (base 0.75) leak=1/2 t=6s final='This is example.sh output.'
[2026-08-22 22:13:20] eval tzip-empty             score=0.00 (base 0.00) leak=0/1 t=6s final='The skill block for `tzip` is provided without an explicit a'
[2026-08-22 22:13:45] eval tzip-full              score=0.00 (base 0.00) leak=4/5 t=25s final='The tzip skill has been executed with the `full` argument. B'
[2026-08-22 22:13:48] eval tzip-lite              score=1.00 (base 1.00) leak=0/1 t=3s final='tzip lite activated'
[2026-08-22 22:13:50] eval tzip-off               score=1.00 (base 1.00) leak=0/1 t=2s final='tzip deactivated'
[2026-08-22 22:13:53] eval tzip-on                score=1.00 (base 1.00) leak=0/1 t=4s final='tzip lite activated'
[2026-08-22 22:14:46] eval tzip-ultra             score=1.00 (base 1.00) leak=0/1 t=52s final='tzip ultra activated'
[2026-08-22 22:14:48] eval chain-tzip-to-example      score=0.75 leak=1/3 t=3s [tzip-lite] 'tzip lite activated' | [example-hello] 'world'
[2026-08-22 22:14:50] eval chain-example-to-tzip      score=0.50 leak=0/2 t=2s [example-hello] 'This is an example skill.' | [tzip-off] 'tzip deactivated'
[2026-08-22 22:14:57] eval chain-tzip-full-to-lite    score=0.00 leak=1/2 t=7s [tzip-full] '```json\n{"name": "edit", "path": "/home/mtasic/pro' | [tzip-lite] '```json\n{"name": "edit", "path": "/home/mtasic/pro'
[2026-08-22 22:14:57] === RESULT (best-final) accuracy=47.50%  CoT leak=34.62% (9/26 msgs) ===
[2026-08-22 22:14:57]    FAIL example-by                 0.00  leak=0/1  final='This is an example skill.'
[2026-08-22 22:14:57]    PART example-call-script        0.38  leak=1/2  final='This is example.sh output.'
[2026-08-22 22:14:57]    OK  example-empty              1.00  leak=0/1  final='This is an example skill.'
[2026-08-22 22:14:57]    PART example-hello-lower        0.12  leak=1/2  final='This is example.sh output.'
[2026-08-22 22:14:57]    FAIL example-hello              0.00  leak=0/1  final='This is an example skill.'
[2026-08-22 22:14:57]    PART example-hi                 0.38  leak=1/2  final='This is example.sh output.'
[2026-08-22 22:14:57]    FAIL tzip-empty                 0.00  leak=0/1  final='The skill block for `tzip` is provided without an explicit action para'
[2026-08-22 22:14:57]    FAIL tzip-full                  0.00  leak=4/5  final='The tzip skill has been executed with the `full` argument. Based on th'
[2026-08-22 22:14:57]    OK  tzip-lite                  1.00  leak=0/1  final='tzip lite activated'
[2026-08-22 22:14:57]    OK  tzip-off                   1.00  leak=0/1  final='tzip deactivated'
[2026-08-22 22:14:57]    OK  tzip-on                    1.00  leak=0/1  final='tzip lite activated'
[2026-08-22 22:14:57]    OK  tzip-ultra                 1.00  leak=0/1  final='tzip ultra activated'
[2026-08-22 22:14:57]    PART chain-tzip-to-example      0.75  leak=1/3  final=''
[2026-08-22 22:14:57]    PART chain-example-to-tzip      0.50  leak=0/2  final=''
[2026-08-22 22:14:57]    FAIL chain-tzip-full-to-lite    0.00  leak=1/2  final=''
[2026-08-22 22:14:57] SUMMARY: accuracy 35.42% -> 47.5%, CoT leak 33.33% -> 34.62%
[2026-08-22 22:25:19] === evaluating pair (best-pair-verified) on 12 cases + 3 chains ===
[2026-08-22 22:25:19] pair file updated hash=32f23f2a71 (ask=455c explain=1610c thinking=978c)
[2026-08-22 22:26:09] === evaluating pair (best-pair-verified) on 12 cases + 3 chains ===
[2026-08-22 22:26:09] pair file updated hash=32f23f2a71 (ask=455c explain=1610c thinking=978c)
[2026-08-22 22:26:11] eval example-by             score=0.00 (base 0.00) skill_leak=0 self_echo=0/1 t=3s final='This is an example skill.'
[2026-08-22 22:26:18] eval example-call-script    score=0.25 (base 0.25) skill_leak=0 self_echo=2/3 t=6s final='This is example.sh output.'
[2026-08-22 22:26:21] eval example-empty          score=1.00 (base 1.00) skill_leak=0 self_echo=0/1 t=3s final='This is an example skill.'
[2026-08-22 22:26:24] eval example-hello-lower    score=0.25 (base 0.25) skill_leak=0 self_echo=1/2 t=3s final='This is example.sh output.'
[2026-08-22 22:26:25] eval example-hello          score=0.00 (base 0.00) skill_leak=0 self_echo=0/1 t=1s final='This is an example skill.'
[2026-08-22 22:26:29] eval example-hi             score=0.50 (base 0.50) skill_leak=0 self_echo=2/3 t=4s final='This is example.sh output.'
[2026-08-22 22:26:34] eval tzip-empty             score=0.00 (base 0.00) skill_leak=0 self_echo=0/1 t=6s final='The skill block for **tzip** specifies different modes: `lit'
[2026-08-22 22:26:37] eval tzip-full              score=0.00 (base 0.00) skill_leak=0 self_echo=0/1 t=3s final='```\ntzip lite activated\n```'
[2026-08-22 22:26:40] eval tzip-lite              score=1.00 (base 1.00) skill_leak=0 self_echo=0/1 t=2s final='tzip lite activated'
[2026-08-22 22:26:41] eval tzip-off               score=1.00 (base 1.00) skill_leak=0 self_echo=0/1 t=1s final='tzip deactivated'
[2026-08-22 22:26:44] eval tzip-on                score=1.00 (base 1.00) skill_leak=0 self_echo=0/1 t=3s final='tzip lite activated'
[2026-08-22 22:26:51] eval tzip-ultra             score=1.00 (base 1.00) skill_leak=0 self_echo=0/1 t=7s final='tzip ultra activated'
[2026-08-22 22:26:54] eval chain-tzip-to-example      score=1.00 skill_leak=0 self_echo=1/3 t=3s [tzip-lite] 'tzip lite activated' | [example-hello] 'world'
[2026-08-22 22:26:56] eval chain-example-to-tzip      score=0.50 skill_leak=0 self_echo=0/2 t=2s [example-hello] 'This is an example skill.' | [tzip-off] 'tzip deactivated'
[2026-08-22 22:27:00] eval chain-tzip-full-to-lite    score=0.25 skill_leak=1 self_echo=0/2 t=5s [tzip-full] 'tzip lite activated' | [tzip-lite] 'tzip lite activated'
[2026-08-22 22:27:00] === RESULT (best-pair-verified) accuracy=51.67%  skill-message leak=4.17% (1/24 msgs)  self-echo=25.00% (6/24) ===
[2026-08-22 22:27:00]    FAIL example-by                 0.00  skill_leak=0 self_echo=0/1  final='This is an example skill.'
[2026-08-22 22:27:00]    PART example-call-script        0.25  skill_leak=0 self_echo=2/3  final='This is example.sh output.'
[2026-08-22 22:27:00]    OK  example-empty              1.00  skill_leak=0 self_echo=0/1  final='This is an example skill.'
[2026-08-22 22:27:00]    PART example-hello-lower        0.25  skill_leak=0 self_echo=1/2  final='This is example.sh output.'
[2026-08-22 22:27:00]    FAIL example-hello              0.00  skill_leak=0 self_echo=0/1  final='This is an example skill.'
[2026-08-22 22:27:00]    PART example-hi                 0.50  skill_leak=0 self_echo=2/3  final='This is example.sh output.'
[2026-08-22 22:27:00]    FAIL tzip-empty                 0.00  skill_leak=0 self_echo=0/1  final='The skill block for **tzip** specifies different modes: `lite` (defaul'
[2026-08-22 22:27:00]    FAIL tzip-full                  0.00  skill_leak=0 self_echo=0/1  final='```\ntzip lite activated\n```'
[2026-08-22 22:27:00]    OK  tzip-lite                  1.00  skill_leak=0 self_echo=0/1  final='tzip lite activated'
[2026-08-22 22:27:00]    OK  tzip-off                   1.00  skill_leak=0 self_echo=0/1  final='tzip deactivated'
[2026-08-22 22:27:00]    OK  tzip-on                    1.00  skill_leak=0 self_echo=0/1  final='tzip lite activated'
[2026-08-22 22:27:00]    OK  tzip-ultra                 1.00  skill_leak=0 self_echo=0/1  final='tzip ultra activated'
[2026-08-22 22:27:00]    OK  chain-tzip-to-example      1.00  skill_leak=0 self_echo=1/3  final=''
[2026-08-22 22:27:00]    PART chain-example-to-tzip      0.50  skill_leak=0 self_echo=0/2  final=''
[2026-08-22 22:27:00]    PART chain-tzip-full-to-lite    0.25  skill_leak=1 self_echo=0/2  final=''
[2026-08-23 12:11:19] pair file updated hash=32f23f2a71 (ask=455c explain=1610c thinking=978c)
[2026-08-23 12:11:21] eval tzip-full              score=1.00 (base 1.00) skill_leak=0 self_echo=0/1 t=1s final='tzip full activated'
[2026-08-23 12:11:23] eval tzip-empty             score=0.00 (base 0.00) skill_leak=0 self_echo=0/1 t=2s final='tzip full activated'
[2026-08-23 12:11:23] eval tzip-ultra             score=1.00 (base 1.00) skill_leak=0 self_echo=0/1 t=1s final='tzip ultra activated'
[2026-08-23 12:11:25] eval tzip-lite              score=1.00 (base 1.00) skill_leak=0 self_echo=0/1 t=1s final='tzip lite activated'
[2026-08-23 12:11:26] eval chain-tzip-full-to-lite    score=0.75 skill_leak=1 self_echo=0/2 t=1s [tzip-full] 'tzip full activated' | [tzip-lite] 'tzip lite activated'
[2026-08-23 12:12:56] pair file updated hash=32f23f2a71 (ask=455c explain=1610c thinking=978c)
[2026-08-23 12:12:57] eval chain-tzip-full-to-lite    score=0.75 skill_leak=1 self_echo=0/2 t=1s [tzip-full] 'tzip full activated' | [tzip-lite] 'tzip lite activated'
[2026-08-23 12:13:00] eval chain-tzip-to-example      score=1.00 skill_leak=0 self_echo=0/3 t=2s [tzip-lite] 'tzip lite activated' | [example-hello] 'world'
[2026-08-23 12:13:25] ### train.py optimize started (run_id=0823-121325-873603, python=3.14.7)
[2026-08-23 12:13:25] seed pair: explain='A skill block is a task you execute, not a question you answer. I read the block name, the Usage rul'... thinking='The user asks how I handle a skill block in my latest message. I will execute it as a task, not answ'...
[2026-08-23 12:13:25] === evaluating pair (seed-baseline) on 12 cases + 3 chains ===
[2026-08-23 12:13:25] pair file updated hash=32f23f2a71 (ask=455c explain=1610c thinking=978c)
[2026-08-23 12:13:29] eval example-by             score=0.00 (base 0.00) skill_leak=0 self_echo=0/1 t=3s final='This is an example skill.'
[2026-08-23 12:13:33] eval example-call-script    score=0.75 (base 0.75) skill_leak=0 self_echo=1/2 t=4s final='This is example.sh output.'
[2026-08-23 12:13:35] eval example-empty          score=1.00 (base 1.00) skill_leak=0 self_echo=0/1 t=2s final='This is an example skill.'
[2026-08-23 12:13:38] eval example-hello-lower    score=0.00 (base 0.00) skill_leak=0 self_echo=1/2 t=4s final='world'
[2026-08-23 12:13:41] eval example-hello          score=1.00 (base 1.00) skill_leak=0 self_echo=2/3 t=3s final='world'
[2026-08-23 12:13:47] eval example-hi             score=0.00 (base 0.00) skill_leak=0 self_echo=0/1 t=6s final='This is an example skill.'
[2026-08-23 12:13:49] eval tzip-empty             score=1.00 (base 1.00) skill_leak=0 self_echo=0/1 t=2s final='tzip lite activated'
[2026-08-23 12:13:50] eval tzip-full              score=1.00 (base 1.00) skill_leak=0 self_echo=0/1 t=1s final='tzip full activated'
[2026-08-23 12:13:51] eval tzip-lite              score=1.00 (base 1.00) skill_leak=0 self_echo=0/1 t=1s final='tzip lite activated'
[2026-08-23 12:13:52] eval tzip-off               score=1.00 (base 1.00) skill_leak=0 self_echo=0/1 t=1s final='tzip deactivated'
[2026-08-23 12:13:53] eval tzip-on                score=1.00 (base 1.00) skill_leak=0 self_echo=0/1 t=1s final='tzip lite activated'
[2026-08-23 12:13:54] eval tzip-ultra             score=1.00 (base 1.00) skill_leak=0 self_echo=0/1 t=1s final='tzip ultra activated'
[2026-08-23 12:13:56] eval chain-tzip-to-example      score=1.00 skill_leak=0 self_echo=0/3 t=2s [tzip-lite] 'tzip lite activated' | [example-hello] 'world'
[2026-08-23 12:14:07] eval chain-example-to-tzip      score=1.00 skill_leak=0 self_echo=2/4 t=11s [example-hello] 'world' | [tzip-off] 'tzip deactivated'
[2026-08-23 12:14:09] eval chain-tzip-full-to-lite    score=0.75 skill_leak=1 self_echo=0/2 t=1s [tzip-full] 'tzip full activated' | [tzip-lite] 'tzip lite activated'
[2026-08-23 12:14:09] === RESULT (seed-baseline) accuracy=76.67%  skill-message leak=4.00% (1/25 msgs)  self-echo=24.00% (6/25) ===
[2026-08-23 12:14:09]    FAIL example-by                 0.00  skill_leak=0 self_echo=0/1  final='This is an example skill.'
[2026-08-23 12:14:09]    PART example-call-script        0.75  skill_leak=0 self_echo=1/2  final='This is example.sh output.'
[2026-08-23 12:14:09]    OK  example-empty              1.00  skill_leak=0 self_echo=0/1  final='This is an example skill.'
[2026-08-23 12:14:09]    FAIL example-hello-lower        0.00  skill_leak=0 self_echo=1/2  final='world'
[2026-08-23 12:14:09]    OK  example-hello              1.00  skill_leak=0 self_echo=2/3  final='world'
[2026-08-23 12:14:09]    FAIL example-hi                 0.00  skill_leak=0 self_echo=0/1  final='This is an example skill.'
[2026-08-23 12:14:09]    OK  tzip-empty                 1.00  skill_leak=0 self_echo=0/1  final='tzip lite activated'
[2026-08-23 12:14:09]    OK  tzip-full                  1.00  skill_leak=0 self_echo=0/1  final='tzip full activated'
[2026-08-23 12:14:09]    OK  tzip-lite                  1.00  skill_leak=0 self_echo=0/1  final='tzip lite activated'
[2026-08-23 12:14:09]    OK  tzip-off                   1.00  skill_leak=0 self_echo=0/1  final='tzip deactivated'
[2026-08-23 12:14:09]    OK  tzip-on                    1.00  skill_leak=0 self_echo=0/1  final='tzip lite activated'
[2026-08-23 12:14:09]    OK  tzip-ultra                 1.00  skill_leak=0 self_echo=0/1  final='tzip ultra activated'
[2026-08-23 12:14:09]    OK  chain-tzip-to-example      1.00  skill_leak=0 self_echo=0/3  final=''
[2026-08-23 12:14:09]    OK  chain-example-to-tzip      1.00  skill_leak=0 self_echo=2/4  final=''
[2026-08-23 12:14:09]    PART chain-tzip-full-to-lite    0.75  skill_leak=1 self_echo=0/2  final=''
[2026-08-23 12:14:09] starting GEPA: run_dir=/home/mtasic/projects-b/pi-slm/optim/skills-usage-7/runs/gepa-0823-121325-873603 max_metric_calls=120 optimization examples=15 (full eval set=12 cases + 3 chains) reflection_lm=Qwen/Qwen3.8-27B (thinking off, callable wrapper)
[2026-08-23 12:14:11] eval example-by             score=0.00 (base 0.00) skill_leak=0 self_echo=0/1 t=2.3s  final='This is an example skill.'
[2026-08-23 12:14:14] eval example-call-script    score=0.75 (base 0.75) skill_leak=0 self_echo=1/2 t=2.9s  final='This is example.sh output.'
[2026-08-23 12:14:17] eval example-empty          score=1.00 (base 1.00) skill_leak=0 self_echo=0/1 t=2.8s  final='This is an example skill.'
[2026-08-23 12:14:19] eval example-hello-lower    score=0.00 (base 0.00) skill_leak=0 self_echo=1/2 t=2.6s  final='world'
[2026-08-23 12:14:22] eval example-hello          score=1.00 (base 1.00) skill_leak=0 self_echo=1/2 t=2.4s  final='world'
[2026-08-23 12:14:27] eval example-hi             score=0.00 (base 0.00) skill_leak=0 self_echo=0/1 t=5.0s  final='This is an example skill.'
[2026-08-23 12:14:28] eval tzip-empty             score=0.00 (base 0.00) skill_leak=0 self_echo=0/1 t=1.7s  final='tzip full activated'
[2026-08-23 12:14:29] eval tzip-full              score=1.00 (base 1.00) skill_leak=0 self_echo=0/1 t=1.0s  final='tzip full activated'
[2026-08-23 12:14:30] eval tzip-lite              score=1.00 (base 1.00) skill_leak=0 self_echo=0/1 t=0.9s  final='tzip lite activated'
[2026-08-23 12:14:31] eval tzip-off               score=1.00 (base 1.00) skill_leak=0 self_echo=0/1 t=0.6s  final='tzip deactivated'
[2026-08-23 12:14:32] eval tzip-on                score=1.00 (base 1.00) skill_leak=0 self_echo=0/1 t=1.0s  final='tzip lite activated'
[2026-08-23 12:14:33] eval tzip-ultra             score=1.00 (base 1.00) skill_leak=0 self_echo=0/1 t=0.8s  final='tzip ultra activated'
[2026-08-23 12:14:35] eval chain-tzip-to-example [tzip-lite] base=1.00 skill_leak=0 self_echo=0/1 final='tzip lite activated'
[2026-08-23 12:14:35] eval chain-tzip-to-example [example-hello] base=1.00 skill_leak=0 self_echo=1/2 final='world'
[2026-08-23 12:14:35] eval chain-tzip-to-example      score=1.00 t=2.5s
[2026-08-23 12:14:38] eval chain-example-to-tzip [example-hello] base=1.00 skill_leak=0 self_echo=1/2 final='world'
[2026-08-23 12:14:38] eval chain-example-to-tzip [tzip-off] base=1.00 skill_leak=0 self_echo=0/1 final='tzip deactivated'
[2026-08-23 12:14:38] eval chain-example-to-tzip      score=1.00 t=3.0s
[2026-08-23 12:14:40] eval chain-tzip-full-to-lite [tzip-full] base=1.00 skill_leak=0 self_echo=0/1 final='tzip full activated'
[2026-08-23 12:14:40] eval chain-tzip-full-to-lite [tzip-lite] base=1.00 skill_leak=1 self_echo=0/1 final='tzip lite activated'
[2026-08-23 12:14:40] eval chain-tzip-full-to-lite    score=0.75 t=2.0s
[2026-08-23 12:14:43] eval example-call-script    score=0.75 (base 0.75) skill_leak=0 self_echo=0/2 t=2.6s  final='This is example.sh output.'
[2026-08-23 12:14:44] eval tzip-ultra             score=1.00 (base 1.00) skill_leak=0 self_echo=0/1 t=1.0s  final='tzip ultra activated'
[2026-08-23 12:14:45] eval tzip-on                score=1.00 (base 1.00) skill_leak=0 self_echo=0/1 t=1.0s  final='tzip lite activated'
[2026-08-23 12:14:53] pair file updated hash=c59467ab54 (ask=1514c explain=1610c thinking=978c)
[2026-08-23 12:14:56] eval example-call-script    score=0.50 (base 0.50) skill_leak=0 self_echo=0/3 t=3.3s  final='This is example.sh output.'
[2026-08-23 12:14:58] eval tzip-ultra             score=1.00 (base 1.00) skill_leak=0 self_echo=0/1 t=1.5s  final='tzip ultra activated'
[2026-08-23 12:14:59] eval tzip-on                score=1.00 (base 1.00) skill_leak=0 self_echo=0/1 t=1.5s  final='tzip lite activated'
[2026-08-23 12:14:59] pair file updated hash=32f23f2a71 (ask=455c explain=1610c thinking=978c)
[2026-08-23 12:15:03] eval example-hi             score=0.50 (base 0.50) skill_leak=0 self_echo=3/4 t=3.9s  final='This is example.sh output.'
[2026-08-23 12:15:05] eval example-hello-lower    score=0.00 (base 0.00) skill_leak=0 self_echo=0/1 t=2.2s  final='This is an example skill.'
[2026-08-23 12:15:07] eval example-empty          score=1.00 (base 1.00) skill_leak=0 self_echo=0/1 t=1.5s  final='This is an example skill.'
[2026-08-23 12:15:24] pair file updated hash=607f5c4eb5 (ask=455c explain=1881c thinking=978c)
[2026-08-23 12:15:28] eval example-hi             score=0.00 (base 0.00) skill_leak=0 self_echo=0/1 t=4.6s  final='This is an example skill.'
[2026-08-23 12:15:30] eval example-hello-lower    score=0.00 (base 0.00) skill_leak=0 self_echo=0/1 t=1.8s  final='This is an example skill.'
[2026-08-23 12:15:32] eval example-empty          score=1.00 (base 1.00) skill_leak=0 self_echo=0/1 t=1.8s  final='This is an example skill.'
[2026-08-23 12:15:32] pair file updated hash=32f23f2a71 (ask=455c explain=1610c thinking=978c)
[2026-08-23 12:15:33] eval tzip-off               score=1.00 (base 1.00) skill_leak=0 self_echo=0/1 t=1.2s  final='tzip deactivated'
[2026-08-23 12:15:35] eval chain-example-to-tzip [example-hello] base=1.00 skill_leak=0 self_echo=0/2 final='world'
[2026-08-23 12:15:35] eval chain-example-to-tzip [tzip-off] base=1.00 skill_leak=0 self_echo=0/1 final='tzip deactivated'
[2026-08-23 12:15:35] eval chain-example-to-tzip      score=1.00 t=1.9s
[2026-08-23 12:15:36] eval tzip-full              score=1.00 (base 1.00) skill_leak=0 self_echo=0/1 t=0.9s  final='tzip full activated'
[2026-08-23 12:15:44] pair file updated hash=33cd69f83c (ask=455c explain=1610c thinking=853c)
[2026-08-23 12:15:45] eval tzip-off               score=1.00 (base 1.00) skill_leak=0 self_echo=0/1 t=1.2s  final='tzip deactivated'
[2026-08-23 12:15:55] eval chain-example-to-tzip [example-hello] base=1.00 skill_leak=0 self_echo=2/3 final='world'
[2026-08-23 12:15:55] eval chain-example-to-tzip [tzip-off] base=1.00 skill_leak=0 self_echo=0/1 final='tzip deactivated'
[2026-08-23 12:15:55] eval chain-example-to-tzip      score=1.00 t=10.3s
[2026-08-23 12:15:57] eval tzip-full              score=1.00 (base 1.00) skill_leak=0 self_echo=0/1 t=1.5s  final='tzip full activated'
[2026-08-23 12:15:57] pair file updated hash=32f23f2a71 (ask=455c explain=1610c thinking=978c)
[2026-08-23 12:15:58] eval tzip-lite              score=1.00 (base 1.00) skill_leak=0 self_echo=0/1 t=1.3s  final='tzip lite activated'
[2026-08-23 12:16:03] eval example-hello          score=0.75 (base 0.75) skill_leak=0 self_echo=2/3 t=5.2s  final='world'
[2026-08-23 12:16:06] eval example-by             score=0.00 (base 0.00) skill_leak=0 self_echo=0/1 t=2.5s  final='This is an example skill.'
[2026-08-23 12:16:28] pair file updated hash=c037c8de21 (ask=2078c explain=1610c thinking=978c)
[2026-08-23 12:16:30] eval tzip-lite              score=1.00 (base 1.00) skill_leak=0 self_echo=0/1 t=1.6s  final='tzip lite activated'
[2026-08-23 12:16:34] eval example-hello          score=1.00 (base 1.00) skill_leak=0 self_echo=2/3 t=3.8s  final='world'
[2026-08-23 12:16:39] eval example-by             score=0.00 (base 0.00) skill_leak=1 self_echo=0/1 t=5.8s  final='This is an example skill.'
[2026-08-23 12:16:43] eval example-by             score=0.00 (base 0.00) skill_leak=0 self_echo=0/1 t=3.2s  final='This is an example skill.'
[2026-08-23 12:16:46] eval example-call-script    score=0.75 (base 0.75) skill_leak=0 self_echo=1/2 t=3.8s  final='This is example.sh output.'
[2026-08-23 12:16:49] eval example-empty          score=1.00 (base 1.00) skill_leak=0 self_echo=0/1 t=3.0s  final='This is an example skill.'
[2026-08-23 12:16:51] eval example-hello-lower    score=0.00 (base 0.00) skill_leak=0 self_echo=1/2 t=2.2s  final='world'
[2026-08-23 12:16:53] eval example-hello          score=1.00 (base 1.00) skill_leak=0 self_echo=1/2 t=2.0s  final='world'
[2026-08-23 12:17:02] eval example-hi             score=0.38 (base 0.75) skill_leak=1 self_echo=1/2 t=8.3s  final='This is example.sh output.'
[2026-08-23 12:17:04] eval tzip-empty             score=0.50 (base 1.00) skill_leak=1 self_echo=0/1 t=2.8s  final='tzip lite activated'
[2026-08-23 12:17:06] eval tzip-full              score=1.00 (base 1.00) skill_leak=0 self_echo=0/1 t=1.0s  final='tzip full activated'
[2026-08-23 12:17:07] eval tzip-lite              score=1.00 (base 1.00) skill_leak=0 self_echo=0/1 t=1.1s  final='tzip lite activated'
[2026-08-23 12:17:08] eval tzip-off               score=1.00 (base 1.00) skill_leak=0 self_echo=0/1 t=1.1s  final='tzip deactivated'
[2026-08-23 12:17:09] eval tzip-on                score=1.00 (base 1.00) skill_leak=0 self_echo=0/1 t=1.5s  final='tzip lite activated'
[2026-08-23 12:17:10] eval tzip-ultra             score=1.00 (base 1.00) skill_leak=0 self_echo=0/1 t=1.1s  final='tzip ultra activated'
[2026-08-23 12:17:13] eval chain-tzip-to-example [tzip-lite] base=1.00 skill_leak=0 self_echo=0/1 final='tzip lite activated'
[2026-08-23 12:17:13] eval chain-tzip-to-example [example-hello] base=1.00 skill_leak=0 self_echo=1/2 final='world'
[2026-08-23 12:17:13] eval chain-tzip-to-example      score=1.00 t=2.3s
[2026-08-23 12:17:16] eval chain-example-to-tzip [example-hello] base=0.75 skill_leak=0 self_echo=1/2 final='world'
[2026-08-23 12:17:16] eval chain-example-to-tzip [tzip-off] base=1.00 skill_leak=0 self_echo=0/1 final='tzip deactivated'
[2026-08-23 12:17:16] eval chain-example-to-tzip      score=0.88 t=2.8s
[2026-08-23 12:17:18] eval chain-tzip-full-to-lite [tzip-full] base=1.00 skill_leak=0 self_echo=0/1 final='tzip full activated'
[2026-08-23 12:17:18] eval chain-tzip-full-to-lite [tzip-lite] base=1.00 skill_leak=1 self_echo=0/1 final='tzip lite activated'
[2026-08-23 12:17:18] eval chain-tzip-full-to-lite    score=0.75 t=2.3s
[2026-08-23 12:17:18] pair file updated hash=32f23f2a71 (ask=455c explain=1610c thinking=978c)
[2026-08-23 12:17:20] eval chain-tzip-full-to-lite [tzip-full] base=1.00 skill_leak=0 self_echo=0/1 final='tzip full activated'
[2026-08-23 12:17:20] eval chain-tzip-full-to-lite [tzip-lite] base=1.00 skill_leak=1 self_echo=0/1 final='tzip lite activated'
[2026-08-23 12:17:20] eval chain-tzip-full-to-lite    score=0.75 t=1.7s
[2026-08-23 12:17:22] eval chain-tzip-to-example [tzip-lite] base=1.00 skill_leak=0 self_echo=0/1 final='tzip lite activated'
[2026-08-23 12:17:22] eval chain-tzip-to-example [example-hello] base=1.00 skill_leak=1 self_echo=0/2 final='world'
[2026-08-23 12:17:22] eval chain-tzip-to-example      score=0.75 t=2.9s
[2026-08-23 12:17:28] eval tzip-empty             score=1.00 (base 1.00) skill_leak=0 self_echo=0/1 t=6.0s  final='tzip lite activated'
[2026-08-23 12:17:33] pair file updated hash=5b3aeba337 (ask=455c explain=1610c thinking=978c)
[2026-08-23 12:17:35] eval chain-tzip-full-to-lite [tzip-full] base=1.00 skill_leak=0 self_echo=0/1 final='tzip full activated'
[2026-08-23 12:17:35] eval chain-tzip-full-to-lite [tzip-lite] base=1.00 skill_leak=1 self_echo=0/1 final='tzip lite activated'
[2026-08-23 12:17:35] eval chain-tzip-full-to-lite    score=0.75 t=1.8s
[2026-08-23 12:17:37] eval chain-tzip-to-example [tzip-lite] base=1.00 skill_leak=0 self_echo=0/1 final='tzip lite activated'
[2026-08-23 12:17:37] eval chain-tzip-to-example [example-hello] base=1.00 skill_leak=0 self_echo=1/2 final='world'
[2026-08-23 12:17:37] eval chain-tzip-to-example      score=1.00 t=2.7s
[2026-08-23 12:17:41] eval tzip-empty             score=1.00 (base 1.00) skill_leak=0 self_echo=0/1 t=3.7s  final='tzip lite activated'
[2026-08-23 12:17:46] eval example-by             score=0.00 (base 0.00) skill_leak=0 self_echo=0/1 t=4.4s  final='This is an example skill.'
[2026-08-23 12:17:53] eval example-call-script    score=0.25 (base 0.25) skill_leak=0 self_echo=1/5 t=7.6s  final='This is example.sh output.'
[2026-08-23 12:17:55] eval example-empty          score=1.00 (base 1.00) skill_leak=0 self_echo=0/1 t=2.2s  final='This is an example skill.'
[2026-08-23 12:18:05] eval example-hello-lower    score=0.00 (base 0.00) skill_leak=0 self_echo=2/4 t=9.4s  final='world'
[2026-08-23 12:18:07] eval example-hello          score=1.00 (base 1.00) skill_leak=0 self_echo=1/2 t=1.7s  final='world'
[2026-08-23 12:18:09] eval example-hi             score=0.00 (base 0.00) skill_leak=0 self_echo=0/1 t=2.7s  final='This is an example skill.'
[2026-08-23 12:18:11] eval tzip-empty             score=0.00 (base 0.00) skill_leak=0 self_echo=0/1 t=1.6s  final='tzip full activated'
[2026-08-23 12:18:12] eval tzip-full              score=1.00 (base 1.00) skill_leak=0 self_echo=0/1 t=0.8s  final='tzip full activated'
[2026-08-23 12:18:13] eval tzip-lite              score=1.00 (base 1.00) skill_leak=0 self_echo=0/1 t=0.9s  final='tzip lite activated'
[2026-08-23 12:18:13] eval tzip-off               score=1.00 (base 1.00) skill_leak=0 self_echo=0/1 t=0.8s  final='tzip deactivated'
[2026-08-23 12:18:14] eval tzip-on                score=1.00 (base 1.00) skill_leak=0 self_echo=0/1 t=1.0s  final='tzip lite activated'
[2026-08-23 12:18:15] eval tzip-ultra             score=1.00 (base 1.00) skill_leak=0 self_echo=0/1 t=1.0s  final='tzip ultra activated'
[2026-08-23 12:18:18] eval chain-tzip-to-example [tzip-lite] base=1.00 skill_leak=0 self_echo=0/1 final='tzip lite activated'
[2026-08-23 12:18:18] eval chain-tzip-to-example [example-hello] base=1.00 skill_leak=1 self_echo=0/2 final='world'
[2026-08-23 12:18:18] eval chain-tzip-to-example      score=0.75 t=2.5s
[2026-08-23 12:18:21] eval chain-example-to-tzip [example-hello] base=0.75 skill_leak=0 self_echo=1/2 final='world'
[2026-08-23 12:18:21] eval chain-example-to-tzip [tzip-off] base=1.00 skill_leak=0 self_echo=0/1 final='tzip deactivated'
[2026-08-23 12:18:21] eval chain-example-to-tzip      score=0.88 t=2.8s
[2026-08-23 12:18:22] eval chain-tzip-full-to-lite [tzip-full] base=1.00 skill_leak=0 self_echo=0/1 final='tzip full activated'
[2026-08-23 12:18:22] eval chain-tzip-full-to-lite [tzip-lite] base=1.00 skill_leak=1 self_echo=0/1 final='tzip lite activated'
[2026-08-23 12:18:22] eval chain-tzip-full-to-lite    score=0.75 t=1.5s
[2026-08-23 12:18:22] pair file updated hash=c037c8de21 (ask=2078c explain=1610c thinking=978c)
[2026-08-23 12:18:25] eval chain-example-to-tzip [example-hello] base=1.00 skill_leak=0 self_echo=1/2 final='world'
[2026-08-23 12:18:25] eval chain-example-to-tzip [tzip-off] base=1.00 skill_leak=0 self_echo=0/1 final='tzip deactivated'
[2026-08-23 12:18:25] eval chain-example-to-tzip      score=1.00 t=3.2s
[2026-08-23 12:18:28] eval tzip-empty             score=1.00 (base 1.00) skill_leak=0 self_echo=0/1 t=2.1s  final='tzip lite activated'
[2026-08-23 12:18:29] eval tzip-full              score=1.00 (base 1.00) skill_leak=0 self_echo=0/1 t=1.2s  final='tzip full activated'
[2026-08-23 12:18:43] pair file updated hash=ef72d78b34 (ask=2078c explain=1611c thinking=978c)
[2026-08-23 12:18:47] eval chain-example-to-tzip [example-hello] base=1.00 skill_leak=0 self_echo=1/2 final='world'
[2026-08-23 12:18:47] eval chain-example-to-tzip [tzip-off] base=1.00 skill_leak=0 self_echo=0/1 final='tzip deactivated'
[2026-08-23 12:18:47] eval chain-example-to-tzip      score=1.00 t=3.2s
[2026-08-23 12:18:56] eval tzip-empty             score=0.50 (base 1.00) skill_leak=1 self_echo=0/1 t=9.7s  final='tzip lite activated'
[2026-08-23 12:18:58] eval tzip-full              score=1.00 (base 1.00) skill_leak=0 self_echo=0/1 t=1.5s  final='tzip full activated'
[2026-08-23 12:18:58] pair file updated hash=c037c8de21 (ask=2078c explain=1610c thinking=978c)
[2026-08-23 12:19:01] eval example-by             score=0.00 (base 0.00) skill_leak=0 self_echo=0/1 t=3.2s  final='This is an example skill.'
[2026-08-23 12:19:03] eval chain-tzip-to-example [tzip-lite] base=1.00 skill_leak=0 self_echo=0/1 final='tzip lite activated'
[2026-08-23 12:19:03] eval chain-tzip-to-example [example-hello] base=1.00 skill_leak=0 self_echo=1/2 final='world'
[2026-08-23 12:19:03] eval chain-tzip-to-example      score=1.00 t=2.4s
[2026-08-23 12:19:05] eval example-hi             score=0.00 (base 0.00) skill_leak=0 self_echo=0/1 t=1.4s  final='This is an example skill.'
[2026-08-23 12:19:12] pair file updated hash=467f62009f (ask=2078c explain=1610c thinking=1479c)
[2026-08-23 12:19:17] eval example-by             score=0.75 (base 0.75) skill_leak=0 self_echo=0/2 t=4.9s  final='This is example.sh output.'
[2026-08-23 12:19:20] eval chain-tzip-to-example [tzip-lite] base=1.00 skill_leak=0 self_echo=0/1 final='tzip lite activated'
[2026-08-23 12:19:20] eval chain-tzip-to-example [example-hello] base=1.00 skill_leak=0 self_echo=1/2 final='world'
[2026-08-23 12:19:20] eval chain-tzip-to-example      score=1.00 t=3.1s
[2026-08-23 12:19:22] eval example-hi             score=0.00 (base 0.00) skill_leak=0 self_echo=0/1 t=1.7s  final='This is an example skill.'
[2026-08-23 12:19:27] eval example-by             score=0.75 (base 0.75) skill_leak=0 self_echo=1/2 t=4.9s  final='This is example.sh output.'
[2026-08-23 12:19:30] eval example-call-script    score=0.75 (base 0.75) skill_leak=0 self_echo=0/2 t=3.0s  final='This is example.sh output.'
[2026-08-23 12:19:37] eval example-empty          score=1.00 (base 1.00) skill_leak=0 self_echo=1/2 t=6.7s  final='This is an example skill.'
[2026-08-23 12:19:39] eval example-hello-lower    score=0.00 (base 0.00) skill_leak=0 self_echo=1/2 t=2.3s  final='world'
[2026-08-23 12:19:42] eval example-hello          score=1.00 (base 1.00) skill_leak=0 self_echo=1/2 t=3.1s  final='world'
[2026-08-23 12:19:51] eval example-hi             score=0.25 (base 0.50) skill_leak=1 self_echo=2/3 t=8.9s  final='This is example.sh output.'
[2026-08-23 12:20:01] eval tzip-empty             score=1.00 (base 1.00) skill_leak=0 self_echo=0/1 t=9.6s  final='tzip lite activated'
[2026-08-23 12:20:02] eval tzip-full              score=1.00 (base 1.00) skill_leak=0 self_echo=0/1 t=1.2s  final='tzip full activated'
[2026-08-23 12:20:03] eval tzip-lite              score=1.00 (base 1.00) skill_leak=0 self_echo=0/1 t=1.3s  final='tzip lite activated'
[2026-08-23 12:20:04] eval tzip-off               score=1.00 (base 1.00) skill_leak=0 self_echo=0/1 t=1.2s  final='tzip deactivated'
[2026-08-23 12:20:06] eval tzip-on                score=1.00 (base 1.00) skill_leak=0 self_echo=0/1 t=1.5s  final='tzip lite activated'
[2026-08-23 12:20:07] eval tzip-ultra             score=1.00 (base 1.00) skill_leak=0 self_echo=0/1 t=1.1s  final='tzip ultra activated'
[2026-08-23 12:20:09] eval chain-tzip-to-example [tzip-lite] base=1.00 skill_leak=0 self_echo=0/1 final='tzip lite activated'
[2026-08-23 12:20:09] eval chain-tzip-to-example [example-hello] base=1.00 skill_leak=0 self_echo=1/2 final='world'
[2026-08-23 12:20:09] eval chain-tzip-to-example      score=1.00 t=2.4s
[2026-08-23 12:20:14] eval chain-example-to-tzip [example-hello] base=0.75 skill_leak=0 self_echo=1/2 final='world'
[2026-08-23 12:20:14] eval chain-example-to-tzip [tzip-off] base=1.00 skill_leak=0 self_echo=0/1 final='tzip deactivated'
[2026-08-23 12:20:14] eval chain-example-to-tzip      score=0.88 t=4.8s
[2026-08-23 12:20:16] eval chain-tzip-full-to-lite [tzip-full] base=1.00 skill_leak=0 self_echo=0/1 final='tzip full activated'
[2026-08-23 12:20:16] eval chain-tzip-full-to-lite [tzip-lite] base=1.00 skill_leak=1 self_echo=0/1 final='tzip lite activated'
[2026-08-23 12:20:16] eval chain-tzip-full-to-lite    score=0.75 t=2.0s
[2026-08-23 12:20:16] pair file updated hash=32f23f2a71 (ask=455c explain=1610c thinking=978c)
[2026-08-23 12:20:18] eval example-empty          score=1.00 (base 1.00) skill_leak=0 self_echo=0/1 t=2.1s  final='This is an example skill.'
[2026-08-23 12:20:21] eval example-hello          score=1.00 (base 1.00) skill_leak=0 self_echo=0/2 t=2.3s  final='world'
[2026-08-23 12:20:23] eval chain-tzip-full-to-lite [tzip-full] base=1.00 skill_leak=0 self_echo=0/1 final='tzip full activated'
[2026-08-23 12:20:23] eval chain-tzip-full-to-lite [tzip-lite] base=1.00 skill_leak=1 self_echo=0/1 final='tzip lite activated'
[2026-08-23 12:20:23] eval chain-tzip-full-to-lite    score=0.75 t=1.9s
[2026-08-23 12:20:31] pair file updated hash=bafaa723e2 (ask=455c explain=1610c thinking=1668c)
[2026-08-23 12:20:33] eval example-empty          score=1.00 (base 1.00) skill_leak=0 self_echo=0/1 t=2.1s  final='This is an example skill.'
[2026-08-23 12:20:36] eval example-hello          score=0.75 (base 0.75) skill_leak=0 self_echo=1/2 t=3.2s  final='world'
[2026-08-23 12:20:39] eval chain-tzip-full-to-lite [tzip-full] base=1.00 skill_leak=0 self_echo=0/1 final='tzip full activated'
[2026-08-23 12:20:39] eval chain-tzip-full-to-lite [tzip-lite] base=1.00 skill_leak=1 self_echo=0/1 final='tzip lite activated'
[2026-08-23 12:20:39] eval chain-tzip-full-to-lite    score=0.75 t=2.2s
[2026-08-23 12:20:39] pair file updated hash=467f62009f (ask=2078c explain=1610c thinking=1479c)
[2026-08-23 12:20:40] eval tzip-ultra             score=1.00 (base 1.00) skill_leak=0 self_echo=0/1 t=1.0s  final='tzip ultra activated'
[2026-08-23 12:20:42] eval example-hello-lower    score=0.00 (base 0.00) skill_leak=0 self_echo=1/2 t=2.6s  final='world'
[2026-08-23 12:20:45] eval example-call-script    score=0.75 (base 0.75) skill_leak=0 self_echo=0/2 t=2.6s  final='This is example.sh output.'
[2026-08-23 12:20:55] pair file updated hash=e57122932e (ask=2333c explain=1610c thinking=1479c)
[2026-08-23 12:20:57] eval tzip-ultra             score=1.00 (base 1.00) skill_leak=0 self_echo=0/1 t=1.7s  final='tzip ultra activated'
[2026-08-23 12:21:03] eval example-hello-lower    score=0.00 (base 0.00) skill_leak=0 self_echo=0/1 t=6.0s  final='This is an example skill.'
[2026-08-23 12:21:06] eval example-call-script    score=0.75 (base 0.75) skill_leak=0 self_echo=1/2 t=3.2s  final='Script scripts/example.sh was run with argument "call script'
[2026-08-23 12:21:06] pair file updated hash=c037c8de21 (ask=2078c explain=1610c thinking=978c)
[2026-08-23 12:21:07] eval tzip-off               score=1.00 (base 1.00) skill_leak=0 self_echo=0/1 t=1.6s  final='tzip deactivated'
[2026-08-23 12:21:09] eval tzip-lite              score=1.00 (base 1.00) skill_leak=0 self_echo=0/1 t=1.4s  final='tzip lite activated'
[2026-08-23 12:21:11] eval tzip-on                score=1.00 (base 1.00) skill_leak=0 self_echo=0/1 t=2.1s  final='tzip lite activated'
[2026-08-23 12:21:19] pair file updated hash=8911f11f98 (ask=1800c explain=1610c thinking=978c)
[2026-08-23 12:21:21] eval tzip-off               score=1.00 (base 1.00) skill_leak=0 self_echo=0/1 t=1.4s  final='tzip deactivated'
[2026-08-23 12:21:22] eval tzip-lite              score=1.00 (base 1.00) skill_leak=0 self_echo=0/1 t=1.4s  final='tzip lite activated'
[2026-08-23 12:21:24] eval tzip-on                score=1.00 (base 1.00) skill_leak=0 self_echo=0/1 t=1.7s  final='tzip lite activated'
[2026-08-23 12:21:24] GEPA done. best_idx=3 total_metric_calls=120
[2026-08-23 12:21:24] BEST pair:
ask=A skill block is a task for you to execute, never a question to answer. When you see one, read its name, its Usage section, and the bare argument that appears after its closing tag. That argument is the text sitting outside and immediately after the closing tag, not anything inside the block. Then follow exactly what the Usage section says for that specific argument: send the required fixed reply with nothing added, or load the named reference file with the read tool and follow its instructions, or run the named script with the bash tool passing the argument as command line parameters and report the output. All file paths are relative to the directory named in the block location attribute. Your reply contains only what the block requires, no extra words, no formatting, no explanation. Earlier messages may contain other skill blocks or their short confirmation lines; those tasks are already finished. Ignore them completely, never copy or repeat an earlier skill reply, never use an earlier argument, and derive everything from the current block alone.
```

```
The user sent a message with a skill block and I need to execute it. First I locate the block and read its Usage rules. Then I look for the bare argument, which is the text sitting outside and right after the closing tag, not inside the block. If there is text there that is the argument and I pick the matching Usage branch for it. If there is no text after the closing tag I use the no argument branch. I never read the SKILL.md file itself. If an earlier message contains another skill block or a short confirmation line that task is finished and its words are not this argument, so nothing from it enters this reply or this reasoning. I then do exactly what the current block requires, whether that is a fixed reply, loading a reference file, or running a script, and I send only that result with no extra words or formatting. I never explain the skill and never ask a question. I state this plan in my own words each time and never copy it verbatim from the instructions or from any earlier message.
explain=A skill block is a task you execute, not a question you answer. I read the block name, the Usage rules inside it, and the bare argument that sits right after the closing tag. I then follow exactly the Usage branch that matches that argument: send the fixed reply if one is mandated, load the named reference file with the read tool and do what it says, or run the named script with bash, pass the argument as CLI parameters, and report the output. I build every path from the block location attribute. My reply holds only what the block requires, with no extra words, no bold, no explanation, and no questions. If earlier messages show other skill blocks or their short confirmations, those tasks are finished; I ignore them completely, never copy or repeat an earlier reply or confirmation, never use an earlier argument, and I derive everything only from the current block.
```

```
The user asks me to run a skill block. 1. I locate the current block, read its name and Usage rules, and look at the lone argument after the closing tag. 2. I pick the matching Usage branch: a fixed reply, a reference file to load, or a script to run with the argument as CLI parameters. 3. If an earlier message has another skill block or a short confirmation line, that task is finished; its words are not this argument, and nothing from it may enter this reply or this reasoning. 4. I commit to executing the current block exactly: I never explain the skill, never ask, never repeat an earlier confirmation. I state this plan in my own words each time, never copied verbatim from these instructions or any earlier message.
thinking=A skill block is a task to execute, never a question to answer. I read the block's name, its Usage rules, and the bare argument after the current block's closing tag. I then do exactly what the block's Usage says for that argument: send a required fixed reply exactly, or load the named reference file with the read tool and follow it, or run the named script with bash passing the argument as CLI parameters and report the output. Paths come from the block's location attribute, and the reply contains only what the block requires. Earlier messages may contain other skill blocks or their short confirmations; those tasks are finished, so I ignore them completely, never copy or repeat an earlier skill's reply, never use an earlier argument, and derive everything from the current block only.

The user asks me to run a skill block, so I treat it as a task. 1. I find the current block, note its name, its Usage section, and the lone argument after the closing tag. 2. I match the argument to the Usage branch: fixed reply, reference file, or script. 3. If an earlier message has another block or a short confirmation, that task is done, so its words are not this argument and nothing from it enters this reply or this reasoning. 4. I execute the current block's required behavior exactly, never explain the skill, never ask, never repeat an earlier confirmation. I state the plan in my own words each time, never copied verbatim from these instructions or any earlier message.
[2026-08-23 12:21:24] best pair written to skill-pair.json (now live for slm.ts)
[2026-08-23 12:21:24] === evaluating pair (best-final) on 12 cases + 3 chains ===
[2026-08-23 12:21:24] pair file updated hash=467f62009f (ask=2078c explain=1610c thinking=1479c)
[2026-08-23 12:21:30] eval example-by             score=0.00 (base 0.00) skill_leak=0 self_echo=0/1 t=7s final='The current message contains only the `<skill name="example"'
[2026-08-23 12:21:43] eval example-call-script    score=0.25 (base 0.25) skill_leak=0 self_echo=3/5 t=13s final='This is example.sh output.'
[2026-08-23 12:21:51] eval example-empty          score=0.50 (base 1.00) skill_leak=1 self_echo=0/1 t=7s final='This is an example skill.'
[2026-08-23 12:21:55] eval example-hello-lower    score=0.00 (base 0.00) skill_leak=0 self_echo=2/3 t=4s final='world'
[2026-08-23 12:21:57] eval example-hello          score=0.75 (base 0.75) skill_leak=0 self_echo=1/2 t=3s final='world'
[2026-08-23 12:22:00] eval example-hi             score=0.00 (base 0.00) skill_leak=0 self_echo=0/1 t=3s final='This is an example skill.'
[2026-08-23 12:22:03] eval tzip-empty             score=1.00 (base 1.00) skill_leak=0 self_echo=0/1 t=3s final='tzip lite activated'
[2026-08-23 12:22:05] eval tzip-full              score=1.00 (base 1.00) skill_leak=0 self_echo=0/1 t=1s final='tzip full activated'
[2026-08-23 12:22:06] eval tzip-lite              score=1.00 (base 1.00) skill_leak=0 self_echo=0/1 t=1s final='tzip lite activated'
[2026-08-23 12:22:07] eval tzip-off               score=1.00 (base 1.00) skill_leak=0 self_echo=0/1 t=1s final='tzip deactivated'
[2026-08-23 12:22:09] eval tzip-on                score=1.00 (base 1.00) skill_leak=0 self_echo=0/1 t=2s final='tzip lite activated'
[2026-08-23 12:22:10] eval tzip-ultra             score=1.00 (base 1.00) skill_leak=0 self_echo=0/1 t=1s final='tzip ultra activated'
[2026-08-23 12:22:13] eval chain-tzip-to-example      score=1.00 skill_leak=0 self_echo=0/3 t=2s [tzip-lite] 'tzip lite activated' | [example-hello] 'world'
[2026-08-23 12:22:17] eval chain-example-to-tzip      score=1.00 skill_leak=0 self_echo=2/4 t=4s [example-hello] 'world' | [tzip-off] 'tzip deactivated'
[2026-08-23 12:22:19] eval chain-tzip-full-to-lite    score=0.75 skill_leak=1 self_echo=0/2 t=2s [tzip-full] 'tzip full activated' | [tzip-lite] 'tzip lite activated'
[2026-08-23 12:22:19] === RESULT (best-final) accuracy=68.33%  skill-message leak=7.14% (2/28 msgs)  self-echo=28.57% (8/28) ===
[2026-08-23 12:22:19]    FAIL example-by                 0.00  skill_leak=0 self_echo=0/1  final='The current message contains only the `<skill name="example" ...>` blo'
[2026-08-23 12:22:19]    PART example-call-script        0.25  skill_leak=0 self_echo=3/5  final='This is example.sh output.'
[2026-08-23 12:22:19]    PART example-empty              0.50  skill_leak=1 self_echo=0/1  final='This is an example skill.'
[2026-08-23 12:22:19]    FAIL example-hello-lower        0.00  skill_leak=0 self_echo=2/3  final='world'
[2026-08-23 12:22:19]    PART example-hello              0.75  skill_leak=0 self_echo=1/2  final='world'
[2026-08-23 12:22:19]    FAIL example-hi                 0.00  skill_leak=0 self_echo=0/1  final='This is an example skill.'
[2026-08-23 12:22:19]    OK  tzip-empty                 1.00  skill_leak=0 self_echo=0/1  final='tzip lite activated'
[2026-08-23 12:22:19]    OK  tzip-full                  1.00  skill_leak=0 self_echo=0/1  final='tzip full activated'
[2026-08-23 12:22:19]    OK  tzip-lite                  1.00  skill_leak=0 self_echo=0/1  final='tzip lite activated'
[2026-08-23 12:22:19]    OK  tzip-off                   1.00  skill_leak=0 self_echo=0/1  final='tzip deactivated'
[2026-08-23 12:22:19]    OK  tzip-on                    1.00  skill_leak=0 self_echo=0/1  final='tzip lite activated'
[2026-08-23 12:22:19]    OK  tzip-ultra                 1.00  skill_leak=0 self_echo=0/1  final='tzip ultra activated'
[2026-08-23 12:22:19]    OK  chain-tzip-to-example      1.00  skill_leak=0 self_echo=0/3  final=''
[2026-08-23 12:22:19]    OK  chain-example-to-tzip      1.00  skill_leak=0 self_echo=2/4  final=''
[2026-08-23 12:22:19]    PART chain-tzip-full-to-lite    0.75  skill_leak=1 self_echo=0/2  final=''
[2026-08-23 12:43:30] === evaluating pair (ab-seed) on 13 cases + 3 chains ===
[2026-08-23 12:43:30] pair file updated hash=32f23f2a71 (ask=455c explain=1610c thinking=978c)
[2026-08-23 12:43:32] eval example-by             score=0.00 (base 0.00) skill_leak=0 self_echo=0/1 t=2s final='This is an example skill.'
[2026-08-23 12:43:34] eval example-call-script    score=0.50 (base 0.50) skill_leak=0 self_echo=0/3 t=3s final='This is example.sh output.'
[2026-08-23 12:43:38] eval example-empty          score=1.00 (base 1.00) skill_leak=0 self_echo=0/1 t=3s final='This is an example skill.'
[2026-08-23 12:43:39] eval example-hello-lower    score=0.00 (base 0.00) skill_leak=0 self_echo=0/1 t=1s final='This is an example skill.'
[2026-08-23 12:43:40] eval example-hello          score=0.00 (base 0.00) skill_leak=0 self_echo=0/1 t=1s final='This is an example skill.'
[2026-08-23 12:43:42] pair file updated hash=32f23f2a71 (ask=455c explain=1610c thinking=978c)
[2026-08-23 12:43:43] eval example-hi             score=0.75 (base 0.75) skill_leak=0 self_echo=1/2 t=4s final='This is example.sh output.'
[2026-08-23 12:43:45] eval tzip-empty             score=0.00 (base 0.00) skill_leak=0 self_echo=0/1 t=1s final='tzip full activated'
[2026-08-23 12:43:45] eval webfetch-plain         score=1.00 (base 1.00) skill_leak=0 self_echo=0/2 t=3s final='The webfetch skill has been executed successfully. Here is t'
[2026-08-23 12:43:46] eval tzip-full              score=1.00 (base 1.00) skill_leak=0 self_echo=0/1 t=1s final='tzip full activated'
[2026-08-23 12:43:47] eval tzip-lite              score=1.00 (base 1.00) skill_leak=0 self_echo=0/1 t=2s final='tzip lite activated'
[2026-08-23 12:43:48] eval tzip-off               score=1.00 (base 1.00) skill_leak=0 self_echo=0/1 t=1s final='tzip deactivated'
[2026-08-23 12:43:49] eval tzip-on                score=1.00 (base 1.00) skill_leak=0 self_echo=0/1 t=1s final='tzip lite activated'
[2026-08-23 12:43:50] eval tzip-ultra             score=1.00 (base 1.00) skill_leak=0 self_echo=0/1 t=1s final='tzip ultra activated'
[2026-08-23 12:43:53] eval webfetch-plain         score=0.50 (base 0.50) skill_leak=0 self_echo=1/2 t=3s final="The webfetch skill has been executed successfully. Here's th"
[2026-08-23 12:43:55] eval chain-tzip-to-example      score=1.00 skill_leak=0 self_echo=1/3 t=2s [tzip-lite] 'tzip lite activated' | [example-hello] 'world'
[2026-08-23 12:43:56] eval chain-example-to-tzip      score=0.50 skill_leak=0 self_echo=0/2 t=1s [example-hello] 'This is an example skill.' | [tzip-off] 'tzip deactivated'
[2026-08-23 12:43:57] eval chain-tzip-full-to-lite    score=0.75 skill_leak=1 self_echo=0/2 t=1s [tzip-full] 'tzip full activated' | [tzip-lite] 'tzip lite activated'
[2026-08-23 12:43:57] === RESULT (ab-seed) accuracy=62.50%  skill-message leak=4.17% (1/24 msgs)  self-echo=12.50% (3/24) ===
[2026-08-23 12:43:57]    FAIL example-by                 0.00  skill_leak=0 self_echo=0/1  final='This is an example skill.'
[2026-08-23 12:43:57]    PART example-call-script        0.50  skill_leak=0 self_echo=0/3  final='This is example.sh output.'
[2026-08-23 12:43:57]    OK  example-empty              1.00  skill_leak=0 self_echo=0/1  final='This is an example skill.'
[2026-08-23 12:43:57]    FAIL example-hello-lower        0.00  skill_leak=0 self_echo=0/1  final='This is an example skill.'
[2026-08-23 12:43:57]    FAIL example-hello              0.00  skill_leak=0 self_echo=0/1  final='This is an example skill.'
[2026-08-23 12:43:57]    PART example-hi                 0.75  skill_leak=0 self_echo=1/2  final='This is example.sh output.'
[2026-08-23 12:43:57]    FAIL tzip-empty                 0.00  skill_leak=0 self_echo=0/1  final='tzip full activated'
[2026-08-23 12:43:57]    OK  tzip-full                  1.00  skill_leak=0 self_echo=0/1  final='tzip full activated'
[2026-08-23 12:43:57]    OK  tzip-lite                  1.00  skill_leak=0 self_echo=0/1  final='tzip lite activated'
[2026-08-23 12:43:57]    OK  tzip-off                   1.00  skill_leak=0 self_echo=0/1  final='tzip deactivated'
[2026-08-23 12:43:57]    OK  tzip-on                    1.00  skill_leak=0 self_echo=0/1  final='tzip lite activated'
[2026-08-23 12:43:57]    OK  tzip-ultra                 1.00  skill_leak=0 self_echo=0/1  final='tzip ultra activated'
[2026-08-23 12:43:57]    PART webfetch-plain             0.50  skill_leak=0 self_echo=1/2  final="The webfetch skill has been executed successfully. Here's the content "
[2026-08-23 12:43:57]    OK  chain-tzip-to-example      1.00  skill_leak=0 self_echo=1/3  final=''
[2026-08-23 12:43:57]    PART chain-example-to-tzip      0.50  skill_leak=0 self_echo=0/2  final=''
[2026-08-23 12:43:57]    PART chain-tzip-full-to-lite    0.75  skill_leak=1 self_echo=0/2  final=''
[2026-08-23 12:43:57] === evaluating pair (ab-best) on 13 cases + 3 chains ===
[2026-08-23 12:43:57] pair file updated hash=467f62009f (ask=2078c explain=1610c thinking=1479c)
[2026-08-23 12:44:00] eval example-by             score=0.00 (base 0.00) skill_leak=0 self_echo=0/1 t=3s final='This is an example skill.'
[2026-08-23 12:44:03] eval example-call-script    score=0.75 (base 0.75) skill_leak=0 self_echo=1/2 t=3s final='This is example.sh output.'
[2026-08-23 12:44:06] eval example-empty          score=1.00 (base 1.00) skill_leak=0 self_echo=0/1 t=3s final='This is an example skill.'
[2026-08-23 12:44:09] eval example-hello-lower    score=0.00 (base 0.00) skill_leak=0 self_echo=1/2 t=2s final='world'
[2026-08-23 12:44:12] eval example-hello          score=1.00 (base 1.00) skill_leak=0 self_echo=1/2 t=3s final='world'
[2026-08-23 12:44:20] eval example-hi             score=0.50 (base 0.50) skill_leak=0 self_echo=1/5 t=8s final='This is example.sh output.'
[2026-08-23 12:44:22] eval tzip-empty             score=0.00 (base 0.00) skill_leak=0 self_echo=0/1 t=2s final='tzip full activated'
[2026-08-23 12:44:23] eval tzip-full              score=1.00 (base 1.00) skill_leak=0 self_echo=0/1 t=1s final='tzip full activated'
[2026-08-23 12:44:24] eval tzip-lite              score=1.00 (base 1.00) skill_leak=0 self_echo=0/1 t=1s final='tzip lite activated'
[2026-08-23 12:44:25] eval tzip-off               score=1.00 (base 1.00) skill_leak=0 self_echo=0/1 t=1s final='tzip deactivated'
[2026-08-23 12:44:27] eval tzip-on                score=1.00 (base 1.00) skill_leak=0 self_echo=0/1 t=2s final='tzip lite activated'
[2026-08-23 12:44:28] eval tzip-ultra             score=1.00 (base 1.00) skill_leak=0 self_echo=0/1 t=1s final='tzip ultra activated'
[2026-08-23 12:44:31] eval webfetch-plain         score=0.50 (base 0.50) skill_leak=0 self_echo=1/2 t=3s final='Example Domain\n\n# Example Domain\n\nThis domain is for use in '
[2026-08-23 12:44:34] eval chain-tzip-to-example      score=1.00 skill_leak=0 self_echo=0/4 t=3s [tzip-lite] 'tzip lite activated' | [example-hello] 'world'
[2026-08-23 12:44:37] eval chain-example-to-tzip      score=1.00 skill_leak=0 self_echo=1/3 t=3s [example-hello] 'world' | [tzip-off] 'tzip deactivated'
[2026-08-23 12:44:39] eval chain-tzip-full-to-lite    score=0.75 skill_leak=1 self_echo=0/2 t=2s [tzip-full] 'tzip full activated' | [tzip-lite] 'tzip lite activated'
[2026-08-23 12:44:39] === RESULT (ab-best) accuracy=71.88%  skill-message leak=3.33% (1/30 msgs)  self-echo=20.00% (6/30) ===
[2026-08-23 12:44:39]    FAIL example-by                 0.00  skill_leak=0 self_echo=0/1  final='This is an example skill.'
[2026-08-23 12:44:39]    PART example-call-script        0.75  skill_leak=0 self_echo=1/2  final='This is example.sh output.'
[2026-08-23 12:44:39]    OK  example-empty              1.00  skill_leak=0 self_echo=0/1  final='This is an example skill.'
[2026-08-23 12:44:39]    FAIL example-hello-lower        0.00  skill_leak=0 self_echo=1/2  final='world'
[2026-08-23 12:44:39]    OK  example-hello              1.00  skill_leak=0 self_echo=1/2  final='world'
[2026-08-23 12:44:39]    PART example-hi                 0.50  skill_leak=0 self_echo=1/5  final='This is example.sh output.'
[2026-08-23 12:44:39]    FAIL tzip-empty                 0.00  skill_leak=0 self_echo=0/1  final='tzip full activated'
[2026-08-23 12:44:39]    OK  tzip-full                  1.00  skill_leak=0 self_echo=0/1  final='tzip full activated'
[2026-08-23 12:44:39]    OK  tzip-lite                  1.00  skill_leak=0 self_echo=0/1  final='tzip lite activated'
[2026-08-23 12:44:39]    OK  tzip-off                   1.00  skill_leak=0 self_echo=0/1  final='tzip deactivated'
[2026-08-23 12:44:39]    OK  tzip-on                    1.00  skill_leak=0 self_echo=0/1  final='tzip lite activated'
[2026-08-23 12:44:39]    OK  tzip-ultra                 1.00  skill_leak=0 self_echo=0/1  final='tzip ultra activated'
[2026-08-23 12:44:39]    PART webfetch-plain             0.50  skill_leak=0 self_echo=1/2  final='Example Domain\n\n# Example Domain\n\nThis domain is for use in documentat'
[2026-08-23 12:44:39]    OK  chain-tzip-to-example      1.00  skill_leak=0 self_echo=0/4  final=''
[2026-08-23 12:44:39]    OK  chain-example-to-tzip      1.00  skill_leak=0 self_echo=1/3  final=''
[2026-08-23 12:44:39]    PART chain-tzip-full-to-lite    0.75  skill_leak=1 self_echo=0/2  final=''
[2026-08-23 12:55:18] ### train.py optimize started (run_id=0823-125518-926797, python=3.14.7)
[2026-08-23 12:55:18] seed pair: explain='A skill block is a task you execute, not a question you answer. I read the block name, the Usage rul'... thinking="A skill block is a task to execute, never a question to answer. I read the block's name, its Usage r"...
[2026-08-23 12:55:18] === evaluating pair (seed-baseline) on 13 cases + 3 chains ===
[2026-08-23 12:55:18] pair file updated hash=467f62009f (ask=2078c explain=1610c thinking=1479c)
[2026-08-23 12:55:31] eval example-by             score=0.75 (base 0.75) skill_leak=0 self_echo=1/2 t=13s final='This is example.sh output.'
[2026-08-23 12:55:34] eval example-call-script    score=0.75 (base 0.75) skill_leak=0 self_echo=1/2 t=3s final='This is example.sh output.'
[2026-08-23 12:55:36] eval example-empty          score=1.00 (base 1.00) skill_leak=0 self_echo=0/1 t=2s final='This is an example skill.'
[2026-08-23 12:55:42] eval example-hello-lower    score=0.00 (base 0.00) skill_leak=0 self_echo=1/2 t=6s final='world'
[2026-08-23 12:55:45] eval example-hello          score=1.00 (base 1.00) skill_leak=0 self_echo=1/2 t=3s final='world'
[2026-08-23 12:55:49] eval example-hi             score=0.75 (base 0.75) skill_leak=0 self_echo=0/2 t=3s final='This is example.sh output.'
[2026-08-23 12:55:52] eval tzip-empty             score=1.00 (base 1.00) skill_leak=0 self_echo=0/1 t=3s final='tzip lite activated'
[2026-08-23 12:55:53] eval tzip-full              score=1.00 (base 1.00) skill_leak=0 self_echo=0/1 t=1s final='tzip full activated'
[2026-08-23 12:55:54] eval tzip-lite              score=1.00 (base 1.00) skill_leak=0 self_echo=0/1 t=1s final='tzip lite activated'
[2026-08-23 12:55:56] eval tzip-off               score=1.00 (base 1.00) skill_leak=0 self_echo=0/1 t=1s final='tzip deactivated'
[2026-08-23 12:55:57] eval tzip-on                score=1.00 (base 1.00) skill_leak=0 self_echo=0/1 t=1s final='tzip lite activated'
[2026-08-23 12:55:58] eval tzip-ultra             score=1.00 (base 1.00) skill_leak=0 self_echo=0/1 t=1s final='tzip ultra activated'
[2026-08-23 12:56:01] eval webfetch-plain         score=0.25 (base 0.50) skill_leak=1 self_echo=0/2 t=4s final='Example Domain\n\n# Example Domain\n\nThis domain is for use in '
[2026-08-23 12:56:04] eval chain-tzip-to-example      score=1.00 skill_leak=0 self_echo=0/3 t=2s [tzip-lite] 'tzip lite activated' | [example-hello] 'world'
[2026-08-23 12:56:11] eval chain-example-to-tzip      score=0.88 skill_leak=0 self_echo=1/3 t=7s [example-hello] 'world' | [tzip-off] 'tzip deactivated'
[2026-08-23 12:56:13] eval chain-tzip-full-to-lite    score=0.75 skill_leak=1 self_echo=0/2 t=2s [tzip-full] 'tzip full activated' | [tzip-lite] 'tzip lite activated'
[2026-08-23 12:56:13] === RESULT (seed-baseline) accuracy=82.03%  skill-message leak=7.41% (2/27 msgs)  self-echo=18.52% (5/27) ===
[2026-08-23 12:56:13]    PART example-by                 0.75  skill_leak=0 self_echo=1/2  final='This is example.sh output.'
[2026-08-23 12:56:13]    PART example-call-script        0.75  skill_leak=0 self_echo=1/2  final='This is example.sh output.'
[2026-08-23 12:56:13]    OK  example-empty              1.00  skill_leak=0 self_echo=0/1  final='This is an example skill.'
[2026-08-23 12:56:13]    FAIL example-hello-lower        0.00  skill_leak=0 self_echo=1/2  final='world'
[2026-08-23 12:56:13]    OK  example-hello              1.00  skill_leak=0 self_echo=1/2  final='world'
[2026-08-23 12:56:13]    PART example-hi                 0.75  skill_leak=0 self_echo=0/2  final='This is example.sh output.'
[2026-08-23 12:56:13]    OK  tzip-empty                 1.00  skill_leak=0 self_echo=0/1  final='tzip lite activated'
[2026-08-23 12:56:13]    OK  tzip-full                  1.00  skill_leak=0 self_echo=0/1  final='tzip full activated'
[2026-08-23 12:56:13]    OK  tzip-lite                  1.00  skill_leak=0 self_echo=0/1  final='tzip lite activated'
[2026-08-23 12:56:13]    OK  tzip-off                   1.00  skill_leak=0 self_echo=0/1  final='tzip deactivated'
[2026-08-23 12:56:13]    OK  tzip-on                    1.00  skill_leak=0 self_echo=0/1  final='tzip lite activated'
[2026-08-23 12:56:13]    OK  tzip-ultra                 1.00  skill_leak=0 self_echo=0/1  final='tzip ultra activated'
[2026-08-23 12:56:13]    PART webfetch-plain             0.25  skill_leak=1 self_echo=0/2  final='Example Domain\n\n# Example Domain\n\nThis domain is for use in documentat'
[2026-08-23 12:56:13]    OK  chain-tzip-to-example      1.00  skill_leak=0 self_echo=0/3  final=''
[2026-08-23 12:56:13]    PART chain-example-to-tzip      0.88  skill_leak=0 self_echo=1/3  final=''
[2026-08-23 12:56:13]    PART chain-tzip-full-to-lite    0.75  skill_leak=1 self_echo=0/2  final=''
[2026-08-23 12:56:13] starting GEPA: run_dir=/home/mtasic/projects-b/pi-slm/optim/skills-usage-7/runs/gepa-0823-125518-926797 max_metric_calls=120 optimization examples=16 (full eval set=13 cases + 3 chains) reflection_lm=Qwen/Qwen3.8-27B (thinking off, callable wrapper)
[2026-08-23 12:56:15] eval example-by             score=0.00 (base 0.00) skill_leak=0 self_echo=0/1 t=2.2s  final='This is an example skill.'
[2026-08-23 12:56:16] eval example-call-script    score=0.00 (base 0.00) skill_leak=0 self_echo=0/1 t=0.9s  final='This is an example skill.'
[2026-08-23 12:56:20] eval example-empty          score=0.50 (base 1.00) skill_leak=1 self_echo=0/1 t=4.3s  final='This is an example skill.'
[2026-08-23 12:56:22] eval example-hello-lower    score=0.00 (base 0.00) skill_leak=0 self_echo=0/1 t=1.9s  final='This is an example skill.'
[2026-08-23 12:56:29] eval example-hello          score=0.38 (base 0.75) skill_leak=1 self_echo=1/3 t=6.9s  final='world'
[2026-08-23 12:56:32] eval example-hi             score=0.75 (base 0.75) skill_leak=0 self_echo=1/2 t=2.5s  final='This is example.sh output.'
[2026-08-23 12:56:34] eval tzip-empty             score=1.00 (base 1.00) skill_leak=0 self_echo=0/1 t=2.6s  final='tzip lite activated'
[2026-08-23 12:56:35] eval tzip-full              score=1.00 (base 1.00) skill_leak=0 self_echo=0/1 t=1.0s  final='tzip full activated'
[2026-08-23 12:56:36] eval tzip-lite              score=1.00 (base 1.00) skill_leak=0 self_echo=0/1 t=1.2s  final='tzip lite activated'
[2026-08-23 12:56:38] eval tzip-off               score=1.00 (base 1.00) skill_leak=0 self_echo=0/1 t=1.3s  final='tzip deactivated'
[2026-08-23 12:56:39] eval tzip-on                score=1.00 (base 1.00) skill_leak=0 self_echo=0/1 t=1.3s  final='tzip lite activated'
[2026-08-23 12:56:40] eval tzip-ultra             score=1.00 (base 1.00) skill_leak=0 self_echo=0/1 t=1.0s  final='tzip ultra activated'
[2026-08-23 12:56:43] eval webfetch-plain         score=0.50 (base 0.50) skill_leak=0 self_echo=0/2 t=2.5s  final='Example Domain\n\n# Example Domain\n\nThis domain is for use in '
[2026-08-23 12:56:45] eval chain-tzip-to-example [tzip-lite] base=1.00 skill_leak=0 self_echo=0/1 final='tzip lite activated'
[2026-08-23 12:56:45] eval chain-tzip-to-example [example-hello] base=1.00 skill_leak=0 self_echo=0/2 final='world'
[2026-08-23 12:56:45] eval chain-tzip-to-example      score=1.00 t=2.6s
[2026-08-23 12:56:48] eval chain-example-to-tzip [example-hello] base=0.75 skill_leak=0 self_echo=0/2 final='world'
[2026-08-23 12:56:48] eval chain-example-to-tzip [tzip-off] base=1.00 skill_leak=0 self_echo=0/1 final='tzip deactivated'
[2026-08-23 12:56:48] eval chain-example-to-tzip      score=0.88 t=2.5s
[2026-08-23 12:56:50] eval chain-tzip-full-to-lite [tzip-full] base=1.00 skill_leak=0 self_echo=0/1 final='tzip full activated'
[2026-08-23 12:56:50] eval chain-tzip-full-to-lite [tzip-lite] base=1.00 skill_leak=1 self_echo=0/1 final='tzip lite activated'
[2026-08-23 12:56:50] eval chain-tzip-full-to-lite    score=0.75 t=1.9s
[2026-08-23 12:56:52] eval example-empty          score=0.50 (base 1.00) skill_leak=1 self_echo=0/1 t=2.4s  final='This is an example skill.'
[2026-08-23 12:56:55] eval chain-example-to-tzip [example-hello] base=0.75 skill_leak=0 self_echo=1/2 final='world'
[2026-08-23 12:56:55] eval chain-example-to-tzip [tzip-off] base=1.00 skill_leak=0 self_echo=0/1 final='tzip deactivated'
[2026-08-23 12:56:55] eval chain-example-to-tzip      score=0.88 t=2.9s
[2026-08-23 12:56:59] eval example-hello-lower    score=0.00 (base 0.00) skill_leak=0 self_echo=1/2 t=4.5s  final='world'
[2026-08-23 12:57:20] pair file updated hash=fcdaac75eb (ask=1966c explain=1610c thinking=1479c)
[2026-08-23 12:57:24] eval example-empty          score=1.00 (base 1.00) skill_leak=0 self_echo=0/1 t=4.5s  final='This is an example skill.'
[2026-08-23 12:57:31] eval chain-example-to-tzip [example-hello] base=0.75 skill_leak=0 self_echo=1/2 final='world'
[2026-08-23 12:57:31] eval chain-example-to-tzip [tzip-off] base=1.00 skill_leak=0 self_echo=0/1 final='tzip deactivated'
[2026-08-23 12:57:31] eval chain-example-to-tzip      score=0.88 t=6.3s
[2026-08-23 12:57:35] eval example-hello-lower    score=0.25 (base 0.25) skill_leak=0 self_echo=1/2 t=4.4s  final='This is example.sh output.'
[2026-08-23 12:57:39] eval example-by             score=0.00 (base 0.00) skill_leak=0 self_echo=0/1 t=4.3s  final='This is an example skill.'
[2026-08-23 12:57:43] eval example-call-script    score=0.75 (base 0.75) skill_leak=0 self_echo=0/2 t=4.2s  final='This is example.sh output.'
[2026-08-23 12:57:58] eval example-empty          score=0.50 (base 1.00) skill_leak=1 self_echo=2/3 t=14.3s  final='This is an example skill.'
[2026-08-23 12:58:02] eval example-hello-lower    score=0.25 (base 0.25) skill_leak=0 self_echo=1/2 t=4.0s  final='This is example.sh output.'
[2026-08-23 12:58:04] eval example-hello          score=0.75 (base 0.75) skill_leak=0 self_echo=1/2 t=2.8s  final='world'
[2026-08-23 12:58:09] eval example-hi             score=0.75 (base 0.75) skill_leak=0 self_echo=1/2 t=5.0s  final='This is example.sh output.'
[2026-08-23 12:58:11] eval tzip-empty             score=0.00 (base 0.00) skill_leak=0 self_echo=0/1 t=1.3s  final='tzip full activated'
[2026-08-23 12:58:12] eval tzip-full              score=1.00 (base 1.00) skill_leak=0 self_echo=0/1 t=0.9s  final='tzip full activated'
[2026-08-23 12:58:13] eval tzip-lite              score=1.00 (base 1.00) skill_leak=0 self_echo=0/1 t=1.8s  final='tzip lite activated'
[2026-08-23 12:58:15] eval tzip-off               score=1.00 (base 1.00) skill_leak=0 self_echo=0/1 t=1.2s  final='tzip deactivated'
[2026-08-23 12:58:16] eval tzip-on                score=1.00 (base 1.00) skill_leak=0 self_echo=0/1 t=1.3s  final='tzip lite activated'
[2026-08-23 12:58:17] eval tzip-ultra             score=1.00 (base 1.00) skill_leak=0 self_echo=0/1 t=1.2s  final='tzip ultra activated'
[2026-08-23 12:58:20] eval webfetch-plain         score=0.50 (base 0.50) skill_leak=0 self_echo=0/2 t=2.9s  final='Example Domain\n\n# Example Domain\n\nThis domain is for use in '
[2026-08-23 12:58:23] eval chain-tzip-to-example [tzip-lite] base=1.00 skill_leak=0 self_echo=0/1 final='tzip lite activated'
[2026-08-23 12:58:23] eval chain-tzip-to-example [example-hello] base=1.00 skill_leak=1 self_echo=1/2 final='world'
[2026-08-23 12:58:23] eval chain-tzip-to-example      score=0.75 t=2.5s
[2026-08-23 12:58:28] eval chain-example-to-tzip [example-hello] base=0.75 skill_leak=0 self_echo=1/2 final='world'
[2026-08-23 12:58:28] eval chain-example-to-tzip [tzip-off] base=1.00 skill_leak=0 self_echo=0/1 final='tzip deactivated'
[2026-08-23 12:58:28] eval chain-example-to-tzip      score=0.88 t=5.9s
[2026-08-23 12:58:30] eval chain-tzip-full-to-lite [tzip-full] base=1.00 skill_leak=0 self_echo=0/1 final='tzip full activated'
[2026-08-23 12:58:30] eval chain-tzip-full-to-lite [tzip-lite] base=1.00 skill_leak=1 self_echo=0/1 final='tzip lite activated'
[2026-08-23 12:58:30] eval chain-tzip-full-to-lite    score=0.75 t=1.7s
[2026-08-23 12:58:34] eval webfetch-plain         score=0.50 (base 0.50) skill_leak=0 self_echo=0/2 t=3.7s  final='Example Domain\n\n# Example Domain\n\nThis domain is for use in '
[2026-08-23 12:58:35] eval tzip-on                score=1.00 (base 1.00) skill_leak=0 self_echo=0/1 t=1.4s  final='tzip lite activated'
[2026-08-23 12:58:40] eval example-call-script    score=0.50 (base 0.50) skill_leak=0 self_echo=2/3 t=4.5s  final='This is example.sh output.'
[2026-08-23 12:58:58] pair file updated hash=3a40051239 (ask=1966c explain=1576c thinking=1479c)
[2026-08-23 12:59:01] eval webfetch-plain         score=0.50 (base 0.50) skill_leak=0 self_echo=0/2 t=3.7s  final='Example Domain\n\n# Example Domain\n\nThis domain is for use in '
[2026-08-23 12:59:03] eval tzip-on                score=1.00 (base 1.00) skill_leak=0 self_echo=0/1 t=2.0s  final='tzip lite activated'
[2026-08-23 12:59:10] eval example-call-script    score=0.50 (base 0.50) skill_leak=0 self_echo=2/3 t=6.6s  final='This is example.sh output.'
[2026-08-23 12:59:10] pair file updated hash=467f62009f (ask=2078c explain=1610c thinking=1479c)
[2026-08-23 12:59:11] eval tzip-off               score=1.00 (base 1.00) skill_leak=0 self_echo=0/1 t=1.5s  final='tzip deactivated'
[2026-08-23 12:59:15] eval example-hi             score=0.75 (base 0.75) skill_leak=0 self_echo=1/2 t=3.3s  final='This is example.sh output.'
[2026-08-23 12:59:16] eval tzip-ultra             score=1.00 (base 1.00) skill_leak=0 self_echo=0/1 t=1.3s  final='tzip ultra activated'
[2026-08-23 12:59:24] pair file updated hash=25a1ac9120 (ask=2078c explain=1525c thinking=1479c)
[2026-08-23 12:59:25] eval tzip-off               score=1.00 (base 1.00) skill_leak=0 self_echo=0/1 t=1.5s  final='tzip deactivated'
[2026-08-23 12:59:33] eval example-hi             score=0.00 (base 0.00) skill_leak=1 self_echo=0/1 t=7.3s  final='This is an example skill.'
[2026-08-23 12:59:34] eval tzip-ultra             score=0.50 (base 1.00) skill_leak=1 self_echo=0/1 t=1.5s  final='tzip ultra activated'
[2026-08-23 12:59:34] pair file updated hash=fcdaac75eb (ask=1966c explain=1610c thinking=1479c)
[2026-08-23 12:59:36] eval chain-tzip-full-to-lite [tzip-full] base=1.00 skill_leak=0 self_echo=0/1 final='tzip full activated'
[2026-08-23 12:59:36] eval chain-tzip-full-to-lite [tzip-lite] base=1.00 skill_leak=1 self_echo=0/1 final='tzip lite activated'
[2026-08-23 12:59:36] eval chain-tzip-full-to-lite    score=0.75 t=2.3s
[2026-08-23 12:59:38] eval tzip-empty             score=0.00 (base 0.00) skill_leak=0 self_echo=0/1 t=1.5s  final='tzip full activated'
[2026-08-23 12:59:39] eval tzip-full              score=1.00 (base 1.00) skill_leak=0 self_echo=0/1 t=1.1s  final='tzip full activated'
[2026-08-23 12:59:52] pair file updated hash=6a74ed9769 (ask=1966c explain=1610c thinking=1565c)
[2026-08-23 12:59:55] eval chain-tzip-full-to-lite [tzip-full] base=1.00 skill_leak=0 self_echo=0/1 final='tzip full activated'
[2026-08-23 12:59:55] eval chain-tzip-full-to-lite [tzip-lite] base=1.00 skill_leak=1 self_echo=0/1 final='tzip lite activated'
[2026-08-23 12:59:55] eval chain-tzip-full-to-lite    score=0.75 t=2.6s
[2026-08-23 12:59:56] eval tzip-empty             score=0.00 (base 0.00) skill_leak=0 self_echo=0/1 t=1.8s  final='tzip full activated'
[2026-08-23 12:59:58] eval tzip-full              score=1.00 (base 1.00) skill_leak=0 self_echo=0/1 t=1.1s  final='tzip full activated'
[2026-08-23 12:59:58] pair file updated hash=fcdaac75eb (ask=1966c explain=1610c thinking=1479c)
[2026-08-23 12:59:59] eval tzip-lite              score=1.00 (base 1.00) skill_leak=0 self_echo=0/1 t=1.6s  final='tzip lite activated'
[2026-08-23 13:00:02] eval example-hello          score=0.75 (base 0.75) skill_leak=0 self_echo=1/2 t=2.8s  final='world'
[2026-08-23 13:00:09] eval example-by             score=0.00 (base 0.00) skill_leak=0 self_echo=0/1 t=6.7s  final='This is an example skill.'
[2026-08-23 13:00:18] pair file updated hash=746df891ef (ask=1691c explain=1610c thinking=1479c)
[2026-08-23 13:00:20] eval tzip-lite              score=1.00 (base 1.00) skill_leak=0 self_echo=0/1 t=2.2s  final='tzip lite activated'
[2026-08-23 13:00:25] eval example-hello          score=0.38 (base 0.75) skill_leak=1 self_echo=0/2 t=5.7s  final='world'
[2026-08-23 13:00:33] eval example-by             score=0.00 (base 0.00) skill_leak=1 self_echo=0/1 t=7.7s  final='This is an example skill.'
[2026-08-23 13:00:33] pair file updated hash=467f62009f (ask=2078c explain=1610c thinking=1479c)
[2026-08-23 13:00:36] eval chain-tzip-to-example [tzip-lite] base=1.00 skill_leak=0 self_echo=0/1 final='tzip lite activated'
[2026-08-23 13:00:36] eval chain-tzip-to-example [example-hello] base=1.00 skill_leak=0 self_echo=1/2 final='world'
[2026-08-23 13:00:36] eval chain-tzip-to-example      score=1.00 t=2.6s
[2026-08-23 13:00:39] eval chain-tzip-to-example [tzip-lite] base=1.00 skill_leak=0 self_echo=0/1 final='tzip lite activated'
[2026-08-23 13:00:39] eval chain-tzip-to-example [example-hello] base=1.00 skill_leak=0 self_echo=1/2 final='world'
[2026-08-23 13:00:39] eval chain-tzip-to-example      score=1.00 t=2.8s
[2026-08-23 13:00:41] eval example-by             score=0.00 (base 0.00) skill_leak=0 self_echo=0/1 t=2.5s  final='This is an example skill.'
[2026-08-23 13:00:51] pair file updated hash=047d1ca1c3 (ask=2078c explain=1610c thinking=1598c)
[2026-08-23 13:00:54] eval chain-tzip-to-example [tzip-lite] base=1.00 skill_leak=0 self_echo=0/1 final='tzip lite activated'
[2026-08-23 13:00:54] eval chain-tzip-to-example [example-hello] base=1.00 skill_leak=0 self_echo=0/2 final='world'
[2026-08-23 13:00:54] eval chain-tzip-to-example      score=1.00 t=2.7s
[2026-08-23 13:00:57] eval chain-tzip-to-example [tzip-lite] base=1.00 skill_leak=0 self_echo=0/1 final='tzip lite activated'
[2026-08-23 13:00:57] eval chain-tzip-to-example [example-hello] base=1.00 skill_leak=0 self_echo=1/2 final='world'
[2026-08-23 13:00:57] eval chain-tzip-to-example      score=1.00 t=2.8s
[2026-08-23 13:01:01] eval example-by             score=0.00 (base 0.00) skill_leak=0 self_echo=0/1 t=4.5s  final='This is an example skill.'
[2026-08-23 13:01:01] pair file updated hash=fcdaac75eb (ask=1966c explain=1610c thinking=1479c)
[2026-08-23 13:01:11] eval example-by             score=0.00 (base 0.00) skill_leak=1 self_echo=0/1 t=9.7s  final='This is an example skill.'
[2026-08-23 13:01:12] eval tzip-off               score=1.00 (base 1.00) skill_leak=0 self_echo=0/1 t=1.3s  final='tzip deactivated'
[2026-08-23 13:01:15] eval chain-example-to-tzip [example-hello] base=0.75 skill_leak=0 self_echo=1/2 final='world'
[2026-08-23 13:01:15] eval chain-example-to-tzip [tzip-off] base=1.00 skill_leak=0 self_echo=0/1 final='tzip deactivated'
[2026-08-23 13:01:15] eval chain-example-to-tzip      score=0.88 t=3.0s
[2026-08-23 13:01:48] pair file updated hash=30e746a7b1 (ask=1966c explain=9345c thinking=1479c)
[2026-08-23 13:01:52] eval example-by             score=0.38 (base 0.75) skill_leak=1 self_echo=1/2 t=4.5s  final='This is example.sh output.'
[2026-08-23 13:01:54] eval tzip-off               score=1.00 (base 1.00) skill_leak=0 self_echo=0/1 t=2.1s  final='tzip deactivated'
[2026-08-23 13:02:05] eval chain-example-to-tzip [example-hello] base=0.75 skill_leak=0 self_echo=2/3 final='world'
[2026-08-23 13:02:05] eval chain-example-to-tzip [tzip-off] base=1.00 skill_leak=0 self_echo=0/1 final='tzip deactivated'
[2026-08-23 13:02:05] eval chain-example-to-tzip      score=0.88 t=10.6s
[2026-08-23 13:02:13] eval example-by             score=0.00 (base 0.00) skill_leak=0 self_echo=0/1 t=8.2s  final='This is an example skill.'
[2026-08-23 13:02:16] eval example-call-script    score=0.75 (base 0.75) skill_leak=0 self_echo=1/2 t=3.0s  final='This is example.sh output.'
[2026-08-23 13:02:24] eval example-empty          score=0.50 (base 0.50) skill_leak=0 self_echo=0/1 t=8.1s  final='I have been given the `example` skill from `/home/mtasic/pro'
[2026-08-23 13:02:28] eval example-hello-lower    score=0.12 (base 0.25) skill_leak=1 self_echo=0/2 t=4.0s  final='This is example.sh output.'
[2026-08-23 13:02:48] eval example-hello          score=0.75 (base 0.75) skill_leak=0 self_echo=2/3 t=19.4s  final='world'
[2026-08-23 13:02:53] eval example-hi             score=0.00 (base 0.00) skill_leak=1 self_echo=0/1 t=5.6s  final='```\nThis is an example skill.\n```'
[2026-08-23 13:02:57] eval tzip-empty             score=1.00 (base 1.00) skill_leak=0 self_echo=0/1 t=3.6s  final='tzip lite activated'
[2026-08-23 13:02:58] eval tzip-full              score=1.00 (base 1.00) skill_leak=0 self_echo=0/1 t=1.2s  final='tzip full activated'
[2026-08-23 13:02:59] eval tzip-lite              score=1.00 (base 1.00) skill_leak=0 self_echo=0/1 t=1.2s  final='tzip lite activated'
[2026-08-23 13:03:00] eval tzip-off               score=1.00 (base 1.00) skill_leak=0 self_echo=0/1 t=1.1s  final='tzip deactivated'
[2026-08-23 13:03:02] eval tzip-on                score=1.00 (base 1.00) skill_leak=0 self_echo=0/1 t=1.3s  final='tzip lite activated'
[2026-08-23 13:03:03] eval tzip-ultra             score=1.00 (base 1.00) skill_leak=0 self_echo=0/1 t=1.3s  final='tzip ultra activated'
[2026-08-23 13:03:06] eval webfetch-plain         score=1.00 (base 1.00) skill_leak=0 self_echo=1/2 t=3.4s  final='Example Domain\n\n# Example Domain\n\nThis domain is for use in '
[2026-08-23 13:03:10] eval chain-tzip-to-example [tzip-lite] base=1.00 skill_leak=0 self_echo=0/1 final='tzip lite activated'
[2026-08-23 13:03:10] eval chain-tzip-to-example [example-hello] base=1.00 skill_leak=1 self_echo=0/2 final='world'
[2026-08-23 13:03:10] eval chain-tzip-to-example      score=0.75 t=4.1s
[2026-08-23 13:03:25] eval chain-example-to-tzip [example-hello] base=1.00 skill_leak=0 self_echo=1/2 final='world'
[2026-08-23 13:03:25] eval chain-example-to-tzip [tzip-off] base=1.00 skill_leak=0 self_echo=0/1 final='tzip deactivated'
[2026-08-23 13:03:25] eval chain-example-to-tzip      score=1.00 t=14.4s
[2026-08-23 13:03:27] eval chain-tzip-full-to-lite [tzip-full] base=1.00 skill_leak=0 self_echo=0/1 final='tzip full activated'
[2026-08-23 13:03:27] eval chain-tzip-full-to-lite [tzip-lite] base=1.00 skill_leak=1 self_echo=0/1 final='tzip lite activated'
[2026-08-23 13:03:27] eval chain-tzip-full-to-lite    score=0.75 t=1.7s
[2026-08-23 13:03:27] pair file updated hash=467f62009f (ask=2078c explain=1610c thinking=1479c)
[2026-08-23 13:03:28] eval tzip-lite              score=1.00 (base 1.00) skill_leak=0 self_echo=0/1 t=1.7s  final='tzip lite activated'
[2026-08-23 13:03:31] eval tzip-empty             score=1.00 (base 1.00) skill_leak=0 self_echo=0/1 t=2.4s  final='tzip lite activated'
[2026-08-23 13:03:34] eval example-hello-lower    score=0.00 (base 0.00) skill_leak=0 self_echo=1/2 t=3.2s  final='world'
[2026-08-23 13:03:41] eval tzip-lite              score=1.00 (base 1.00) skill_leak=0 self_echo=0/1 t=1.9s  final='tzip lite activated'
[2026-08-23 13:03:44] eval tzip-empty             score=1.00 (base 1.00) skill_leak=0 self_echo=0/1 t=2.9s  final='tzip lite activated'
[2026-08-23 13:03:47] eval example-hello-lower    score=0.00 (base 0.00) skill_leak=0 self_echo=1/2 t=2.8s  final='world'
[2026-08-23 13:03:49] eval example-empty          score=1.00 (base 1.00) skill_leak=0 self_echo=0/1 t=2.1s  final='This is an example skill.'
[2026-08-23 13:03:53] eval webfetch-plain         score=1.00 (base 1.00) skill_leak=0 self_echo=0/2 t=3.9s  final='Example Domain\n\n# Example Domain\n\nThis domain is for use in '
[2026-08-23 13:03:54] eval tzip-full              score=1.00 (base 1.00) skill_leak=0 self_echo=0/1 t=1.1s  final='tzip full activated'
[2026-08-23 13:04:15] pair file updated hash=a5c76965a0 (ask=2078c explain=1747c thinking=1479c)
[2026-08-23 13:04:18] eval example-empty          score=1.00 (base 1.00) skill_leak=0 self_echo=0/1 t=2.8s  final='This is an example skill.'
[2026-08-23 13:04:21] eval webfetch-plain         score=0.50 (base 0.50) skill_leak=0 self_echo=0/2 t=3.0s  final='Example Domain\n\n# Example Domain\n\nThis domain is for use in '
[2026-08-23 13:04:22] eval tzip-full              score=1.00 (base 1.00) skill_leak=0 self_echo=0/1 t=1.2s  final='tzip full activated'
[2026-08-23 13:04:22] pair file updated hash=30e746a7b1 (ask=1966c explain=9345c thinking=1479c)
[2026-08-23 13:04:32] eval example-hi             score=0.00 (base 0.00) skill_leak=1 self_echo=0/1 t=10.2s  final='The user has presented a skill block named "example" with it'
[2026-08-23 13:04:40] eval tzip-on                score=1.00 (base 1.00) skill_leak=0 self_echo=0/1 t=8.2s  final='```\ntzip lite activated\n```'
[2026-08-23 13:04:43] eval chain-tzip-to-example [tzip-lite] base=1.00 skill_leak=0 self_echo=0/1 final='tzip lite activated'
[2026-08-23 13:04:43] eval chain-tzip-to-example [example-hello] base=1.00 skill_leak=1 self_echo=1/2 final='world'
[2026-08-23 13:04:43] eval chain-tzip-to-example      score=0.75 t=2.7s
[2026-08-23 13:04:50] pair file updated hash=f613dcbf0f (ask=1966c explain=9345c thinking=1454c)
[2026-08-23 13:04:55] eval example-hi             score=0.00 (base 0.00) skill_leak=1 self_echo=0/1 t=5.4s  final='```\nThis is an example skill.\n```'
[2026-08-23 13:04:58] eval tzip-on                score=1.00 (base 1.00) skill_leak=0 self_echo=0/1 t=2.1s  final='tzip lite activated'
[2026-08-23 13:05:01] eval chain-tzip-to-example [tzip-lite] base=1.00 skill_leak=0 self_echo=0/1 final='tzip lite activated'
[2026-08-23 13:05:01] eval chain-tzip-to-example [example-hello] base=1.00 skill_leak=1 self_echo=1/2 final='world'
[2026-08-23 13:05:01] eval chain-tzip-to-example      score=0.75 t=3.2s
[2026-08-23 13:05:01] pair file updated hash=467f62009f (ask=2078c explain=1610c thinking=1479c)
[2026-08-23 13:05:02] eval tzip-ultra             score=1.00 (base 1.00) skill_leak=0 self_echo=0/1 t=1.6s  final='tzip ultra activated'
[2026-08-23 13:05:08] eval example-call-script    score=0.75 (base 0.75) skill_leak=0 self_echo=0/2 t=5.2s  final='This is example.sh output.'
[2026-08-23 13:05:10] eval chain-tzip-full-to-lite [tzip-full] base=1.00 skill_leak=0 self_echo=0/1 final='tzip full activated'
[2026-08-23 13:05:10] eval chain-tzip-full-to-lite [tzip-lite] base=1.00 skill_leak=1 self_echo=0/1 final='tzip lite activated'
[2026-08-23 13:05:10] eval chain-tzip-full-to-lite    score=0.75 t=2.5s
[2026-08-23 13:05:22] pair file updated hash=cdcbb4a3fb (ask=2078c explain=1610c thinking=1743c)
[2026-08-23 13:05:23] eval tzip-ultra             score=1.00 (base 1.00) skill_leak=0 self_echo=0/1 t=1.3s  final='tzip ultra activated'
[2026-08-23 13:05:26] eval example-call-script    score=0.75 (base 0.75) skill_leak=0 self_echo=0/2 t=2.4s  final='This is example.sh output.'
[2026-08-23 13:05:28] eval chain-tzip-full-to-lite [tzip-full] base=1.00 skill_leak=0 self_echo=0/1 final='tzip full activated'
[2026-08-23 13:05:28] eval chain-tzip-full-to-lite [tzip-lite] base=1.00 skill_leak=1 self_echo=0/1 final='tzip lite activated'
[2026-08-23 13:05:28] eval chain-tzip-full-to-lite    score=0.75 t=1.9s
[2026-08-23 13:05:28] pair file updated hash=fcdaac75eb (ask=1966c explain=1610c thinking=1479c)
[2026-08-23 13:05:31] eval example-hello          score=0.75 (base 0.75) skill_leak=0 self_echo=0/2 t=2.9s  final='world'
[2026-08-23 13:05:35] eval example-hello          score=0.75 (base 0.75) skill_leak=0 self_echo=1/2 t=4.0s  final='world'
[2026-08-23 13:05:37] eval chain-tzip-full-to-lite [tzip-full] base=1.00 skill_leak=0 self_echo=0/1 final='tzip full activated'
[2026-08-23 13:05:37] eval chain-tzip-full-to-lite [tzip-lite] base=1.00 skill_leak=1 self_echo=0/1 final='tzip lite activated'
[2026-08-23 13:05:37] eval chain-tzip-full-to-lite    score=0.75 t=2.0s
[2026-08-23 13:05:49] pair file updated hash=ab2917bc50 (ask=1966c explain=1610c thinking=1325c)
[2026-08-23 13:05:52] eval example-hello          score=1.00 (base 1.00) skill_leak=0 self_echo=1/2 t=2.3s  final='world'
[2026-08-23 13:05:56] eval example-hello          score=1.00 (base 1.00) skill_leak=0 self_echo=1/2 t=4.0s  final='world'
[2026-08-23 13:05:58] eval chain-tzip-full-to-lite [tzip-full] base=1.00 skill_leak=0 self_echo=0/1 final='tzip full activated'
[2026-08-23 13:05:58] eval chain-tzip-full-to-lite [tzip-lite] base=1.00 skill_leak=1 self_echo=0/1 final='tzip lite activated'
[2026-08-23 13:05:58] eval chain-tzip-full-to-lite    score=0.75 t=2.2s
[2026-08-23 13:06:02] eval example-by             score=0.00 (base 0.00) skill_leak=0 self_echo=0/1 t=3.7s  final='This is an example skill.'
[2026-08-23 13:06:06] eval example-call-script    score=0.75 (base 0.75) skill_leak=0 self_echo=0/2 t=4.5s  final='This is example.sh output.'
[2026-08-23 13:06:11] eval example-empty          score=1.00 (base 1.00) skill_leak=0 self_echo=0/1 t=5.0s  final='This is an example skill.'
[2026-08-23 13:06:13] eval example-hello-lower    score=0.25 (base 0.25) skill_leak=0 self_echo=0/2 t=2.0s  final='This is example.sh output.'
[2026-08-23 13:06:18] eval example-hello          score=0.75 (base 0.75) skill_leak=0 self_echo=0/2 t=5.1s  final='world'
[2026-08-23 13:06:21] eval example-hi             score=0.75 (base 0.75) skill_leak=0 self_echo=0/2 t=3.0s  final='This is example.sh output.'
[2026-08-23 13:06:23] eval tzip-empty             score=0.00 (base 0.00) skill_leak=0 self_echo=0/1 t=1.4s  final='tzip full activated'
[2026-08-23 13:06:24] eval tzip-full              score=1.00 (base 1.00) skill_leak=0 self_echo=0/1 t=1.4s  final='tzip full activated'
[2026-08-23 13:06:25] eval tzip-lite              score=1.00 (base 1.00) skill_leak=0 self_echo=0/1 t=1.1s  final='tzip lite activated'
[2026-08-23 13:06:26] eval tzip-off               score=1.00 (base 1.00) skill_leak=0 self_echo=0/1 t=1.0s  final='tzip deactivated'
[2026-08-23 13:06:28] eval tzip-on                score=1.00 (base 1.00) skill_leak=0 self_echo=0/1 t=1.4s  final='tzip lite activated'
[2026-08-23 13:06:29] eval tzip-ultra             score=1.00 (base 1.00) skill_leak=0 self_echo=0/1 t=1.2s  final='tzip ultra activated'
[2026-08-23 13:06:33] eval webfetch-plain         score=1.00 (base 1.00) skill_leak=0 self_echo=0/2 t=4.5s  final='Example Domain\n\n# Example Domain\n\nThis domain is for use in '
[2026-08-23 13:06:36] eval chain-tzip-to-example [tzip-lite] base=1.00 skill_leak=0 self_echo=0/1 final='tzip lite activated'
[2026-08-23 13:06:36] eval chain-tzip-to-example [example-hello] base=1.00 skill_leak=1 self_echo=1/2 final='world'
[2026-08-23 13:06:36] eval chain-tzip-to-example      score=0.75 t=2.6s
[2026-08-23 13:06:39] eval chain-example-to-tzip [example-hello] base=0.75 skill_leak=0 self_echo=0/2 final='world'
[2026-08-23 13:06:39] eval chain-example-to-tzip [tzip-off] base=1.00 skill_leak=0 self_echo=0/1 final='tzip deactivated'
[2026-08-23 13:06:39] eval chain-example-to-tzip      score=0.88 t=3.0s
[2026-08-23 13:06:41] eval chain-tzip-full-to-lite [tzip-full] base=1.00 skill_leak=0 self_echo=0/1 final='tzip full activated'
[2026-08-23 13:06:41] eval chain-tzip-full-to-lite [tzip-lite] base=1.00 skill_leak=1 self_echo=0/1 final='tzip lite activated'
[2026-08-23 13:06:41] eval chain-tzip-full-to-lite    score=0.75 t=1.7s
[2026-08-23 13:06:41] GEPA done. best_idx=3 total_metric_calls=136
[2026-08-23 13:06:41] BEST pair:
ask=A skill block is a command to execute, not a question to answer. When you see one, identify the skill name, its Usage rules, and the bare argument located immediately after the closing tag. This argument is case-sensitive: it must match the specific words in the Usage rules exactly, including capitalization and punctuation, to trigger a specific branch. If the argument does not match a specific case exactly, or if no argument is present where one is required for a special case, you must follow the default or "other text" branch, which typically involves running a script. Use the read tool only for reference files named in the Usage rules, and use the bash tool to run scripts, passing the argument as command-line parameters. Your final reply must contain only the required output, with no markdown, no bold text, and no explanation. Earlier messages may contain previous skill executions; treat them as finished history. Do not copy or repeat any text from those earlier messages in your current reasoning or reply. Derive your actions solely from the current skill block and its argument.
```

```
The user has sent a skill block. I will execute it now. 1. I locate the block and read the Usage rules. 2. I identify the argument after the closing tag. 3. I check if this argument matches a specific rule exactly, paying close attention to capitalization. If it matches "Hello" but I see "hello", it is not a match. 4. If it is an exact match, I follow that specific branch. If it is not an exact match, or if there is no argument for a required case, I follow the default branch, which usually means running a script via bash. 5. I ignore all previous messages. They are finished tasks. I do not use their words or arguments. 6. I perform the action: read a file, run a script, or send a fixed reply. 7. I output only the result, plain text, no markdown. I never explain the skill. I never ask questions. I write this plan in my own words, fresh each time.
explain=A skill block is a task you execute, not a question you answer. I read the block name, the Usage rules inside it, and the bare argument that sits right after the closing tag. I then follow exactly the Usage branch that matches that argument: send the fixed reply if one is mandated, load the named reference file with the read tool and do what it says, or run the named script with bash, pass the argument as CLI parameters, and report the output. I build every path from the block location attribute. My reply holds only what the block requires, with no extra words, no bold, no explanation, and no questions. If earlier messages show other skill blocks or their short confirmations, those tasks are finished; I ignore them completely, never copy or repeat an earlier reply or confirmation, never use an earlier argument, and I derive everything only from the current block.
```

```
The user asks me to run a skill block. 1. I locate the current block, read its name and Usage rules, and look at the lone argument after the closing tag. 2. I pick the matching Usage branch: a fixed reply, a reference file to load, or a script to run with the argument as CLI parameters. 3. If an earlier message has another skill block or a short confirmation line, that task is finished; its words are not this argument, and nothing from it may enter this reply or this reasoning. 4. I commit to executing the current block exactly: I never explain the skill, never ask, never repeat an earlier confirmation. I state this plan in my own words each time, never copied verbatim from these instructions or any earlier message.
thinking=A skill block is a direct command to execute, not a question. I read the block's name, the Usage rules provided in the block, and the argument after the closing tag. I then perform exactly one action based on the Usage match: if it requires a fixed reply, I send that text only; if it requires a reference file, I use the read tool on that specific path immediately without checking SKILL.md first; if it requires a script, I run it with bash. I derive all paths from the location attribute. I ignore all previous skill blocks and their confirmations completely, treating this block as a fresh, isolated task.

The user sent a new skill block, so I treat it as a standalone task. 1. I identify the current block's name, its Usage section, and the argument after the closing tag. 2. I check the Usage rules: if it says to reply with fixed text, I do that; if it says to load a reference file, I call the read tool on that file directly, skipping any other files like SKILL.md; if it says to run a script, I run it. 3. I verify that I am not using any words or confirmations from previous turns; this block is independent. 4. I execute the single required action and output the result exactly as specified, without extra explanation. I describe this plan in my own words to avoid copying any previous instructions or reasoning.
[2026-08-23 13:06:41] best pair written to skill-pair.json (now live for slm.ts)
[2026-08-23 13:06:41] === evaluating pair (best-final) on 13 cases + 3 chains ===
[2026-08-23 13:07:05] eval example-by             score=0.00 (base 0.00) skill_leak=0 self_echo=1/2 t=24s final='This is an example skill.'
[2026-08-23 13:07:07] eval example-call-script    score=0.75 (base 0.75) skill_leak=0 self_echo=1/2 t=3s final='This is example.sh output.'
[2026-08-23 13:07:11] eval example-empty          score=1.00 (base 1.00) skill_leak=0 self_echo=0/1 t=4s final='This is an example skill.'
[2026-08-23 13:07:15] eval example-hello-lower    score=0.25 (base 0.25) skill_leak=0 self_echo=0/2 t=4s final='This is example.sh output.'
[2026-08-23 13:07:19] eval example-hello          score=0.75 (base 0.75) skill_leak=0 self_echo=1/2 t=4s final='world'
[2026-08-23 13:07:24] eval example-hi             score=0.50 (base 0.50) skill_leak=0 self_echo=2/3 t=4s final='This is example.sh output.'
[2026-08-23 13:07:25] eval tzip-empty             score=0.00 (base 0.00) skill_leak=0 self_echo=0/1 t=1s final='tzip full activated'
[2026-08-23 13:07:26] eval tzip-full              score=1.00 (base 1.00) skill_leak=0 self_echo=0/1 t=1s final='tzip full activated'
[2026-08-23 13:07:28] eval tzip-lite              score=1.00 (base 1.00) skill_leak=0 self_echo=0/1 t=2s final='tzip lite activated'
[2026-08-23 13:07:30] eval tzip-off               score=1.00 (base 1.00) skill_leak=0 self_echo=0/1 t=1s final='tzip deactivated'
[2026-08-23 13:07:31] eval tzip-on                score=1.00 (base 1.00) skill_leak=0 self_echo=0/1 t=1s final='tzip lite activated'
[2026-08-23 13:07:32] eval tzip-ultra             score=1.00 (base 1.00) skill_leak=0 self_echo=0/1 t=1s final='tzip ultra activated'
[2026-08-23 13:07:35] eval webfetch-plain         score=0.50 (base 0.50) skill_leak=0 self_echo=1/2 t=3s final='Example Domain\n\n# Example Domain\n\nThis domain is for use in '
[2026-08-23 13:07:38] eval chain-tzip-to-example      score=0.75 skill_leak=1 self_echo=1/3 t=3s [tzip-lite] 'tzip lite activated' | [example-hello] 'world'
[2026-08-23 13:07:40] eval chain-example-to-tzip      score=1.00 skill_leak=0 self_echo=1/3 t=2s [example-hello] 'world' | [tzip-off] 'tzip deactivated'
[2026-08-23 13:07:42] eval chain-tzip-full-to-lite    score=1.00 skill_leak=0 self_echo=0/2 t=2s [tzip-full] 'tzip full activated' | [tzip-lite] 'tzip lite activated'
[2026-08-23 13:07:42] === RESULT (best-final) accuracy=71.88%  skill-message leak=3.57% (1/28 msgs)  self-echo=28.57% (8/28) ===
[2026-08-23 13:07:42]    FAIL example-by                 0.00  skill_leak=0 self_echo=1/2  final='This is an example skill.'
[2026-08-23 13:07:42]    PART example-call-script        0.75  skill_leak=0 self_echo=1/2  final='This is example.sh output.'
[2026-08-23 13:07:42]    OK  example-empty              1.00  skill_leak=0 self_echo=0/1  final='This is an example skill.'
[2026-08-23 13:07:42]    PART example-hello-lower        0.25  skill_leak=0 self_echo=0/2  final='This is example.sh output.'
[2026-08-23 13:07:42]    PART example-hello              0.75  skill_leak=0 self_echo=1/2  final='world'
[2026-08-23 13:07:42]    PART example-hi                 0.50  skill_leak=0 self_echo=2/3  final='This is example.sh output.'
[2026-08-23 13:07:42]    FAIL tzip-empty                 0.00  skill_leak=0 self_echo=0/1  final='tzip full activated'
[2026-08-23 13:07:42]    OK  tzip-full                  1.00  skill_leak=0 self_echo=0/1  final='tzip full activated'
[2026-08-23 13:07:42]    OK  tzip-lite                  1.00  skill_leak=0 self_echo=0/1  final='tzip lite activated'
[2026-08-23 13:07:42]    OK  tzip-off                   1.00  skill_leak=0 self_echo=0/1  final='tzip deactivated'
[2026-08-23 13:07:42]    OK  tzip-on                    1.00  skill_leak=0 self_echo=0/1  final='tzip lite activated'
[2026-08-23 13:07:42]    OK  tzip-ultra                 1.00  skill_leak=0 self_echo=0/1  final='tzip ultra activated'
[2026-08-23 13:07:42]    PART webfetch-plain             0.50  skill_leak=0 self_echo=1/2  final='Example Domain\n\n# Example Domain\n\nThis domain is for use in documentat'
[2026-08-23 13:07:42]    PART chain-tzip-to-example      0.75  skill_leak=1 self_echo=1/3  final=''
[2026-08-23 13:07:42]    OK  chain-example-to-tzip      1.00  skill_leak=0 self_echo=1/3  final=''
[2026-08-23 13:07:42]    OK  chain-tzip-full-to-lite    1.00  skill_leak=0 self_echo=0/2  final=''
[2026-08-23 13:23:00] === evaluating pair (ab2-p4-r0) on 13 cases + 3 chains ===
[2026-08-23 13:23:00] pair file updated hash=467f62009f (ask=2078c explain=1610c thinking=1479c)
[2026-08-23 13:23:08] eval example-by             score=0.00 (base 0.00) skill_leak=1 self_echo=0/1 t=8s final='This is an example skill.'
[2026-08-23 13:23:11] eval example-call-script    score=0.75 (base 0.75) skill_leak=0 self_echo=0/2 t=3s final='This is example.sh output.'
[2026-08-23 13:23:14] eval example-empty          score=1.00 (base 1.00) skill_leak=0 self_echo=0/1 t=4s final='This is an example skill.'
[2026-08-23 13:23:18] eval example-hello-lower    score=0.00 (base 0.00) skill_leak=0 self_echo=1/2 t=3s final='world'
[2026-08-23 13:23:20] eval example-hello          score=1.00 (base 1.00) skill_leak=0 self_echo=2/3 t=3s final='world'
[2026-08-23 13:23:25] eval example-hi             score=0.75 (base 0.75) skill_leak=0 self_echo=0/2 t=4s final='This is example.sh output.'
[2026-08-23 13:23:27] eval tzip-empty             score=1.00 (base 1.00) skill_leak=0 self_echo=0/1 t=3s final='tzip lite activated'
[2026-08-23 13:23:29] eval tzip-full              score=1.00 (base 1.00) skill_leak=0 self_echo=0/1 t=1s final='tzip full activated'
[2026-08-23 13:23:30] eval tzip-lite              score=1.00 (base 1.00) skill_leak=0 self_echo=0/1 t=1s final='tzip lite activated'
[2026-08-23 13:23:31] eval tzip-off               score=1.00 (base 1.00) skill_leak=0 self_echo=0/1 t=1s final='tzip deactivated'
[2026-08-23 13:23:32] eval tzip-on                score=1.00 (base 1.00) skill_leak=0 self_echo=0/1 t=1s final='tzip lite activated'
[2026-08-23 13:23:33] eval tzip-ultra             score=1.00 (base 1.00) skill_leak=0 self_echo=0/1 t=1s final='tzip ultra activated'
[2026-08-23 13:23:37] eval webfetch-plain         score=1.00 (base 1.00) skill_leak=0 self_echo=0/2 t=4s final='Example Domain\n\n# Example Domain\n\nThis domain is for use in '
[2026-08-23 13:23:40] eval chain-tzip-to-example      score=1.00 skill_leak=0 self_echo=0/3 t=3s [tzip-lite] 'tzip lite activated' | [example-hello] 'world'
[2026-08-23 13:23:44] eval chain-example-to-tzip      score=0.88 skill_leak=0 self_echo=2/4 t=5s [example-hello] 'world' | [tzip-off] 'tzip deactivated'
[2026-08-23 13:23:46] eval chain-tzip-full-to-lite    score=0.75 skill_leak=1 self_echo=0/2 t=2s [tzip-full] 'tzip full activated' | [tzip-lite] 'tzip lite activated'
[2026-08-23 13:23:46] === RESULT (ab2-p4-r0) accuracy=82.03%  skill-message leak=7.14% (2/28 msgs)  self-echo=17.86% (5/28) ===
[2026-08-23 13:23:46]    FAIL example-by                 0.00  skill_leak=1 self_echo=0/1  final='This is an example skill.'
[2026-08-23 13:23:46]    PART example-call-script        0.75  skill_leak=0 self_echo=0/2  final='This is example.sh output.'
[2026-08-23 13:23:46]    OK  example-empty              1.00  skill_leak=0 self_echo=0/1  final='This is an example skill.'
[2026-08-23 13:23:46]    FAIL example-hello-lower        0.00  skill_leak=0 self_echo=1/2  final='world'
[2026-08-23 13:23:46]    OK  example-hello              1.00  skill_leak=0 self_echo=2/3  final='world'
[2026-08-23 13:23:46]    PART example-hi                 0.75  skill_leak=0 self_echo=0/2  final='This is example.sh output.'
[2026-08-23 13:23:46]    OK  tzip-empty                 1.00  skill_leak=0 self_echo=0/1  final='tzip lite activated'
[2026-08-23 13:23:46]    OK  tzip-full                  1.00  skill_leak=0 self_echo=0/1  final='tzip full activated'
[2026-08-23 13:23:46]    OK  tzip-lite                  1.00  skill_leak=0 self_echo=0/1  final='tzip lite activated'
[2026-08-23 13:23:46]    OK  tzip-off                   1.00  skill_leak=0 self_echo=0/1  final='tzip deactivated'
[2026-08-23 13:23:46]    OK  tzip-on                    1.00  skill_leak=0 self_echo=0/1  final='tzip lite activated'
[2026-08-23 13:23:46]    OK  tzip-ultra                 1.00  skill_leak=0 self_echo=0/1  final='tzip ultra activated'
[2026-08-23 13:23:46]    OK  webfetch-plain             1.00  skill_leak=0 self_echo=0/2  final='Example Domain\n\n# Example Domain\n\nThis domain is for use in documentat'
[2026-08-23 13:23:46]    OK  chain-tzip-to-example      1.00  skill_leak=0 self_echo=0/3  final=''
[2026-08-23 13:23:46]    PART chain-example-to-tzip      0.88  skill_leak=0 self_echo=2/4  final=''
[2026-08-23 13:23:46]    PART chain-tzip-full-to-lite    0.75  skill_leak=1 self_echo=0/2  final=''
[2026-08-23 13:23:46] === evaluating pair (ab2-p5-r0) on 13 cases + 3 chains ===
[2026-08-23 13:23:46] pair file updated hash=ab2917bc50 (ask=1966c explain=1610c thinking=1325c)
[2026-08-23 13:23:54] eval example-by             score=0.00 (base 0.00) skill_leak=0 self_echo=0/1 t=8s final='This is an example skill.'
[2026-08-23 13:24:00] eval example-call-script    score=0.75 (base 0.75) skill_leak=0 self_echo=0/2 t=6s final='This is example.sh output.'
[2026-08-23 13:24:03] eval example-empty          score=1.00 (base 1.00) skill_leak=0 self_echo=0/1 t=4s final='This is an example skill.'
[2026-08-23 13:24:08] eval example-hello-lower    score=0.25 (base 0.25) skill_leak=0 self_echo=0/2 t=4s final='This is example.sh output.'
[2026-08-23 13:24:11] eval example-hello          score=0.75 (base 0.75) skill_leak=0 self_echo=1/2 t=3s final='world'
[2026-08-23 13:24:14] eval example-hi             score=0.75 (base 0.75) skill_leak=0 self_echo=0/2 t=3s final='This is example.sh output.'
[2026-08-23 13:24:15] eval tzip-empty             score=0.00 (base 0.00) skill_leak=0 self_echo=0/1 t=1s final='tzip full activated'
[2026-08-23 13:24:16] eval tzip-full              score=1.00 (base 1.00) skill_leak=0 self_echo=0/1 t=1s final='tzip full activated'
[2026-08-23 13:24:18] eval tzip-lite              score=1.00 (base 1.00) skill_leak=0 self_echo=0/1 t=1s final='tzip lite activated'
[2026-08-23 13:24:19] eval tzip-off               score=1.00 (base 1.00) skill_leak=0 self_echo=0/1 t=1s final='tzip deactivated'
[2026-08-23 13:24:20] eval tzip-on                score=1.00 (base 1.00) skill_leak=0 self_echo=0/1 t=1s final='tzip lite activated'
[2026-08-23 13:24:22] eval tzip-ultra             score=1.00 (base 1.00) skill_leak=0 self_echo=0/1 t=1s final='tzip ultra activated'
[2026-08-23 13:24:26] eval webfetch-plain         score=0.50 (base 0.50) skill_leak=0 self_echo=1/2 t=4s final='Example Domain\n\n# Example Domain\n\nThis domain is for use in '
[2026-08-23 13:24:28] eval chain-tzip-to-example      score=1.00 skill_leak=0 self_echo=1/3 t=3s [tzip-lite] 'tzip lite activated' | [example-hello] 'world'
[2026-08-23 13:24:32] eval chain-example-to-tzip      score=0.88 skill_leak=0 self_echo=1/3 t=4s [example-hello] 'world' | [tzip-off] 'tzip deactivated'
[2026-08-23 13:24:34] eval chain-tzip-full-to-lite    score=0.75 skill_leak=1 self_echo=0/2 t=2s [tzip-full] 'tzip full activated' | [tzip-lite] 'tzip lite activated'
[2026-08-23 13:24:34] === RESULT (ab2-p5-r0) accuracy=72.66%  skill-message leak=3.85% (1/26 msgs)  self-echo=15.38% (4/26) ===
[2026-08-23 13:24:34]    FAIL example-by                 0.00  skill_leak=0 self_echo=0/1  final='This is an example skill.'
[2026-08-23 13:24:34]    PART example-call-script        0.75  skill_leak=0 self_echo=0/2  final='This is example.sh output.'
[2026-08-23 13:24:34]    OK  example-empty              1.00  skill_leak=0 self_echo=0/1  final='This is an example skill.'
[2026-08-23 13:24:34]    PART example-hello-lower        0.25  skill_leak=0 self_echo=0/2  final='This is example.sh output.'
[2026-08-23 13:24:34]    PART example-hello              0.75  skill_leak=0 self_echo=1/2  final='world'
[2026-08-23 13:24:34]    PART example-hi                 0.75  skill_leak=0 self_echo=0/2  final='This is example.sh output.'
[2026-08-23 13:24:34]    FAIL tzip-empty                 0.00  skill_leak=0 self_echo=0/1  final='tzip full activated'
[2026-08-23 13:24:34]    OK  tzip-full                  1.00  skill_leak=0 self_echo=0/1  final='tzip full activated'
[2026-08-23 13:24:34]    OK  tzip-lite                  1.00  skill_leak=0 self_echo=0/1  final='tzip lite activated'
[2026-08-23 13:24:34]    OK  tzip-off                   1.00  skill_leak=0 self_echo=0/1  final='tzip deactivated'
[2026-08-23 13:24:34]    OK  tzip-on                    1.00  skill_leak=0 self_echo=0/1  final='tzip lite activated'
[2026-08-23 13:24:34]    OK  tzip-ultra                 1.00  skill_leak=0 self_echo=0/1  final='tzip ultra activated'
[2026-08-23 13:24:34]    PART webfetch-plain             0.50  skill_leak=0 self_echo=1/2  final='Example Domain\n\n# Example Domain\n\nThis domain is for use in documentat'
[2026-08-23 13:24:34]    OK  chain-tzip-to-example      1.00  skill_leak=0 self_echo=1/3  final=''
[2026-08-23 13:24:34]    PART chain-example-to-tzip      0.88  skill_leak=0 self_echo=1/3  final=''
[2026-08-23 13:24:34]    PART chain-tzip-full-to-lite    0.75  skill_leak=1 self_echo=0/2  final=''
[2026-08-23 13:24:34] === evaluating pair (ab2-p5-r1) on 13 cases + 3 chains ===
[2026-08-23 13:24:51] eval example-by             score=0.25 (base 0.25) skill_leak=0 self_echo=1/2 t=17s final='This is example.sh output.'
[2026-08-23 13:24:55] eval example-call-script    score=0.75 (base 0.75) skill_leak=0 self_echo=1/2 t=4s final='This is example.sh output.'
[2026-08-23 13:25:17] eval example-empty          score=1.00 (base 1.00) skill_leak=0 self_echo=2/3 t=22s final='This is an example skill.'
[2026-08-23 13:25:21] eval example-hello-lower    score=0.25 (base 0.25) skill_leak=0 self_echo=0/2 t=4s final='This is example.sh output.'
[2026-08-23 13:25:23] eval example-hello          score=1.00 (base 1.00) skill_leak=0 self_echo=1/2 t=3s final='world'
[2026-08-23 13:25:27] eval example-hi             score=0.75 (base 0.75) skill_leak=0 self_echo=1/2 t=4s final='This is example.sh output.'
[2026-08-23 13:25:29] eval tzip-empty             score=0.00 (base 0.00) skill_leak=0 self_echo=0/1 t=2s final='tzip full activated'
[2026-08-23 13:25:31] eval tzip-full              score=1.00 (base 1.00) skill_leak=0 self_echo=0/1 t=1s final='tzip full activated'
[2026-08-23 13:25:32] eval tzip-lite              score=1.00 (base 1.00) skill_leak=0 self_echo=0/1 t=1s final='tzip lite activated'
[2026-08-23 13:25:33] eval tzip-off               score=1.00 (base 1.00) skill_leak=0 self_echo=0/1 t=1s final='tzip deactivated'
[2026-08-23 13:25:35] eval tzip-on                score=1.00 (base 1.00) skill_leak=0 self_echo=0/1 t=1s final='tzip lite activated'
[2026-08-23 13:25:36] eval tzip-ultra             score=1.00 (base 1.00) skill_leak=0 self_echo=0/1 t=1s final='tzip ultra activated'
[2026-08-23 13:25:39] eval webfetch-plain         score=0.50 (base 0.50) skill_leak=0 self_echo=0/2 t=3s final='Example Domain\n\n# Example Domain\n\nThis domain is for use in '
[2026-08-23 13:25:41] eval chain-tzip-to-example      score=0.75 skill_leak=1 self_echo=1/3 t=2s [tzip-lite] 'tzip lite activated' | [example-hello] 'world'
[2026-08-23 13:25:47] eval chain-example-to-tzip      score=1.00 skill_leak=0 self_echo=2/4 t=6s [example-hello] 'world' | [tzip-off] 'tzip deactivated'
[2026-08-23 13:25:49] eval chain-tzip-full-to-lite    score=0.75 skill_leak=1 self_echo=0/2 t=2s [tzip-full] 'tzip full activated' | [tzip-lite] 'tzip lite activated'
[2026-08-23 13:25:49] === RESULT (ab2-p5-r1) accuracy=75.00%  skill-message leak=6.67% (2/30 msgs)  self-echo=30.00% (9/30) ===
[2026-08-23 13:25:49]    PART example-by                 0.25  skill_leak=0 self_echo=1/2  final='This is example.sh output.'
[2026-08-23 13:25:49]    PART example-call-script        0.75  skill_leak=0 self_echo=1/2  final='This is example.sh output.'
[2026-08-23 13:25:49]    OK  example-empty              1.00  skill_leak=0 self_echo=2/3  final='This is an example skill.'
[2026-08-23 13:25:49]    PART example-hello-lower        0.25  skill_leak=0 self_echo=0/2  final='This is example.sh output.'
[2026-08-23 13:25:49]    OK  example-hello              1.00  skill_leak=0 self_echo=1/2  final='world'
[2026-08-23 13:25:49]    PART example-hi                 0.75  skill_leak=0 self_echo=1/2  final='This is example.sh output.'
[2026-08-23 13:25:49]    FAIL tzip-empty                 0.00  skill_leak=0 self_echo=0/1  final='tzip full activated'
[2026-08-23 13:25:49]    OK  tzip-full                  1.00  skill_leak=0 self_echo=0/1  final='tzip full activated'
[2026-08-23 13:25:49]    OK  tzip-lite                  1.00  skill_leak=0 self_echo=0/1  final='tzip lite activated'
[2026-08-23 13:25:49]    OK  tzip-off                   1.00  skill_leak=0 self_echo=0/1  final='tzip deactivated'
[2026-08-23 13:25:49]    OK  tzip-on                    1.00  skill_leak=0 self_echo=0/1  final='tzip lite activated'
[2026-08-23 13:25:49]    OK  tzip-ultra                 1.00  skill_leak=0 self_echo=0/1  final='tzip ultra activated'
[2026-08-23 13:25:49]    PART webfetch-plain             0.50  skill_leak=0 self_echo=0/2  final='Example Domain\n\n# Example Domain\n\nThis domain is for use in documentat'
[2026-08-23 13:25:49]    PART chain-tzip-to-example      0.75  skill_leak=1 self_echo=1/3  final=''
[2026-08-23 13:25:49]    OK  chain-example-to-tzip      1.00  skill_leak=0 self_echo=2/4  final=''
[2026-08-23 13:25:49]    PART chain-tzip-full-to-lite    0.75  skill_leak=1 self_echo=0/2  final=''
[2026-08-23 13:25:49] === evaluating pair (ab2-p4-r1) on 13 cases + 3 chains ===
[2026-08-23 13:25:49] pair file updated hash=467f62009f (ask=2078c explain=1610c thinking=1479c)
[2026-08-23 13:25:53] eval example-by             score=0.00 (base 0.00) skill_leak=0 self_echo=1/2 t=5s final='This is an example skill.'
[2026-08-23 13:25:57] eval example-call-script    score=0.75 (base 0.75) skill_leak=0 self_echo=0/2 t=4s final='This is example.sh output.'
[2026-08-23 13:26:02] eval example-empty          score=0.50 (base 1.00) skill_leak=1 self_echo=0/1 t=5s final='This is an example skill.'
[2026-08-23 13:26:06] eval example-hello-lower    score=0.00 (base 0.00) skill_leak=0 self_echo=1/2 t=4s final='world'
[2026-08-23 13:26:10] eval example-hello          score=1.00 (base 1.00) skill_leak=0 self_echo=1/2 t=4s final='world'
[2026-08-23 13:26:13] eval example-hi             score=0.75 (base 0.75) skill_leak=0 self_echo=0/2 t=3s final='This is example.sh output.'
[2026-08-23 13:26:16] eval tzip-empty             score=1.00 (base 1.00) skill_leak=0 self_echo=0/1 t=3s final='tzip lite activated'
[2026-08-23 13:26:17] eval tzip-full              score=1.00 (base 1.00) skill_leak=0 self_echo=0/1 t=1s final='tzip full activated'
[2026-08-23 13:26:18] eval tzip-lite              score=1.00 (base 1.00) skill_leak=0 self_echo=0/1 t=1s final='tzip lite activated'
[2026-08-23 13:26:19] eval tzip-off               score=1.00 (base 1.00) skill_leak=0 self_echo=0/1 t=1s final='tzip deactivated'
[2026-08-23 13:26:21] eval tzip-on                score=1.00 (base 1.00) skill_leak=0 self_echo=0/1 t=1s final='tzip lite activated'
[2026-08-23 13:26:22] eval tzip-ultra             score=1.00 (base 1.00) skill_leak=0 self_echo=0/1 t=1s final='tzip ultra activated'
[2026-08-23 13:26:26] eval webfetch-plain         score=0.50 (base 0.50) skill_leak=0 self_echo=0/2 t=4s final='Example Domain\n\n# Example Domain\n\nThis domain is for use in '
[2026-08-23 13:26:28] eval chain-tzip-to-example      score=1.00 skill_leak=0 self_echo=1/3 t=3s [tzip-lite] 'tzip lite activated' | [example-hello] 'world'
[2026-08-23 13:26:36] eval chain-example-to-tzip      score=0.88 skill_leak=0 self_echo=2/4 t=8s [example-hello] 'world' | [tzip-off] 'tzip deactivated'
[2026-08-23 13:26:38] eval chain-tzip-full-to-lite    score=0.75 skill_leak=1 self_echo=0/2 t=2s [tzip-full] 'tzip full activated' | [tzip-lite] 'tzip lite activated'
[2026-08-23 13:26:38] === RESULT (ab2-p4-r1) accuracy=75.78%  skill-message leak=7.14% (2/28 msgs)  self-echo=21.43% (6/28) ===
[2026-08-23 13:26:38]    FAIL example-by                 0.00  skill_leak=0 self_echo=1/2  final='This is an example skill.'
[2026-08-23 13:26:38]    PART example-call-script        0.75  skill_leak=0 self_echo=0/2  final='This is example.sh output.'
[2026-08-23 13:26:38]    PART example-empty              0.50  skill_leak=1 self_echo=0/1  final='This is an example skill.'
[2026-08-23 13:26:38]    FAIL example-hello-lower        0.00  skill_leak=0 self_echo=1/2  final='world'
[2026-08-23 13:26:38]    OK  example-hello              1.00  skill_leak=0 self_echo=1/2  final='world'
[2026-08-23 13:26:38]    PART example-hi                 0.75  skill_leak=0 self_echo=0/2  final='This is example.sh output.'
[2026-08-23 13:26:38]    OK  tzip-empty                 1.00  skill_leak=0 self_echo=0/1  final='tzip lite activated'
[2026-08-23 13:26:38]    OK  tzip-full                  1.00  skill_leak=0 self_echo=0/1  final='tzip full activated'
[2026-08-23 13:26:38]    OK  tzip-lite                  1.00  skill_leak=0 self_echo=0/1  final='tzip lite activated'
[2026-08-23 13:26:38]    OK  tzip-off                   1.00  skill_leak=0 self_echo=0/1  final='tzip deactivated'
[2026-08-23 13:26:38]    OK  tzip-on                    1.00  skill_leak=0 self_echo=0/1  final='tzip lite activated'
[2026-08-23 13:26:38]    OK  tzip-ultra                 1.00  skill_leak=0 self_echo=0/1  final='tzip ultra activated'
[2026-08-23 13:26:38]    PART webfetch-plain             0.50  skill_leak=0 self_echo=0/2  final='Example Domain\n\n# Example Domain\n\nThis domain is for use in documentat'
[2026-08-23 13:26:38]    OK  chain-tzip-to-example      1.00  skill_leak=0 self_echo=1/3  final=''
[2026-08-23 13:26:38]    PART chain-example-to-tzip      0.88  skill_leak=0 self_echo=2/4  final=''
[2026-08-23 13:26:38]    PART chain-tzip-full-to-lite    0.75  skill_leak=1 self_echo=0/2  final=''
[2026-08-23 13:26:38] === evaluating pair (ab2-p4-r2) on 13 cases + 3 chains ===
[2026-08-23 13:26:49] eval example-by             score=0.00 (base 0.00) skill_leak=0 self_echo=0/1 t=11s final='This is an example skill.'
[2026-08-23 13:26:55] eval example-call-script    score=0.25 (base 0.25) skill_leak=0 self_echo=0/2 t=6s final='This is example.sh output.'
[2026-08-23 13:26:58] eval example-empty          score=1.00 (base 1.00) skill_leak=0 self_echo=0/1 t=4s final='This is an example skill.'
[2026-08-23 13:27:05] eval example-hello-lower    score=0.00 (base 0.00) skill_leak=0 self_echo=1/2 t=7s final='world'
[2026-08-23 13:27:14] eval example-hello          score=1.00 (base 1.00) skill_leak=0 self_echo=2/3 t=9s final='world'
[2026-08-23 13:27:27] eval example-hi             score=0.38 (base 0.75) skill_leak=1 self_echo=1/4 t=13s final='This is example.sh output.'
[2026-08-23 13:27:30] eval tzip-empty             score=1.00 (base 1.00) skill_leak=0 self_echo=0/1 t=3s final='tzip lite activated'
[2026-08-23 13:27:31] eval tzip-full              score=1.00 (base 1.00) skill_leak=0 self_echo=0/1 t=1s final='tzip full activated'
[2026-08-23 13:27:33] eval tzip-lite              score=1.00 (base 1.00) skill_leak=0 self_echo=0/1 t=1s final='tzip lite activated'
[2026-08-23 13:27:34] eval tzip-off               score=1.00 (base 1.00) skill_leak=0 self_echo=0/1 t=1s final='tzip deactivated'
[2026-08-23 13:27:35] eval tzip-on                score=1.00 (base 1.00) skill_leak=0 self_echo=0/1 t=1s final='tzip lite activated'
[2026-08-23 13:27:37] eval tzip-ultra             score=1.00 (base 1.00) skill_leak=0 self_echo=0/1 t=2s final='tzip ultra activated'
[2026-08-23 13:27:40] eval webfetch-plain         score=0.50 (base 0.50) skill_leak=0 self_echo=1/2 t=3s final='Example Domain\n\n# Example Domain\n\nThis domain is for use in '
[2026-08-23 13:27:44] eval chain-tzip-to-example      score=1.00 skill_leak=0 self_echo=1/4 t=4s [tzip-lite] 'tzip lite activated' | [example-hello] 'world'
[2026-08-23 13:27:46] eval chain-example-to-tzip      score=1.00 skill_leak=0 self_echo=1/3 t=3s [example-hello] 'world' | [tzip-off] 'tzip deactivated'
[2026-08-23 13:27:48] eval chain-tzip-full-to-lite    score=0.75 skill_leak=1 self_echo=0/2 t=2s [tzip-full] 'tzip full activated' | [tzip-lite] 'tzip lite activated'
[2026-08-23 13:27:48] === RESULT (ab2-p4-r2) accuracy=74.22%  skill-message leak=6.67% (2/30 msgs)  self-echo=23.33% (7/30) ===
[2026-08-23 13:27:48]    FAIL example-by                 0.00  skill_leak=0 self_echo=0/1  final='This is an example skill.'
[2026-08-23 13:27:48]    PART example-call-script        0.25  skill_leak=0 self_echo=0/2  final='This is example.sh output.'
[2026-08-23 13:27:48]    OK  example-empty              1.00  skill_leak=0 self_echo=0/1  final='This is an example skill.'
[2026-08-23 13:27:48]    FAIL example-hello-lower        0.00  skill_leak=0 self_echo=1/2  final='world'
[2026-08-23 13:27:48]    OK  example-hello              1.00  skill_leak=0 self_echo=2/3  final='world'
[2026-08-23 13:27:48]    PART example-hi                 0.38  skill_leak=1 self_echo=1/4  final='This is example.sh output.'
[2026-08-23 13:27:48]    OK  tzip-empty                 1.00  skill_leak=0 self_echo=0/1  final='tzip lite activated'
[2026-08-23 13:27:48]    OK  tzip-full                  1.00  skill_leak=0 self_echo=0/1  final='tzip full activated'
[2026-08-23 13:27:48]    OK  tzip-lite                  1.00  skill_leak=0 self_echo=0/1  final='tzip lite activated'
[2026-08-23 13:27:48]    OK  tzip-off                   1.00  skill_leak=0 self_echo=0/1  final='tzip deactivated'
[2026-08-23 13:27:48]    OK  tzip-on                    1.00  skill_leak=0 self_echo=0/1  final='tzip lite activated'
[2026-08-23 13:27:48]    OK  tzip-ultra                 1.00  skill_leak=0 self_echo=0/1  final='tzip ultra activated'
[2026-08-23 13:27:48]    PART webfetch-plain             0.50  skill_leak=0 self_echo=1/2  final='Example Domain\n\n# Example Domain\n\nThis domain is for use in documentat'
[2026-08-23 13:27:48]    OK  chain-tzip-to-example      1.00  skill_leak=0 self_echo=1/4  final=''
[2026-08-23 13:27:48]    OK  chain-example-to-tzip      1.00  skill_leak=0 self_echo=1/3  final=''
[2026-08-23 13:27:48]    PART chain-tzip-full-to-lite    0.75  skill_leak=1 self_echo=0/2  final=''
[2026-08-23 13:27:48] === evaluating pair (ab2-p5-r2) on 13 cases + 3 chains ===
[2026-08-23 13:27:48] pair file updated hash=ab2917bc50 (ask=1966c explain=1610c thinking=1325c)
[2026-08-23 13:28:06] eval example-by             score=0.00 (base 0.00) skill_leak=0 self_echo=1/2 t=18s final='This is an example skill.'
[2026-08-23 13:28:12] eval example-call-script    score=0.50 (base 0.50) skill_leak=0 self_echo=2/3 t=7s final='This is example.sh output.'
[2026-08-23 13:28:16] eval example-empty          score=1.00 (base 1.00) skill_leak=0 self_echo=0/1 t=4s final='This is an example skill.'
[2026-08-23 13:28:20] eval example-hello-lower    score=0.25 (base 0.25) skill_leak=0 self_echo=0/2 t=4s final='This is example.sh output.'
[2026-08-23 13:28:23] eval example-hello          score=1.00 (base 1.00) skill_leak=0 self_echo=1/2 t=2s final='world'
[2026-08-23 13:28:27] eval example-hi             score=0.50 (base 0.50) skill_leak=0 self_echo=1/3 t=4s final='This is example.sh output.'
[2026-08-23 13:28:28] eval tzip-empty             score=0.00 (base 0.00) skill_leak=0 self_echo=0/1 t=1s final='tzip full activated'
[2026-08-23 13:28:29] eval tzip-full              score=1.00 (base 1.00) skill_leak=0 self_echo=0/1 t=1s final='tzip full activated'
[2026-08-23 13:28:31] eval tzip-lite              score=1.00 (base 1.00) skill_leak=0 self_echo=0/1 t=1s final='tzip lite activated'
[2026-08-23 13:28:32] eval tzip-off               score=1.00 (base 1.00) skill_leak=0 self_echo=0/1 t=1s final='tzip deactivated'
[2026-08-23 13:28:33] eval tzip-on                score=1.00 (base 1.00) skill_leak=0 self_echo=0/1 t=2s final='tzip lite activated'
[2026-08-23 13:28:35] eval tzip-ultra             score=1.00 (base 1.00) skill_leak=0 self_echo=0/1 t=1s final='tzip ultra activated'
[2026-08-23 13:28:39] eval webfetch-plain         score=0.50 (base 0.50) skill_leak=0 self_echo=0/2 t=4s final='Example Domain\n\n# Example Domain\n\nThis domain is for use in '
[2026-08-23 13:28:42] eval chain-tzip-to-example      score=0.75 skill_leak=1 self_echo=1/3 t=3s [tzip-lite] 'tzip lite activated' | [example-hello] 'world'
[2026-08-23 13:28:46] eval chain-example-to-tzip      score=0.88 skill_leak=0 self_echo=1/3 t=4s [example-hello] 'world' | [tzip-off] 'tzip deactivated'
[2026-08-23 13:28:48] eval chain-tzip-full-to-lite    score=0.75 skill_leak=1 self_echo=0/2 t=2s [tzip-full] 'tzip full activated' | [tzip-lite] 'tzip lite activated'
[2026-08-23 13:28:48] === RESULT (ab2-p5-r2) accuracy=69.53%  skill-message leak=6.90% (2/29 msgs)  self-echo=24.14% (7/29) ===
[2026-08-23 13:28:48]    FAIL example-by                 0.00  skill_leak=0 self_echo=1/2  final='This is an example skill.'
[2026-08-23 13:28:48]    PART example-call-script        0.50  skill_leak=0 self_echo=2/3  final='This is example.sh output.'
[2026-08-23 13:28:48]    OK  example-empty              1.00  skill_leak=0 self_echo=0/1  final='This is an example skill.'
[2026-08-23 13:28:48]    PART example-hello-lower        0.25  skill_leak=0 self_echo=0/2  final='This is example.sh output.'
[2026-08-23 13:28:48]    OK  example-hello              1.00  skill_leak=0 self_echo=1/2  final='world'
[2026-08-23 13:28:48]    PART example-hi                 0.50  skill_leak=0 self_echo=1/3  final='This is example.sh output.'
[2026-08-23 13:28:48]    FAIL tzip-empty                 0.00  skill_leak=0 self_echo=0/1  final='tzip full activated'
[2026-08-23 13:28:48]    OK  tzip-full                  1.00  skill_leak=0 self_echo=0/1  final='tzip full activated'
[2026-08-23 13:28:48]    OK  tzip-lite                  1.00  skill_leak=0 self_echo=0/1  final='tzip lite activated'
[2026-08-23 13:28:48]    OK  tzip-off                   1.00  skill_leak=0 self_echo=0/1  final='tzip deactivated'
[2026-08-23 13:28:48]    OK  tzip-on                    1.00  skill_leak=0 self_echo=0/1  final='tzip lite activated'
[2026-08-23 13:28:48]    OK  tzip-ultra                 1.00  skill_leak=0 self_echo=0/1  final='tzip ultra activated'
[2026-08-23 13:28:48]    PART webfetch-plain             0.50  skill_leak=0 self_echo=0/2  final='Example Domain\n\n# Example Domain\n\nThis domain is for use in documentat'
[2026-08-23 13:28:48]    PART chain-tzip-to-example      0.75  skill_leak=1 self_echo=1/3  final=''
[2026-08-23 13:28:48]    PART chain-example-to-tzip      0.88  skill_leak=0 self_echo=1/3  final=''
[2026-08-23 13:28:48]    PART chain-tzip-full-to-lite    0.75  skill_leak=1 self_echo=0/2  final=''
[2026-08-23 13:37:12] ### train.py optimize started (run_id=0823-133712-985203, python=3.14.7)
[2026-08-23 13:37:12] seed pair: explain='A skill block is a task you execute, not a question you answer. I read the block name, the Usage rul'... thinking="A skill block is a task to execute, never a question to answer. I read the block's name, its Usage r"...
[2026-08-23 13:37:12] === evaluating pair (seed-baseline) on 13 cases + 3 chains ===
[2026-08-23 13:37:12] pair file updated hash=467f62009f (ask=2078c explain=1610c thinking=1479c)
[2026-08-23 13:37:23] eval example-by             score=0.00 (base 0.00) skill_leak=1 self_echo=1/2 t=11s final='This is an example skill.'
[2026-08-23 13:37:26] eval example-call-script    score=0.75 (base 0.75) skill_leak=0 self_echo=1/2 t=3s final='This is example.sh output.'
[2026-08-23 13:37:30] eval example-empty          score=1.00 (base 1.00) skill_leak=0 self_echo=0/1 t=5s final='This is an example skill.'
[2026-08-23 13:37:33] eval example-hello-lower    score=0.00 (base 0.00) skill_leak=0 self_echo=1/2 t=2s final='world'
[2026-08-23 13:37:36] eval example-hello          score=1.00 (base 1.00) skill_leak=0 self_echo=1/2 t=3s final='world'
[2026-08-23 13:37:38] eval example-hi             score=0.75 (base 0.75) skill_leak=0 self_echo=1/2 t=2s final='This is example.sh output.'
[2026-08-23 13:37:43] eval tzip-empty             score=1.00 (base 1.00) skill_leak=0 self_echo=0/1 t=5s final='tzip lite activated'
[2026-08-23 13:37:44] eval tzip-full              score=1.00 (base 1.00) skill_leak=0 self_echo=0/1 t=1s final='tzip full activated'
[2026-08-23 13:37:46] eval tzip-lite              score=1.00 (base 1.00) skill_leak=0 self_echo=0/1 t=1s final='tzip lite activated'
[2026-08-23 13:37:47] eval tzip-off               score=1.00 (base 1.00) skill_leak=0 self_echo=0/1 t=1s final='tzip deactivated'
[2026-08-23 13:37:48] eval tzip-on                score=1.00 (base 1.00) skill_leak=0 self_echo=0/1 t=1s final='tzip lite activated'
[2026-08-23 13:37:49] eval tzip-ultra             score=1.00 (base 1.00) skill_leak=0 self_echo=0/1 t=1s final='tzip ultra activated'
[2026-08-23 13:37:54] eval webfetch-plain         score=0.25 (base 0.50) skill_leak=1 self_echo=0/2 t=4s final='Example Domain\n\n# Example Domain\n\nThis domain is for use in '
[2026-08-23 13:37:56] eval chain-tzip-to-example      score=1.00 skill_leak=0 self_echo=1/3 t=3s [tzip-lite] 'tzip lite activated' | [example-hello] 'world'
[2026-08-23 13:38:03] eval chain-example-to-tzip      score=0.88 skill_leak=0 self_echo=1/3 t=7s [example-hello] 'world' | [tzip-off] 'tzip deactivated'
[2026-08-23 13:38:05] eval chain-tzip-full-to-lite    score=0.75 skill_leak=1 self_echo=0/2 t=2s [tzip-full] 'tzip full activated' | [tzip-lite] 'tzip lite activated'
[2026-08-23 13:38:05] === RESULT (seed-baseline) accuracy=77.34%  skill-message leak=11.11% (3/27 msgs)  self-echo=25.93% (7/27) ===
[2026-08-23 13:38:05]    FAIL example-by                 0.00  skill_leak=1 self_echo=1/2  final='This is an example skill.'
[2026-08-23 13:38:05]    PART example-call-script        0.75  skill_leak=0 self_echo=1/2  final='This is example.sh output.'
[2026-08-23 13:38:05]    OK  example-empty              1.00  skill_leak=0 self_echo=0/1  final='This is an example skill.'
[2026-08-23 13:38:05]    FAIL example-hello-lower        0.00  skill_leak=0 self_echo=1/2  final='world'
[2026-08-23 13:38:05]    OK  example-hello              1.00  skill_leak=0 self_echo=1/2  final='world'
[2026-08-23 13:38:05]    PART example-hi                 0.75  skill_leak=0 self_echo=1/2  final='This is example.sh output.'
[2026-08-23 13:38:05]    OK  tzip-empty                 1.00  skill_leak=0 self_echo=0/1  final='tzip lite activated'
[2026-08-23 13:38:05]    OK  tzip-full                  1.00  skill_leak=0 self_echo=0/1  final='tzip full activated'
[2026-08-23 13:38:05]    OK  tzip-lite                  1.00  skill_leak=0 self_echo=0/1  final='tzip lite activated'
[2026-08-23 13:38:05]    OK  tzip-off                   1.00  skill_leak=0 self_echo=0/1  final='tzip deactivated'
[2026-08-23 13:38:05]    OK  tzip-on                    1.00  skill_leak=0 self_echo=0/1  final='tzip lite activated'
[2026-08-23 13:38:05]    OK  tzip-ultra                 1.00  skill_leak=0 self_echo=0/1  final='tzip ultra activated'
[2026-08-23 13:38:05]    PART webfetch-plain             0.25  skill_leak=1 self_echo=0/2  final='Example Domain\n\n# Example Domain\n\nThis domain is for use in documentat'
[2026-08-23 13:38:05]    OK  chain-tzip-to-example      1.00  skill_leak=0 self_echo=1/3  final=''
[2026-08-23 13:38:05]    PART chain-example-to-tzip      0.88  skill_leak=0 self_echo=1/3  final=''
[2026-08-23 13:38:05]    PART chain-tzip-full-to-lite    0.75  skill_leak=1 self_echo=0/2  final=''
[2026-08-23 13:38:05] starting GEPA: run_dir=/home/mtasic/projects-b/pi-slm/optim/skills-usage-7/runs/gepa-0823-133712-985203 max_metric_calls=144 optimization examples=16 (full eval set=13 cases + 3 chains) reflection_lm=Qwen/Qwen3.8-27B (thinking off, callable wrapper)
[2026-08-23 13:38:08] eval example-by             score=0.00 (base 0.00) skill_leak=0 self_echo=0/1 t=2.5s  final='This is an example skill.'
[2026-08-23 13:38:09] eval example-call-script    score=0.00 (base 0.00) skill_leak=0 self_echo=0/1 t=0.9s  final='This is an example skill.'
[2026-08-23 13:38:13] eval example-empty          score=1.00 (base 1.00) skill_leak=0 self_echo=0/1 t=4.2s  final='This is an example skill.'
[2026-08-23 13:38:15] eval example-hello-lower    score=0.00 (base 0.00) skill_leak=0 self_echo=1/2 t=2.3s  final='world'
[2026-08-23 13:38:20] eval example-hello          score=0.75 (base 0.75) skill_leak=0 self_echo=1/2 t=5.1s  final='world'
[2026-08-23 13:38:23] eval example-hi             score=0.75 (base 0.75) skill_leak=0 self_echo=1/2 t=2.9s  final='This is example.sh output.'
[2026-08-23 13:38:26] eval tzip-empty             score=1.00 (base 1.00) skill_leak=0 self_echo=0/1 t=2.2s  final='tzip lite activated'
[2026-08-23 13:38:27] eval tzip-full              score=1.00 (base 1.00) skill_leak=0 self_echo=0/1 t=1.4s  final='tzip full activated'
[2026-08-23 13:38:28] eval tzip-lite              score=1.00 (base 1.00) skill_leak=0 self_echo=0/1 t=1.3s  final='tzip lite activated'
[2026-08-23 13:38:29] eval tzip-off               score=1.00 (base 1.00) skill_leak=0 self_echo=0/1 t=1.3s  final='tzip deactivated'
[2026-08-23 13:38:31] eval tzip-on                score=1.00 (base 1.00) skill_leak=0 self_echo=0/1 t=1.4s  final='tzip lite activated'
[2026-08-23 13:38:32] eval tzip-ultra             score=1.00 (base 1.00) skill_leak=0 self_echo=0/1 t=1.0s  final='tzip ultra activated'
[2026-08-23 13:38:34] eval webfetch-plain         score=0.50 (base 0.50) skill_leak=0 self_echo=0/2 t=2.4s  final='Example Domain\n\n# Example Domain\n\nThis domain is for use in '
[2026-08-23 13:38:37] eval chain-tzip-to-example [tzip-lite] base=1.00 skill_leak=0 self_echo=0/1 final='tzip lite activated'
[2026-08-23 13:38:37] eval chain-tzip-to-example [example-hello] base=1.00 skill_leak=0 self_echo=1/2 final='world'
[2026-08-23 13:38:37] eval chain-tzip-to-example      score=1.00 t=2.7s
[2026-08-23 13:38:41] eval chain-example-to-tzip [example-hello] base=1.00 skill_leak=0 self_echo=1/2 final='world'
[2026-08-23 13:38:41] eval chain-example-to-tzip [tzip-off] base=1.00 skill_leak=0 self_echo=0/1 final='tzip deactivated'
[2026-08-23 13:38:41] eval chain-example-to-tzip      score=1.00 t=3.9s
[2026-08-23 13:38:43] eval chain-tzip-full-to-lite [tzip-full] base=1.00 skill_leak=0 self_echo=0/1 final='tzip full activated'
[2026-08-23 13:38:43] eval chain-tzip-full-to-lite [tzip-lite] base=1.00 skill_leak=1 self_echo=0/1 final='tzip lite activated'
[2026-08-23 13:38:43] eval chain-tzip-full-to-lite    score=0.75 t=1.9s
[2026-08-23 13:38:47] eval example-empty          score=0.50 (base 1.00) skill_leak=1 self_echo=0/1 t=4.5s  final='This is an example skill.'
[2026-08-23 13:38:56] eval chain-example-to-tzip [example-hello] base=0.75 skill_leak=0 self_echo=2/3 final='world'
[2026-08-23 13:38:56] eval chain-example-to-tzip [tzip-off] base=1.00 skill_leak=0 self_echo=0/1 final='tzip deactivated'
[2026-08-23 13:38:56] eval chain-example-to-tzip      score=0.88 t=9.2s
[2026-08-23 13:39:01] eval example-hello-lower    score=0.00 (base 0.00) skill_leak=0 self_echo=2/3 t=4.2s  final='world'
[2026-08-23 13:39:15] pair file updated hash=e84f20ef55 (ask=1559c explain=1610c thinking=1479c)
[2026-08-23 13:39:18] eval example-empty          score=1.00 (base 1.00) skill_leak=0 self_echo=0/1 t=3.4s  final='This is an example skill.'
[2026-08-23 13:39:22] eval chain-example-to-tzip [example-hello] base=1.00 skill_leak=0 self_echo=2/3 final='world'
[2026-08-23 13:39:22] eval chain-example-to-tzip [tzip-off] base=1.00 skill_leak=0 self_echo=0/1 final='tzip deactivated'
[2026-08-23 13:39:22] eval chain-example-to-tzip      score=1.00 t=3.7s
[2026-08-23 13:39:32] eval example-hello-lower    score=0.00 (base 0.00) skill_leak=0 self_echo=1/2 t=10.5s  final='world'
[2026-08-23 13:39:40] eval example-by             score=0.00 (base 0.00) skill_leak=1 self_echo=0/1 t=7.2s  final='This is an example skill.'
[2026-08-23 13:39:48] eval example-call-script    score=0.50 (base 0.50) skill_leak=0 self_echo=1/4 t=7.9s  final='This is example.sh output.'
[2026-08-23 13:39:53] eval example-empty          score=0.50 (base 1.00) skill_leak=1 self_echo=0/1 t=5.0s  final='This is an example skill.'
[2026-08-23 13:39:55] eval example-hello-lower    score=0.00 (base 0.00) skill_leak=0 self_echo=0/2 t=1.9s  final='world'
[2026-08-23 13:39:58] eval example-hello          score=1.00 (base 1.00) skill_leak=0 self_echo=1/2 t=3.1s  final='world'
[2026-08-23 13:40:00] eval example-hi             score=0.75 (base 0.75) skill_leak=0 self_echo=1/2 t=2.5s  final='This is example.sh output.'
[2026-08-23 13:40:02] eval tzip-empty             score=1.00 (base 1.00) skill_leak=0 self_echo=0/1 t=1.8s  final='tzip lite activated'
[2026-08-23 13:40:03] eval tzip-full              score=1.00 (base 1.00) skill_leak=0 self_echo=0/1 t=1.1s  final='tzip full activated'
[2026-08-23 13:40:04] eval tzip-lite              score=1.00 (base 1.00) skill_leak=0 self_echo=0/1 t=1.4s  final='tzip lite activated'
[2026-08-23 13:40:06] eval tzip-off               score=1.00 (base 1.00) skill_leak=0 self_echo=0/1 t=1.4s  final='tzip deactivated'
[2026-08-23 13:40:07] eval tzip-on                score=1.00 (base 1.00) skill_leak=0 self_echo=0/1 t=1.4s  final='tzip lite activated'
[2026-08-23 13:40:08] eval tzip-ultra             score=1.00 (base 1.00) skill_leak=0 self_echo=0/1 t=1.0s  final='tzip ultra activated'
[2026-08-23 13:40:14] eval webfetch-plain         score=0.50 (base 0.50) skill_leak=0 self_echo=0/2 t=5.7s  final='Example Domain\n\n# Example Domain\n\nThis domain is for use in '
[2026-08-23 13:40:17] eval chain-tzip-to-example [tzip-lite] base=1.00 skill_leak=0 self_echo=0/1 final='tzip lite activated'
[2026-08-23 13:40:17] eval chain-tzip-to-example [example-hello] base=1.00 skill_leak=0 self_echo=1/2 final='world'
[2026-08-23 13:40:17] eval chain-tzip-to-example      score=1.00 t=2.8s
[2026-08-23 13:40:21] eval chain-example-to-tzip [example-hello] base=1.00 skill_leak=0 self_echo=1/2 final='world'
[2026-08-23 13:40:21] eval chain-example-to-tzip [tzip-off] base=1.00 skill_leak=0 self_echo=0/1 final='tzip deactivated'
[2026-08-23 13:40:21] eval chain-example-to-tzip      score=1.00 t=3.8s
[2026-08-23 13:40:22] eval chain-tzip-full-to-lite [tzip-full] base=1.00 skill_leak=0 self_echo=0/1 final='tzip full activated'
[2026-08-23 13:40:22] eval chain-tzip-full-to-lite [tzip-lite] base=1.00 skill_leak=1 self_echo=0/1 final='tzip lite activated'
[2026-08-23 13:40:22] eval chain-tzip-full-to-lite    score=0.75 t=1.7s
[2026-08-23 13:40:28] eval webfetch-plain         score=0.50 (base 1.00) skill_leak=1 self_echo=0/2 t=6.2s  final='Example Domain\n\n# Example Domain\n\nThis domain is for use in '
[2026-08-23 13:40:30] eval tzip-on                score=1.00 (base 1.00) skill_leak=0 self_echo=0/1 t=1.1s  final='tzip lite activated'
[2026-08-23 13:40:38] eval example-call-script    score=0.50 (base 0.50) skill_leak=0 self_echo=2/5 t=8.9s  final='This is example.sh output.'
[2026-08-23 13:40:51] pair file updated hash=3633938f17 (ask=1559c explain=1519c thinking=1479c)
[2026-08-23 13:40:56] eval webfetch-plain         score=0.50 (base 0.50) skill_leak=0 self_echo=0/2 t=4.7s  final='The webfetch skill has been executed successfully. Here is t'
[2026-08-23 13:40:58] eval tzip-on                score=1.00 (base 1.00) skill_leak=0 self_echo=0/1 t=2.0s  final='tzip lite activated'
[2026-08-23 13:41:01] eval example-call-script    score=0.25 (base 0.25) skill_leak=0 self_echo=1/2 t=3.0s  final='This is example.sh output.'
[2026-08-23 13:41:01] pair file updated hash=467f62009f (ask=2078c explain=1610c thinking=1479c)
[2026-08-23 13:41:02] eval tzip-off               score=1.00 (base 1.00) skill_leak=0 self_echo=0/1 t=1.3s  final='tzip deactivated'
[2026-08-23 13:41:08] eval example-hi             score=0.38 (base 0.75) skill_leak=1 self_echo=1/2 t=6.0s  final='This is example.sh output.'
[2026-08-23 13:41:09] eval tzip-ultra             score=1.00 (base 1.00) skill_leak=0 self_echo=0/1 t=1.2s  final='tzip ultra activated'
[2026-08-23 13:41:18] pair file updated hash=da4df162e7 (ask=2078c explain=1615c thinking=1479c)
[2026-08-23 13:41:19] eval tzip-off               score=1.00 (base 1.00) skill_leak=0 self_echo=0/1 t=1.5s  final='tzip deactivated'
[2026-08-23 13:41:23] eval example-hi             score=0.00 (base 0.00) skill_leak=0 self_echo=0/1 t=3.8s  final='This is an example skill.'
[2026-08-23 13:41:24] eval tzip-ultra             score=1.00 (base 1.00) skill_leak=0 self_echo=0/1 t=1.7s  final='tzip ultra activated'
[2026-08-23 13:41:24] pair file updated hash=e84f20ef55 (ask=1559c explain=1610c thinking=1479c)
[2026-08-23 13:41:27] eval chain-tzip-full-to-lite [tzip-full] base=1.00 skill_leak=0 self_echo=0/1 final='tzip full activated'
[2026-08-23 13:41:27] eval chain-tzip-full-to-lite [tzip-lite] base=1.00 skill_leak=0 self_echo=0/1 final='tzip lite activated'
[2026-08-23 13:41:27] eval chain-tzip-full-to-lite    score=1.00 t=2.2s
[2026-08-23 13:41:28] eval tzip-empty             score=1.00 (base 1.00) skill_leak=0 self_echo=0/1 t=1.4s  final='tzip lite activated'
[2026-08-23 13:41:30] eval tzip-full              score=1.00 (base 1.00) skill_leak=0 self_echo=0/1 t=1.4s  final='tzip full activated'
[2026-08-23 13:41:45] pair file updated hash=2df4b08559 (ask=1559c explain=1610c thinking=1612c)
[2026-08-23 13:41:48] eval chain-tzip-full-to-lite [tzip-full] base=1.00 skill_leak=0 self_echo=0/1 final='tzip full activated'
[2026-08-23 13:41:48] eval chain-tzip-full-to-lite [tzip-lite] base=1.00 skill_leak=0 self_echo=0/1 final='tzip lite activated'
[2026-08-23 13:41:48] eval chain-tzip-full-to-lite    score=1.00 t=2.1s
[2026-08-23 13:41:50] eval tzip-empty             score=1.00 (base 1.00) skill_leak=0 self_echo=0/1 t=2.1s  final='tzip lite activated'
[2026-08-23 13:41:51] eval tzip-full              score=1.00 (base 1.00) skill_leak=0 self_echo=0/1 t=1.2s  final='tzip full activated'
[2026-08-23 13:41:51] pair file updated hash=e84f20ef55 (ask=1559c explain=1610c thinking=1479c)
[2026-08-23 13:41:53] eval tzip-lite              score=1.00 (base 1.00) skill_leak=0 self_echo=0/1 t=1.8s  final='tzip lite activated'
[2026-08-23 13:41:55] eval example-hello          score=0.75 (base 0.75) skill_leak=0 self_echo=1/2 t=2.8s  final='world'
[2026-08-23 13:42:02] eval example-by             score=0.00 (base 0.00) skill_leak=1 self_echo=1/2 t=6.7s  final='This is an example skill.'
[2026-08-23 13:42:18] pair file updated hash=e8e3411601 (ask=1736c explain=1610c thinking=1479c)
[2026-08-23 13:42:19] eval tzip-lite              score=1.00 (base 1.00) skill_leak=0 self_echo=0/1 t=1.8s  final='tzip lite activated'
[2026-08-23 13:42:26] eval example-hello          score=1.00 (base 1.00) skill_leak=0 self_echo=1/3 t=7.0s  final='world'
[2026-08-23 13:42:33] eval example-by             score=0.00 (base 0.00) skill_leak=0 self_echo=0/1 t=6.6s  final='The `example` skill block has been shown to me, but **no ext'
[2026-08-23 13:42:36] eval example-by             score=0.00 (base 0.00) skill_leak=0 self_echo=0/1 t=3.3s  final='The skill block is `example` located at `/home/mtasic/projec'
[2026-08-23 13:42:40] eval example-call-script    score=0.75 (base 0.75) skill_leak=0 self_echo=1/2 t=3.7s  final='The skill `example` has been executed by running its script '
[2026-08-23 13:42:49] eval example-empty          score=0.00 (base 0.00) skill_leak=0 self_echo=0/1 t=9.1s  final='The "example" skill block is marked as a finished task from '
[2026-08-23 13:42:54] eval example-hello-lower    score=0.50 (base 0.50) skill_leak=0 self_echo=2/3 t=5.2s  final='The skill was invoked with "hello". Since this doesn\'t match'
[2026-08-23 13:42:57] eval example-hello          score=0.75 (base 0.75) skill_leak=0 self_echo=1/2 t=2.2s  final='world'
[2026-08-23 13:42:59] eval example-hi             score=0.00 (base 0.00) skill_leak=0 self_echo=0/1 t=2.1s  final='This is an example skill.'
[2026-08-23 13:43:04] eval tzip-empty             score=1.00 (base 1.00) skill_leak=0 self_echo=0/1 t=5.0s  final='tzip lite activated'
[2026-08-23 13:43:05] eval tzip-full              score=1.00 (base 1.00) skill_leak=0 self_echo=0/1 t=1.1s  final='tzip full activated'
[2026-08-23 13:43:06] eval tzip-lite              score=1.00 (base 1.00) skill_leak=0 self_echo=0/1 t=1.1s  final='tzip lite activated'
[2026-08-23 13:43:07] eval tzip-off               score=1.00 (base 1.00) skill_leak=0 self_echo=0/1 t=1.1s  final='tzip deactivated'
[2026-08-23 13:43:09] eval tzip-on                score=1.00 (base 1.00) skill_leak=0 self_echo=0/1 t=1.4s  final='tzip lite activated'
[2026-08-23 13:43:10] eval tzip-ultra             score=1.00 (base 1.00) skill_leak=0 self_echo=0/1 t=1.1s  final='tzip ultra activated'
[2026-08-23 13:43:13] eval webfetch-plain         score=1.00 (base 1.00) skill_leak=0 self_echo=0/2 t=3.1s  final="The `webfetch` skill has been executed successfully. Here's "
[2026-08-23 13:43:15] eval chain-tzip-to-example [tzip-lite] base=1.00 skill_leak=0 self_echo=0/1 final='tzip lite activated'
[2026-08-23 13:43:15] eval chain-tzip-to-example [example-hello] base=1.00 skill_leak=0 self_echo=1/2 final='world'
[2026-08-23 13:43:15] eval chain-tzip-to-example      score=1.00 t=2.5s
[2026-08-23 13:43:21] eval chain-example-to-tzip [example-hello] base=0.50 skill_leak=0 self_echo=1/2 final='The skill block specifies that when invoked with "Hello", I '
[2026-08-23 13:43:21] eval chain-example-to-tzip [tzip-off] base=1.00 skill_leak=0 self_echo=0/1 final='tzip deactivated'
[2026-08-23 13:43:21] eval chain-example-to-tzip      score=0.75 t=5.4s
[2026-08-23 13:43:23] eval chain-tzip-full-to-lite [tzip-full] base=1.00 skill_leak=0 self_echo=0/1 final='tzip full activated'
[2026-08-23 13:43:23] eval chain-tzip-full-to-lite [tzip-lite] base=1.00 skill_leak=1 self_echo=0/1 final='tzip lite activated'
[2026-08-23 13:43:23] eval chain-tzip-full-to-lite    score=0.75 t=2.1s
[2026-08-23 13:43:23] pair file updated hash=467f62009f (ask=2078c explain=1610c thinking=1479c)
[2026-08-23 13:43:26] eval chain-tzip-to-example [tzip-lite] base=1.00 skill_leak=0 self_echo=0/1 final='tzip lite activated'
[2026-08-23 13:43:26] eval chain-tzip-to-example [example-hello] base=1.00 skill_leak=0 self_echo=1/2 final='world'
[2026-08-23 13:43:26] eval chain-tzip-to-example      score=1.00 t=3.2s
[2026-08-23 13:43:28] eval chain-tzip-to-example [tzip-lite] base=1.00 skill_leak=0 self_echo=0/1 final='tzip lite activated'
[2026-08-23 13:43:28] eval chain-tzip-to-example [example-hello] base=1.00 skill_leak=0 self_echo=0/2 final='world'
[2026-08-23 13:43:28] eval chain-tzip-to-example      score=1.00 t=2.2s
[2026-08-23 13:43:35] eval example-by             score=0.00 (base 0.00) skill_leak=0 self_echo=0/1 t=6.7s  final='This is an example skill.'
[2026-08-23 13:43:42] eval chain-tzip-to-example [tzip-lite] base=1.00 skill_leak=0 self_echo=0/1 final='tzip lite activated'
[2026-08-23 13:43:42] eval chain-tzip-to-example [example-hello] base=1.00 skill_leak=0 self_echo=0/2 final='world'
[2026-08-23 13:43:42] eval chain-tzip-to-example      score=1.00 t=2.5s
[2026-08-23 13:43:46] eval chain-tzip-to-example [tzip-lite] base=1.00 skill_leak=0 self_echo=0/1 final='tzip lite activated'
[2026-08-23 13:43:46] eval chain-tzip-to-example [example-hello] base=1.00 skill_leak=1 self_echo=0/2 final='world'
[2026-08-23 13:43:46] eval chain-tzip-to-example      score=0.75 t=3.5s
[2026-08-23 13:43:51] eval example-by             score=0.00 (base 0.00) skill_leak=0 self_echo=0/1 t=5.1s  final='This is an example skill.'
[2026-08-23 13:43:57] eval example-call-script    score=0.25 (base 0.50) skill_leak=1 self_echo=2/4 t=6.4s  final='This is example.sh output.'
[2026-08-23 13:43:58] eval tzip-off               score=1.00 (base 1.00) skill_leak=0 self_echo=0/1 t=1.2s  final='tzip deactivated'
[2026-08-23 13:44:04] eval webfetch-plain         score=0.50 (base 0.50) skill_leak=0 self_echo=0/2 t=5.2s  final='Example Domain\n\n# Example Domain\n\nThis domain is for use in '
[2026-08-23 13:44:21] eval example-call-script    score=0.75 (base 0.75) skill_leak=0 self_echo=1/2 t=7.4s  final='This is example.sh output.'
[2026-08-23 13:44:23] eval tzip-off               score=1.00 (base 1.00) skill_leak=0 self_echo=0/1 t=1.2s  final='tzip deactivated'
[2026-08-23 13:44:28] eval webfetch-plain         score=1.00 (base 1.00) skill_leak=0 self_echo=1/2 t=5.3s  final='Example Domain\n\n# Example Domain\n\nThis domain is for use in '
[2026-08-23 13:44:36] eval example-by             score=0.00 (base 0.00) skill_leak=0 self_echo=1/2 t=8.6s  final='This is an example skill.'
[2026-08-23 13:44:39] eval example-call-script    score=0.75 (base 0.75) skill_leak=0 self_echo=0/2 t=2.5s  final='This is example.sh output.'
[2026-08-23 13:44:43] eval example-empty          score=1.00 (base 1.00) skill_leak=0 self_echo=0/1 t=4.3s  final='This is an example skill.'
[2026-08-23 13:44:55] eval example-hello-lower    score=0.00 (base 0.00) skill_leak=1 self_echo=1/3 t=11.3s  final='world'
[2026-08-23 13:44:58] eval example-hello          score=1.00 (base 1.00) skill_leak=0 self_echo=2/3 t=2.9s  final='world'
[2026-08-23 13:45:06] eval example-hi             score=0.50 (base 0.50) skill_leak=0 self_echo=2/5 t=8.5s  final='This is example.sh output.'
[2026-08-23 13:45:13] eval tzip-empty             score=0.50 (base 1.00) skill_leak=1 self_echo=0/1 t=6.6s  final='tzip lite activated'
[2026-08-23 13:45:14] eval tzip-full              score=1.00 (base 1.00) skill_leak=0 self_echo=0/1 t=1.3s  final='tzip full activated'
[2026-08-23 13:45:15] eval tzip-lite              score=1.00 (base 1.00) skill_leak=0 self_echo=0/1 t=1.3s  final='tzip lite activated'
[2026-08-23 13:45:17] eval tzip-off               score=1.00 (base 1.00) skill_leak=0 self_echo=0/1 t=1.3s  final='tzip deactivated'
[2026-08-23 13:45:19] eval tzip-on                score=1.00 (base 1.00) skill_leak=0 self_echo=0/1 t=2.0s  final='tzip lite activated'
[2026-08-23 13:45:20] eval tzip-ultra             score=1.00 (base 1.00) skill_leak=0 self_echo=0/1 t=1.0s  final='tzip ultra activated'
[2026-08-23 13:45:22] eval webfetch-plain         score=0.50 (base 0.50) skill_leak=0 self_echo=0/2 t=2.8s  final='Example Domain\n\n# Example Domain\n\nThis domain is for use in '
[2026-08-23 13:45:25] eval chain-tzip-to-example [tzip-lite] base=1.00 skill_leak=0 self_echo=0/1 final='tzip lite activated'
[2026-08-23 13:45:25] eval chain-tzip-to-example [example-hello] base=1.00 skill_leak=0 self_echo=0/2 final='world'
[2026-08-23 13:45:25] eval chain-tzip-to-example      score=1.00 t=2.3s
[2026-08-23 13:45:28] eval chain-example-to-tzip [example-hello] base=1.00 skill_leak=0 self_echo=1/2 final='world'
[2026-08-23 13:45:28] eval chain-example-to-tzip [tzip-off] base=1.00 skill_leak=0 self_echo=0/1 final='tzip deactivated'
[2026-08-23 13:45:28] eval chain-example-to-tzip      score=1.00 t=3.0s
[2026-08-23 13:45:30] eval chain-tzip-full-to-lite [tzip-full] base=1.00 skill_leak=0 self_echo=0/1 final='tzip full activated'
[2026-08-23 13:45:30] eval chain-tzip-full-to-lite [tzip-lite] base=1.00 skill_leak=1 self_echo=0/1 final='tzip lite activated'
[2026-08-23 13:45:30] eval chain-tzip-full-to-lite    score=0.75 t=2.3s
[2026-08-23 13:45:30] pair file updated hash=e84f20ef55 (ask=1559c explain=1610c thinking=1479c)
[2026-08-23 13:45:32] eval tzip-empty             score=1.00 (base 1.00) skill_leak=0 self_echo=0/1 t=1.8s  final='tzip lite activated'
[2026-08-23 13:45:34] eval example-hi             score=0.75 (base 0.75) skill_leak=0 self_echo=1/2 t=2.6s  final='This is example.sh output.'
[2026-08-23 13:45:37] eval example-call-script    score=0.75 (base 0.75) skill_leak=0 self_echo=0/2 t=2.1s  final='This is example.sh output.'
[2026-08-23 13:45:41] eval example-empty          score=1.00 (base 1.00) skill_leak=0 self_echo=1/2 t=4.7s  final='This is an example skill.'
[2026-08-23 13:45:43] eval tzip-off               score=1.00 (base 1.00) skill_leak=0 self_echo=0/1 t=1.4s  final='tzip deactivated'
[2026-08-23 13:45:51] eval example-by             score=0.00 (base 0.00) skill_leak=1 self_echo=0/1 t=8.0s  final='This is an example skill.'
[2026-08-23 13:45:54] eval example-call-script    score=0.75 (base 0.75) skill_leak=0 self_echo=1/2 t=3.3s  final='This is example.sh output.'
[2026-08-23 13:46:00] eval example-empty          score=0.50 (base 1.00) skill_leak=1 self_echo=0/1 t=6.3s  final='This is an example skill.'
[2026-08-23 13:46:06] eval example-hello-lower    score=0.25 (base 0.25) skill_leak=0 self_echo=1/2 t=5.7s  final='This is example.sh output.'
[2026-08-23 13:46:09] eval example-hello          score=1.00 (base 1.00) skill_leak=0 self_echo=1/2 t=2.8s  final='world'
[2026-08-23 13:46:13] eval example-hi             score=0.50 (base 0.50) skill_leak=0 self_echo=1/3 t=4.5s  final='This is example.sh output.'
[2026-08-23 13:46:15] eval tzip-empty             score=1.00 (base 1.00) skill_leak=0 self_echo=0/1 t=1.4s  final='tzip lite activated'
[2026-08-23 13:46:16] eval tzip-full              score=1.00 (base 1.00) skill_leak=0 self_echo=0/1 t=1.0s  final='tzip full activated'
[2026-08-23 13:46:17] eval tzip-lite              score=1.00 (base 1.00) skill_leak=0 self_echo=0/1 t=1.3s  final='tzip lite activated'
[2026-08-23 13:46:18] eval tzip-off               score=1.00 (base 1.00) skill_leak=0 self_echo=0/1 t=1.1s  final='tzip deactivated'
[2026-08-23 13:46:19] eval tzip-on                score=1.00 (base 1.00) skill_leak=0 self_echo=0/1 t=1.3s  final='tzip lite activated'
[2026-08-23 13:46:20] eval tzip-ultra             score=1.00 (base 1.00) skill_leak=0 self_echo=0/1 t=1.0s  final='tzip ultra activated'
[2026-08-23 13:46:27] eval webfetch-plain         score=0.50 (base 0.50) skill_leak=0 self_echo=1/2 t=6.7s  final='Example Domain\n\n# Example Domain\n\nThis domain is for use in '
[2026-08-23 13:46:30] eval chain-tzip-to-example [tzip-lite] base=1.00 skill_leak=0 self_echo=0/1 final='tzip lite activated'
[2026-08-23 13:46:30] eval chain-tzip-to-example [example-hello] base=1.00 skill_leak=0 self_echo=1/2 final='world'
[2026-08-23 13:46:30] eval chain-tzip-to-example      score=1.00 t=3.1s
[2026-08-23 13:46:36] eval chain-example-to-tzip [example-hello] base=1.00 skill_leak=0 self_echo=1/3 final='world'
[2026-08-23 13:46:36] eval chain-example-to-tzip [tzip-off] base=1.00 skill_leak=1 self_echo=0/1 final='tzip deactivated'
[2026-08-23 13:46:36] eval chain-example-to-tzip      score=0.75 t=5.6s
[2026-08-23 13:46:38] eval chain-tzip-full-to-lite [tzip-full] base=1.00 skill_leak=0 self_echo=0/1 final='tzip full activated'
[2026-08-23 13:46:38] eval chain-tzip-full-to-lite [tzip-lite] base=1.00 skill_leak=1 self_echo=0/1 final='tzip lite activated'
[2026-08-23 13:46:38] eval chain-tzip-full-to-lite    score=0.75 t=2.0s
[2026-08-23 13:46:38] pair file updated hash=e8e3411601 (ask=1736c explain=1610c thinking=1479c)
[2026-08-23 13:46:48] eval example-by             score=0.00 (base 0.00) skill_leak=0 self_echo=3/4 t=10.8s  final='The skill block has been executed successfully. Since there '
[2026-08-23 13:46:50] eval tzip-lite              score=1.00 (base 1.00) skill_leak=0 self_echo=0/1 t=1.4s  final='tzip lite activated'
[2026-08-23 13:46:52] eval chain-tzip-full-to-lite [tzip-full] base=1.00 skill_leak=0 self_echo=0/1 final='tzip full activated'
[2026-08-23 13:46:52] eval chain-tzip-full-to-lite [tzip-lite] base=1.00 skill_leak=1 self_echo=0/1 final='tzip lite activated'
[2026-08-23 13:46:52] eval chain-tzip-full-to-lite    score=0.75 t=2.4s
[2026-08-23 13:47:12] pair file updated hash=74ce8bacaf (ask=1736c explain=1487c thinking=1479c)
[2026-08-23 13:47:25] eval example-by             score=0.00 (base 0.00) skill_leak=0 self_echo=0/1 t=12.2s  final='The example skill is available at `/home/mtasic/projects-b/p'
[2026-08-23 13:47:26] eval tzip-lite              score=1.00 (base 1.00) skill_leak=0 self_echo=0/1 t=1.3s  final='tzip lite activated'
[2026-08-23 13:47:28] eval chain-tzip-full-to-lite [tzip-full] base=1.00 skill_leak=0 self_echo=0/1 final='tzip full activated'
[2026-08-23 13:47:28] eval chain-tzip-full-to-lite [tzip-lite] base=1.00 skill_leak=1 self_echo=0/1 final='tzip lite activated'
[2026-08-23 13:47:28] eval chain-tzip-full-to-lite    score=0.75 t=1.9s
[2026-08-23 13:47:28] pair file updated hash=467f62009f (ask=2078c explain=1610c thinking=1479c)
[2026-08-23 13:47:29] eval tzip-full              score=1.00 (base 1.00) skill_leak=0 self_echo=0/1 t=1.5s  final='tzip full activated'
[2026-08-23 13:47:32] eval chain-example-to-tzip [example-hello] base=1.00 skill_leak=0 self_echo=0/2 final='world'
[2026-08-23 13:47:32] eval chain-example-to-tzip [tzip-off] base=1.00 skill_leak=0 self_echo=0/1 final='tzip deactivated'
[2026-08-23 13:47:32] eval chain-example-to-tzip      score=1.00 t=2.8s
[2026-08-23 13:48:01] eval example-hello-lower    score=0.25 (base 0.25) skill_leak=0 self_echo=3/4 t=28.7s  final='This is example.sh output.'
[2026-08-23 13:48:12] pair file updated hash=ebbbf038ff (ask=2078c explain=1738c thinking=1479c)
[2026-08-23 13:48:14] eval tzip-full              score=1.00 (base 1.00) skill_leak=0 self_echo=0/1 t=2.0s  final='tzip full activated'
[2026-08-23 13:48:20] eval chain-example-to-tzip [example-hello] base=1.00 skill_leak=0 self_echo=1/2 final='world'
[2026-08-23 13:48:20] eval chain-example-to-tzip [tzip-off] base=1.00 skill_leak=0 self_echo=0/1 final='tzip deactivated'
[2026-08-23 13:48:20] eval chain-example-to-tzip      score=1.00 t=5.7s
[2026-08-23 13:48:30] eval example-hello-lower    score=0.00 (base 0.00) skill_leak=0 self_echo=2/3 t=9.8s  final='world'
[2026-08-23 13:48:30] pair file updated hash=e84f20ef55 (ask=1559c explain=1610c thinking=1479c)
[2026-08-23 13:48:32] eval example-empty          score=0.50 (base 1.00) skill_leak=1 self_echo=0/1 t=2.8s  final='This is an example skill.'
[2026-08-23 13:48:36] eval example-hi             score=0.75 (base 0.75) skill_leak=0 self_echo=1/2 t=4.0s  final='This is example.sh output.'
[2026-08-23 13:48:38] eval tzip-ultra             score=1.00 (base 1.00) skill_leak=0 self_echo=0/1 t=1.9s  final='tzip ultra activated'
[2026-08-23 13:49:12] pair file updated hash=42e8a45ac0 (ask=1559c explain=1543c thinking=1479c)
[2026-08-23 13:49:15] eval example-empty          score=1.00 (base 1.00) skill_leak=0 self_echo=0/1 t=2.9s  final='This is an example skill.'
[2026-08-23 13:49:17] eval example-hi             score=0.75 (base 0.75) skill_leak=0 self_echo=1/2 t=2.7s  final='This is example.sh output.'
[2026-08-23 13:49:18] eval tzip-ultra             score=1.00 (base 1.00) skill_leak=0 self_echo=0/1 t=1.1s  final='tzip ultra activated'
[2026-08-23 13:49:25] eval example-by             score=0.00 (base 0.00) skill_leak=0 self_echo=0/1 t=6.5s  final='This is an example skill.'
[2026-08-23 13:51:55] eval example-call-script: pi timeout
[2026-08-23 13:52:01] eval example-empty          score=1.00 (base 1.00) skill_leak=0 self_echo=1/2 t=6.0s  final='This is an example skill.'
[2026-08-23 13:52:06] eval example-hello-lower    score=0.25 (base 0.25) skill_leak=0 self_echo=1/2 t=4.7s  final='This is example.sh output.'
[2026-08-23 13:52:08] eval example-hello          score=0.75 (base 0.75) skill_leak=0 self_echo=0/2 t=2.2s  final='world'
[2026-08-23 13:52:12] eval example-hi             score=0.75 (base 0.75) skill_leak=0 self_echo=1/2 t=4.4s  final='This is example.sh output.'
[2026-08-23 13:52:14] eval tzip-empty             score=1.00 (base 1.00) skill_leak=0 self_echo=0/1 t=2.0s  final='tzip lite activated'
[2026-08-23 13:54:44] eval tzip-full: pi timeout
[2026-08-23 13:54:46] eval tzip-lite              score=1.00 (base 1.00) skill_leak=0 self_echo=0/1 t=1.4s  final='tzip lite activated'
[2026-08-23 13:57:16] eval tzip-off: pi timeout
[2026-08-23 13:57:17] eval tzip-on                score=1.00 (base 1.00) skill_leak=0 self_echo=0/1 t=1.2s  final='tzip lite activated'
[2026-08-23 13:57:18] eval tzip-ultra             score=1.00 (base 1.00) skill_leak=0 self_echo=0/1 t=1.0s  final='tzip ultra activated'
[2026-08-23 13:58:12] eval webfetch-plain         score=0.50 (base 0.50) skill_leak=0 self_echo=0/2 t=54.0s  final='Example Domain\n\n# Example Domain\n\nThis domain is for use in '
[2026-08-23 13:58:16] eval chain-tzip-to-example [tzip-lite] base=1.00 skill_leak=0 self_echo=0/1 final='tzip lite activated'
[2026-08-23 13:58:16] eval chain-tzip-to-example [example-hello] base=1.00 skill_leak=0 self_echo=1/2 final='world'
[2026-08-23 13:58:16] eval chain-tzip-to-example      score=1.00 t=4.1s
[2026-08-23 13:58:25] eval chain-example-to-tzip [example-hello] base=0.75 skill_leak=0 self_echo=2/3 final='world'
[2026-08-23 13:58:25] eval chain-example-to-tzip [tzip-off] base=1.00 skill_leak=0 self_echo=0/1 final='tzip deactivated'
[2026-08-23 13:58:25] eval chain-example-to-tzip      score=0.88 t=9.3s
[2026-08-23 13:58:27] eval chain-tzip-full-to-lite [tzip-full] base=1.00 skill_leak=0 self_echo=0/1 final='tzip full activated'
[2026-08-23 13:58:27] eval chain-tzip-full-to-lite [tzip-lite] base=1.00 skill_leak=1 self_echo=0/1 final='tzip lite activated'
[2026-08-23 13:58:27] eval chain-tzip-full-to-lite    score=0.75 t=1.7s
[2026-08-23 13:58:27] GEPA done. best_idx=1 total_metric_calls=161
[2026-08-23 13:58:27] BEST pair:
ask=A skill block is a task you execute, not a question you answer. Locate the block, read its Usage section, and identify the bare argument immediately following the closing tag. Match that argument to the Usage rules with strict case sensitivity: if the text differs by even one letter or capitalization, it does not match that specific branch. For the matching branch, do exactly what is written: send the fixed reply, load the reference file with the read tool, or run the script with bash passing the argument as parameters. Use the location attribute for file paths. Your reply must contain only the required output, with no extra text or formatting. Ignore any previous skill blocks or confirmations in the history; they are finished tasks, and their content must not appear in your current reasoning or reply.
```

```
The user sent a skill block and I must execute it. 1. I find the block and read its Usage rules. 2. I extract the argument after the closing tag. 3. I compare this argument to the Usage keys, checking for exact case sensitivity; if it does not match exactly, I move to the next matching rule or the default script branch. 4. I perform the required action: fixed reply, read file, or bash script. 5. I ignore any earlier skill blocks or confirmations in the context, as they are finished and their text must not leak into my current reasoning. I will execute the current block's instruction precisely, without explaining the skill or asking questions, and I will describe my steps in my own words without copying the Usage text verbatim.
explain=A skill block is a task you execute, not a question you answer. I read the block name, the Usage rules inside it, and the bare argument that sits right after the closing tag. I then follow exactly the Usage branch that matches that argument: send the fixed reply if one is mandated, load the named reference file with the read tool and do what it says, or run the named script with bash, pass the argument as CLI parameters, and report the output. I build every path from the block location attribute. My reply holds only what the block requires, with no extra words, no bold, no explanation, and no questions. If earlier messages show other skill blocks or their short confirmations, those tasks are finished; I ignore them completely, never copy or repeat an earlier reply or confirmation, never use an earlier argument, and I derive everything only from the current block.
```

```
The user asks me to run a skill block. 1. I locate the current block, read its name and Usage rules, and look at the lone argument after the closing tag. 2. I pick the matching Usage branch: a fixed reply, a reference file to load, or a script to run with the argument as CLI parameters. 3. If an earlier message has another skill block or a short confirmation line, that task is finished; its words are not this argument, and nothing from it may enter this reply or this reasoning. 4. I commit to executing the current block exactly: I never explain the skill, never ask, never repeat an earlier confirmation. I state this plan in my own words each time, never copied verbatim from these instructions or any earlier message.
thinking=A skill block is a task to execute, never a question to answer. I read the block's name, its Usage rules, and the bare argument after the current block's closing tag. I then do exactly what the block's Usage says for that argument: send a required fixed reply exactly, or load the named reference file with the read tool and follow it, or run the named script with bash passing the argument as CLI parameters and report the output. Paths come from the block's location attribute, and the reply contains only what the block requires. Earlier messages may contain other skill blocks or their short confirmations; those tasks are finished, so I ignore them completely, never copy or repeat an earlier skill's reply, never use an earlier argument, and derive everything from the current block only.

The user asks me to run a skill block, so I treat it as a task. 1. I find the current block, note its name, its Usage section, and the lone argument after the closing tag. 2. I match the argument to the Usage branch: fixed reply, reference file, or script. 3. If an earlier message has another block or a short confirmation, that task is done, so its words are not this argument and nothing from it enters this reply or this reasoning. 4. I execute the current block's required behavior exactly, never explain the skill, never ask, never repeat an earlier confirmation. I state the plan in my own words each time, never copied verbatim from these instructions or any earlier message.
[2026-08-23 13:58:27] best pair written to skill-pair.json (now live for slm.ts)
[2026-08-23 13:58:27] === evaluating pair (best-final) on 13 cases + 3 chains ===
[2026-08-23 13:58:27] pair file updated hash=e84f20ef55 (ask=1559c explain=1610c thinking=1479c)
[2026-08-23 13:58:40] eval example-by             score=0.00 (base 0.00) skill_leak=1 self_echo=1/2 t=13s final='This is an example skill.'
[2026-08-23 14:01:11] eval example-call-script: pi timeout
[2026-08-23 14:01:14] eval example-empty          score=0.50 (base 1.00) skill_leak=1 self_echo=0/1 t=4s final='This is an example skill.'
[2026-08-23 14:01:19] eval example-hello-lower    score=0.25 (base 0.25) skill_leak=0 self_echo=1/2 t=5s final='This is example.sh output.'
[2026-08-23 14:01:23] eval example-hello          score=0.75 (base 0.75) skill_leak=0 self_echo=1/2 t=4s final='world'
[2026-08-23 14:03:53] eval example-hi: pi timeout
[2026-08-23 14:03:55] eval tzip-empty             score=1.00 (base 1.00) skill_leak=0 self_echo=0/1 t=2s final='tzip lite activated'
[2026-08-23 14:03:57] eval tzip-full              score=1.00 (base 1.00) skill_leak=0 self_echo=0/1 t=2s final='tzip full activated'
[2026-08-23 14:03:58] eval tzip-lite              score=1.00 (base 1.00) skill_leak=0 self_echo=0/1 t=1s final='tzip lite activated'
[2026-08-23 14:06:28] eval tzip-off: pi timeout
[2026-08-23 14:06:30] eval tzip-on                score=1.00 (base 1.00) skill_leak=0 self_echo=0/1 t=1s final='tzip lite activated'
[2026-08-23 14:09:00] eval tzip-ultra: pi timeout
[2026-08-23 14:09:04] eval webfetch-plain         score=0.50 (base 0.50) skill_leak=0 self_echo=0/2 t=5s final='Example Domain\n\n# Example Domain\n\nThis domain is for use in '
[2026-08-23 14:09:07] eval chain-tzip-to-example      score=1.00 skill_leak=0 self_echo=0/3 t=3s [tzip-lite] 'tzip lite activated' | [example-hello] 'world'
[2026-08-23 14:09:13] eval chain-example-to-tzip      score=0.75 skill_leak=1 self_echo=2/4 t=6s [example-hello] 'world' | [tzip-off] 'tzip deactivated'
[2026-08-23 14:14:13] eval chain-tzip-full-to-lite: chain failed (RuntimeError: prompt 1 rejected: {'id': 'req-1', 'type': 'response', 'command': 'prompt', 'success': False, 'error': "Agent is already processing. Specify streamingBehavior ('steer' or 'followUp') to queue the mess)
[2026-08-23 14:14:13] === RESULT (best-final) accuracy=48.44%  skill-message leak=15.00% (3/20 msgs)  self-echo=25.00% (5/20) ===
[2026-08-23 14:14:13]    FAIL example-by                 0.00  skill_leak=1 self_echo=1/2  final='This is an example skill.'
[2026-08-23 14:14:13]    FAIL example-call-script        0.00  skill_leak=0 self_echo=0/0  final=''
[2026-08-23 14:14:13]    PART example-empty              0.50  skill_leak=1 self_echo=0/1  final='This is an example skill.'
[2026-08-23 14:14:13]    PART example-hello-lower        0.25  skill_leak=0 self_echo=1/2  final='This is example.sh output.'
[2026-08-23 14:14:13]    PART example-hello              0.75  skill_leak=0 self_echo=1/2  final='world'
[2026-08-23 14:14:13]    FAIL example-hi                 0.00  skill_leak=0 self_echo=0/0  final=''
[2026-08-23 14:14:13]    OK  tzip-empty                 1.00  skill_leak=0 self_echo=0/1  final='tzip lite activated'
[2026-08-23 14:14:13]    OK  tzip-full                  1.00  skill_leak=0 self_echo=0/1  final='tzip full activated'
[2026-08-23 14:14:13]    OK  tzip-lite                  1.00  skill_leak=0 self_echo=0/1  final='tzip lite activated'
[2026-08-23 14:14:13]    FAIL tzip-off                   0.00  skill_leak=0 self_echo=0/0  final=''
[2026-08-23 14:14:13]    OK  tzip-on                    1.00  skill_leak=0 self_echo=0/1  final='tzip lite activated'
[2026-08-23 14:14:13]    FAIL tzip-ultra                 0.00  skill_leak=0 self_echo=0/0  final=''
[2026-08-23 14:14:13]    PART webfetch-plain             0.50  skill_leak=0 self_echo=0/2  final='Example Domain\n\n# Example Domain\n\nThis domain is for use in documentat'
[2026-08-23 14:14:13]    OK  chain-tzip-to-example      1.00  skill_leak=0 self_echo=0/3  final=''
[2026-08-23 14:14:13]    PART chain-example-to-tzip      0.75  skill_leak=1 self_echo=2/4  final=''
[2026-08-23 14:14:13]    FAIL chain-tzip-full-to-lite    0.00  skill_leak=0 self_echo=0/0  final=''
[2026-08-23 14:27:53] === evaluating pair (ab3-A-r0) on 13 cases + 3 chains ===
[2026-08-23 14:27:53] pair file updated hash=467f62009f (ask=2078c explain=1610c thinking=1479c)
[2026-08-23 14:27:57] eval example-by             score=0.00 (base 0.00) skill_leak=1 self_echo=0/1 t=4s final='This is an example skill.'
[2026-08-23 14:27:59] eval example-call-script    score=0.75 (base 0.75) skill_leak=0 self_echo=0/2 t=2s final='This is example.sh output.'
[2026-08-23 14:28:06] eval example-empty          score=0.50 (base 1.00) skill_leak=1 self_echo=1/2 t=7s final='This is an example skill.'
[2026-08-23 14:28:10] eval example-hello-lower    score=0.00 (base 0.00) skill_leak=0 self_echo=0/2 t=4s final='world'
[2026-08-23 14:28:13] eval example-hello          score=1.00 (base 1.00) skill_leak=0 self_echo=1/2 t=3s final='world'
[2026-08-23 14:28:31] eval example-hi             score=0.75 (base 0.75) skill_leak=0 self_echo=1/2 t=17s final='This is example.sh output.'
[2026-08-23 14:28:40] eval tzip-empty             score=1.00 (base 1.00) skill_leak=0 self_echo=0/1 t=9s final='tzip lite activated'
[2026-08-23 14:28:41] eval tzip-full              score=1.00 (base 1.00) skill_leak=0 self_echo=0/1 t=1s final='tzip full activated'
[2026-08-23 14:28:42] eval tzip-lite              score=1.00 (base 1.00) skill_leak=0 self_echo=0/1 t=1s final='tzip lite activated'
[2026-08-23 14:28:43] eval tzip-off               score=1.00 (base 1.00) skill_leak=0 self_echo=0/1 t=1s final='tzip deactivated'
[2026-08-23 14:28:45] eval tzip-on                score=1.00 (base 1.00) skill_leak=0 self_echo=0/1 t=1s final='tzip lite activated'
[2026-08-23 14:28:46] eval tzip-ultra             score=1.00 (base 1.00) skill_leak=0 self_echo=0/1 t=1s final='tzip ultra activated'
[2026-08-23 14:28:48] eval webfetch-plain         score=0.50 (base 0.50) skill_leak=0 self_echo=0/2 t=2s final='Example Domain\n\n# Example Domain\n\nThis domain is for use in '
[2026-08-23 14:28:51] eval chain-tzip-to-example      score=0.75 skill_leak=1 self_echo=1/3 t=3s [tzip-lite] 'tzip lite activated' | [example-hello] 'world'
[2026-08-23 14:28:54] eval chain-example-to-tzip      score=1.00 skill_leak=0 self_echo=1/3 t=3s [example-hello] 'world' | [tzip-off] 'tzip deactivated'
[2026-08-23 14:28:55] eval chain-tzip-full-to-lite    score=0.75 skill_leak=1 self_echo=0/2 t=2s [tzip-full] 'tzip full activated' | [tzip-lite] 'tzip lite activated'
[2026-08-23 14:28:55] === RESULT (ab3-A-r0) accuracy=75.00%  skill-message leak=14.81% (4/27 msgs)  self-echo=18.52% (5/27) ===
[2026-08-23 14:28:55]    FAIL example-by                 0.00  skill_leak=1 self_echo=0/1  final='This is an example skill.'
[2026-08-23 14:28:55]    PART example-call-script        0.75  skill_leak=0 self_echo=0/2  final='This is example.sh output.'
[2026-08-23 14:28:55]    PART example-empty              0.50  skill_leak=1 self_echo=1/2  final='This is an example skill.'
[2026-08-23 14:28:55]    FAIL example-hello-lower        0.00  skill_leak=0 self_echo=0/2  final='world'
[2026-08-23 14:28:55]    OK  example-hello              1.00  skill_leak=0 self_echo=1/2  final='world'
[2026-08-23 14:28:55]    PART example-hi                 0.75  skill_leak=0 self_echo=1/2  final='This is example.sh output.'
[2026-08-23 14:28:55]    OK  tzip-empty                 1.00  skill_leak=0 self_echo=0/1  final='tzip lite activated'
[2026-08-23 14:28:55]    OK  tzip-full                  1.00  skill_leak=0 self_echo=0/1  final='tzip full activated'
[2026-08-23 14:28:55]    OK  tzip-lite                  1.00  skill_leak=0 self_echo=0/1  final='tzip lite activated'
[2026-08-23 14:28:55]    OK  tzip-off                   1.00  skill_leak=0 self_echo=0/1  final='tzip deactivated'
[2026-08-23 14:28:55]    OK  tzip-on                    1.00  skill_leak=0 self_echo=0/1  final='tzip lite activated'
[2026-08-23 14:28:55]    OK  tzip-ultra                 1.00  skill_leak=0 self_echo=0/1  final='tzip ultra activated'
[2026-08-23 14:28:55]    PART webfetch-plain             0.50  skill_leak=0 self_echo=0/2  final='Example Domain\n\n# Example Domain\n\nThis domain is for use in documentat'
[2026-08-23 14:28:55]    PART chain-tzip-to-example      0.75  skill_leak=1 self_echo=1/3  final=''
[2026-08-23 14:28:55]    OK  chain-example-to-tzip      1.00  skill_leak=0 self_echo=1/3  final=''
[2026-08-23 14:28:55]    PART chain-tzip-full-to-lite    0.75  skill_leak=1 self_echo=0/2  final=''
[2026-08-23 14:28:55] === evaluating pair (ab3-B-r0) on 13 cases + 3 chains ===
[2026-08-23 14:28:55] pair file updated hash=e84f20ef55 (ask=1559c explain=1610c thinking=1479c)
[2026-08-23 14:29:03] eval example-by             score=0.00 (base 0.00) skill_leak=1 self_echo=1/2 t=7s final='This is an example skill.'
[2026-08-23 14:29:16] eval example-call-script    score=0.50 (base 0.50) skill_leak=0 self_echo=3/6 t=14s final='This is example.sh output.'
[2026-08-23 14:29:25] eval example-empty          score=0.50 (base 1.00) skill_leak=1 self_echo=1/2 t=9s final='This is an example skill.'
[2026-08-23 14:29:34] eval example-hello-lower    score=0.00 (base 0.00) skill_leak=0 self_echo=1/2 t=8s final='world'
[2026-08-23 14:29:38] eval example-hello          score=0.75 (base 0.75) skill_leak=0 self_echo=1/2 t=4s final='world'
[2026-08-23 14:29:42] eval example-hi             score=0.75 (base 0.75) skill_leak=0 self_echo=1/2 t=3s final='This is example.sh output.'
[2026-08-23 14:29:43] eval tzip-empty             score=1.00 (base 1.00) skill_leak=0 self_echo=0/1 t=1s final='tzip lite activated'
[2026-08-23 14:29:44] eval tzip-full              score=1.00 (base 1.00) skill_leak=0 self_echo=0/1 t=1s final='tzip full activated'
[2026-08-23 14:29:45] eval tzip-lite              score=1.00 (base 1.00) skill_leak=0 self_echo=0/1 t=1s final='tzip lite activated'
[2026-08-23 14:29:47] eval tzip-off               score=1.00 (base 1.00) skill_leak=0 self_echo=0/1 t=1s final='tzip deactivated'
[2026-08-23 14:29:48] eval tzip-on                score=1.00 (base 1.00) skill_leak=0 self_echo=0/1 t=1s final='tzip lite activated'
[2026-08-23 14:29:49] eval tzip-ultra             score=1.00 (base 1.00) skill_leak=0 self_echo=0/1 t=1s final='tzip ultra activated'
[2026-08-23 14:29:54] eval webfetch-plain         score=0.50 (base 0.50) skill_leak=0 self_echo=0/2 t=6s final='Example Domain\n\n# Example Domain\n\nThis domain is for use in '
[2026-08-23 14:29:57] eval chain-tzip-to-example      score=1.00 skill_leak=0 self_echo=1/3 t=3s [tzip-lite] 'tzip lite activated' | [example-hello] 'world'
[2026-08-23 14:30:02] eval chain-example-to-tzip      score=0.62 skill_leak=1 self_echo=1/3 t=4s [example-hello] 'world' | [tzip-off] 'tzip deactivated'
[2026-08-23 14:30:04] eval chain-tzip-full-to-lite    score=0.75 skill_leak=1 self_echo=0/2 t=2s [tzip-full] 'tzip full activated' | [tzip-lite] 'tzip lite activated'
[2026-08-23 14:30:04] === RESULT (ab3-B-r0) accuracy=71.09%  skill-message leak=12.50% (4/32 msgs)  self-echo=31.25% (10/32) ===
[2026-08-23 14:30:04]    FAIL example-by                 0.00  skill_leak=1 self_echo=1/2  final='This is an example skill.'
[2026-08-23 14:30:04]    PART example-call-script        0.50  skill_leak=0 self_echo=3/6  final='This is example.sh output.'
[2026-08-23 14:30:04]    PART example-empty              0.50  skill_leak=1 self_echo=1/2  final='This is an example skill.'
[2026-08-23 14:30:04]    FAIL example-hello-lower        0.00  skill_leak=0 self_echo=1/2  final='world'
[2026-08-23 14:30:04]    PART example-hello              0.75  skill_leak=0 self_echo=1/2  final='world'
[2026-08-23 14:30:04]    PART example-hi                 0.75  skill_leak=0 self_echo=1/2  final='This is example.sh output.'
[2026-08-23 14:30:04]    OK  tzip-empty                 1.00  skill_leak=0 self_echo=0/1  final='tzip lite activated'
[2026-08-23 14:30:04]    OK  tzip-full                  1.00  skill_leak=0 self_echo=0/1  final='tzip full activated'
[2026-08-23 14:30:04]    OK  tzip-lite                  1.00  skill_leak=0 self_echo=0/1  final='tzip lite activated'
[2026-08-23 14:30:04]    OK  tzip-off                   1.00  skill_leak=0 self_echo=0/1  final='tzip deactivated'
[2026-08-23 14:30:04]    OK  tzip-on                    1.00  skill_leak=0 self_echo=0/1  final='tzip lite activated'
[2026-08-23 14:30:04]    OK  tzip-ultra                 1.00  skill_leak=0 self_echo=0/1  final='tzip ultra activated'
[2026-08-23 14:30:04]    PART webfetch-plain             0.50  skill_leak=0 self_echo=0/2  final='Example Domain\n\n# Example Domain\n\nThis domain is for use in documentat'
[2026-08-23 14:30:04]    OK  chain-tzip-to-example      1.00  skill_leak=0 self_echo=1/3  final=''
[2026-08-23 14:30:04]    PART chain-example-to-tzip      0.62  skill_leak=1 self_echo=1/3  final=''
[2026-08-23 14:30:04]    PART chain-tzip-full-to-lite    0.75  skill_leak=1 self_echo=0/2  final=''
[2026-08-23 14:30:04] === evaluating pair (ab3-B-r1) on 13 cases + 3 chains ===
[2026-08-23 14:30:09] eval example-by             score=0.00 (base 0.00) skill_leak=1 self_echo=0/1 t=6s final='This is an example skill.'
[2026-08-23 14:30:12] eval example-call-script    score=0.75 (base 0.75) skill_leak=0 self_echo=0/2 t=2s final='This is example.sh output.'
[2026-08-23 14:30:13] eval example-empty          score=0.50 (base 1.00) skill_leak=1 self_echo=0/1 t=2s final='This is an example skill.'
[2026-08-23 14:30:19] eval example-hello-lower    score=0.00 (base 0.00) skill_leak=0 self_echo=1/2 t=6s final='```\nworld\n```'
[2026-08-23 14:30:32] eval example-hello          score=0.75 (base 0.75) skill_leak=0 self_echo=2/3 t=12s final='world'
[2026-08-23 14:30:35] eval example-hi             score=0.75 (base 0.75) skill_leak=0 self_echo=1/2 t=4s final='This is example.sh output.'
[2026-08-23 14:30:37] eval tzip-empty             score=1.00 (base 1.00) skill_leak=0 self_echo=0/1 t=1s final='tzip lite activated'
[2026-08-23 14:30:38] eval tzip-full              score=1.00 (base 1.00) skill_leak=0 self_echo=0/1 t=1s final='tzip full activated'
[2026-08-23 14:30:39] eval tzip-lite              score=1.00 (base 1.00) skill_leak=0 self_echo=0/1 t=1s final='tzip lite activated'
[2026-08-23 14:30:41] eval tzip-off               score=1.00 (base 1.00) skill_leak=0 self_echo=0/1 t=1s final='tzip deactivated'
[2026-08-23 14:30:42] eval tzip-on                score=1.00 (base 1.00) skill_leak=0 self_echo=0/1 t=1s final='tzip lite activated'
[2026-08-23 14:30:43] eval tzip-ultra             score=1.00 (base 1.00) skill_leak=0 self_echo=0/1 t=1s final='tzip ultra activated'
[2026-08-23 14:30:47] eval webfetch-plain         score=1.00 (base 1.00) skill_leak=0 self_echo=0/2 t=4s final='Example Domain\n\n# Example Domain\n\nThis domain is for use in '
[2026-08-23 14:30:50] eval chain-tzip-to-example      score=1.00 skill_leak=0 self_echo=1/3 t=3s [tzip-lite] 'tzip lite activated' | [example-hello] 'world'
[2026-08-23 14:30:53] eval chain-example-to-tzip      score=1.00 skill_leak=0 self_echo=0/3 t=3s [example-hello] 'world' | [tzip-off] 'tzip deactivated'
[2026-08-23 14:30:55] eval chain-tzip-full-to-lite    score=0.75 skill_leak=1 self_echo=0/2 t=2s [tzip-full] 'tzip full activated' | [tzip-lite] 'tzip lite activated'
[2026-08-23 14:30:55] === RESULT (ab3-B-r1) accuracy=78.12%  skill-message leak=11.11% (3/27 msgs)  self-echo=18.52% (5/27) ===
[2026-08-23 14:30:55]    FAIL example-by                 0.00  skill_leak=1 self_echo=0/1  final='This is an example skill.'
[2026-08-23 14:30:55]    PART example-call-script        0.75  skill_leak=0 self_echo=0/2  final='This is example.sh output.'
[2026-08-23 14:30:55]    PART example-empty              0.50  skill_leak=1 self_echo=0/1  final='This is an example skill.'
[2026-08-23 14:30:55]    FAIL example-hello-lower        0.00  skill_leak=0 self_echo=1/2  final='```\nworld\n```'
[2026-08-23 14:30:55]    PART example-hello              0.75  skill_leak=0 self_echo=2/3  final='world'
[2026-08-23 14:30:55]    PART example-hi                 0.75  skill_leak=0 self_echo=1/2  final='This is example.sh output.'
[2026-08-23 14:30:55]    OK  tzip-empty                 1.00  skill_leak=0 self_echo=0/1  final='tzip lite activated'
[2026-08-23 14:30:55]    OK  tzip-full                  1.00  skill_leak=0 self_echo=0/1  final='tzip full activated'
[2026-08-23 14:30:55]    OK  tzip-lite                  1.00  skill_leak=0 self_echo=0/1  final='tzip lite activated'
[2026-08-23 14:30:55]    OK  tzip-off                   1.00  skill_leak=0 self_echo=0/1  final='tzip deactivated'
[2026-08-23 14:30:55]    OK  tzip-on                    1.00  skill_leak=0 self_echo=0/1  final='tzip lite activated'
[2026-08-23 14:30:55]    OK  tzip-ultra                 1.00  skill_leak=0 self_echo=0/1  final='tzip ultra activated'
[2026-08-23 14:30:55]    OK  webfetch-plain             1.00  skill_leak=0 self_echo=0/2  final='Example Domain\n\n# Example Domain\n\nThis domain is for use in documentat'
[2026-08-23 14:30:55]    OK  chain-tzip-to-example      1.00  skill_leak=0 self_echo=1/3  final=''
[2026-08-23 14:30:55]    OK  chain-example-to-tzip      1.00  skill_leak=0 self_echo=0/3  final=''
[2026-08-23 14:30:55]    PART chain-tzip-full-to-lite    0.75  skill_leak=1 self_echo=0/2  final=''
[2026-08-23 14:30:55] === evaluating pair (ab3-A-r1) on 13 cases + 3 chains ===
[2026-08-23 14:30:55] pair file updated hash=467f62009f (ask=2078c explain=1610c thinking=1479c)
[2026-08-23 14:30:59] eval example-by             score=0.00 (base 0.00) skill_leak=0 self_echo=0/1 t=4s final='This is an example skill.'
[2026-08-23 14:31:03] eval example-call-script    score=0.75 (base 0.75) skill_leak=0 self_echo=1/2 t=3s final='This is example.sh output.'
[2026-08-23 14:31:06] eval example-empty          score=1.00 (base 1.00) skill_leak=0 self_echo=0/1 t=3s final='This is an example skill.'
[2026-08-23 14:31:12] eval example-hello-lower    score=0.00 (base 0.00) skill_leak=0 self_echo=2/3 t=6s final='world'
[2026-08-23 14:31:14] eval example-hello          score=1.00 (base 1.00) skill_leak=0 self_echo=1/3 t=3s final='world'
[2026-08-23 14:31:18] eval example-hi             score=0.75 (base 0.75) skill_leak=0 self_echo=0/2 t=3s final='This is example.sh output.'
[2026-08-23 14:31:22] eval tzip-empty             score=1.00 (base 1.00) skill_leak=0 self_echo=0/1 t=4s final='tzip lite activated'
[2026-08-23 14:31:23] eval tzip-full              score=1.00 (base 1.00) skill_leak=0 self_echo=0/1 t=1s final='tzip full activated'
[2026-08-23 14:31:25] eval tzip-lite              score=1.00 (base 1.00) skill_leak=0 self_echo=0/1 t=1s final='tzip lite activated'
[2026-08-23 14:31:26] eval tzip-off               score=1.00 (base 1.00) skill_leak=0 self_echo=0/1 t=1s final='tzip deactivated'
[2026-08-23 14:31:27] eval tzip-on                score=1.00 (base 1.00) skill_leak=0 self_echo=0/1 t=2s final='tzip lite activated'
[2026-08-23 14:31:28] eval tzip-ultra             score=1.00 (base 1.00) skill_leak=0 self_echo=0/1 t=1s final='tzip ultra activated'
[2026-08-23 14:31:31] eval webfetch-plain         score=0.50 (base 0.50) skill_leak=0 self_echo=0/2 t=3s final='The webfetch skill has been executed successfully. The conte'
[2026-08-23 14:31:33] eval chain-tzip-to-example      score=1.00 skill_leak=0 self_echo=1/3 t=2s [tzip-lite] 'tzip lite activated' | [example-hello] 'world'
[2026-08-23 14:31:36] eval chain-example-to-tzip      score=1.00 skill_leak=0 self_echo=1/3 t=3s [example-hello] 'world' | [tzip-off] 'tzip deactivated'
[2026-08-23 14:31:38] eval chain-tzip-full-to-lite    score=0.75 skill_leak=1 self_echo=0/2 t=2s [tzip-full] 'tzip full activated' | [tzip-lite] 'tzip lite activated'
[2026-08-23 14:31:38] === RESULT (ab3-A-r1) accuracy=79.69%  skill-message leak=3.57% (1/28 msgs)  self-echo=21.43% (6/28) ===
[2026-08-23 14:31:38]    FAIL example-by                 0.00  skill_leak=0 self_echo=0/1  final='This is an example skill.'
[2026-08-23 14:31:38]    PART example-call-script        0.75  skill_leak=0 self_echo=1/2  final='This is example.sh output.'
[2026-08-23 14:31:38]    OK  example-empty              1.00  skill_leak=0 self_echo=0/1  final='This is an example skill.'
[2026-08-23 14:31:38]    FAIL example-hello-lower        0.00  skill_leak=0 self_echo=2/3  final='world'
[2026-08-23 14:31:38]    OK  example-hello              1.00  skill_leak=0 self_echo=1/3  final='world'
[2026-08-23 14:31:38]    PART example-hi                 0.75  skill_leak=0 self_echo=0/2  final='This is example.sh output.'
[2026-08-23 14:31:38]    OK  tzip-empty                 1.00  skill_leak=0 self_echo=0/1  final='tzip lite activated'
[2026-08-23 14:31:38]    OK  tzip-full                  1.00  skill_leak=0 self_echo=0/1  final='tzip full activated'
[2026-08-23 14:31:38]    OK  tzip-lite                  1.00  skill_leak=0 self_echo=0/1  final='tzip lite activated'
[2026-08-23 14:31:38]    OK  tzip-off                   1.00  skill_leak=0 self_echo=0/1  final='tzip deactivated'
[2026-08-23 14:31:38]    OK  tzip-on                    1.00  skill_leak=0 self_echo=0/1  final='tzip lite activated'
[2026-08-23 14:31:38]    OK  tzip-ultra                 1.00  skill_leak=0 self_echo=0/1  final='tzip ultra activated'
[2026-08-23 14:31:38]    PART webfetch-plain             0.50  skill_leak=0 self_echo=0/2  final='The webfetch skill has been executed successfully. The content of http'
[2026-08-23 14:31:38]    OK  chain-tzip-to-example      1.00  skill_leak=0 self_echo=1/3  final=''
[2026-08-23 14:31:38]    OK  chain-example-to-tzip      1.00  skill_leak=0 self_echo=1/3  final=''
[2026-08-23 14:31:38]    PART chain-tzip-full-to-lite    0.75  skill_leak=1 self_echo=0/2  final=''
[2026-08-23 14:31:38] === evaluating pair (ab3-A-r2) on 13 cases + 3 chains ===
[2026-08-23 14:31:46] eval example-by             score=0.00 (base 0.00) skill_leak=1 self_echo=0/1 t=7s final='This is an example skill.'
[2026-08-23 14:31:46] eval example-call-script    score=0.00 (base 0.00) skill_leak=0 self_echo=0/1 t=1s final='This is an example skill.'
[2026-08-23 14:31:50] eval example-empty          score=1.00 (base 1.00) skill_leak=0 self_echo=0/1 t=4s final='This is an example skill.'
[2026-08-23 14:31:52] eval example-hello-lower    score=0.00 (base 0.00) skill_leak=0 self_echo=1/2 t=2s final='world'
[2026-08-23 14:31:55] eval example-hello          score=0.75 (base 0.75) skill_leak=0 self_echo=1/2 t=3s final='world'
[2026-08-23 14:31:58] eval example-hi             score=0.75 (base 0.75) skill_leak=0 self_echo=1/2 t=3s final='This is example.sh output.'
[2026-08-23 14:32:01] eval tzip-empty             score=1.00 (base 1.00) skill_leak=0 self_echo=0/1 t=3s final='tzip lite activated'
[2026-08-23 14:32:02] eval tzip-full              score=1.00 (base 1.00) skill_leak=0 self_echo=0/1 t=1s final='tzip full activated'
[2026-08-23 14:32:03] eval tzip-lite              score=1.00 (base 1.00) skill_leak=0 self_echo=0/1 t=1s final='tzip lite activated'
[2026-08-23 14:32:04] eval tzip-off               score=1.00 (base 1.00) skill_leak=0 self_echo=0/1 t=1s final='tzip deactivated'
[2026-08-23 14:32:08] eval tzip-on                score=1.00 (base 1.00) skill_leak=0 self_echo=0/1 t=3s final='tzip lite activated'
[2026-08-23 14:32:09] eval tzip-ultra             score=1.00 (base 1.00) skill_leak=0 self_echo=0/1 t=1s final='tzip ultra activated'
[2026-08-23 14:32:12] eval webfetch-plain         score=1.00 (base 1.00) skill_leak=0 self_echo=0/2 t=4s final='Example Domain\n\n# Example Domain\n\nThis domain is for use in '
[2026-08-23 14:32:16] eval chain-tzip-to-example      score=1.00 skill_leak=0 self_echo=1/4 t=3s [tzip-lite] 'tzip lite activated' | [example-hello] 'world'
[2026-08-23 14:32:20] eval chain-example-to-tzip      score=1.00 skill_leak=0 self_echo=2/4 t=4s [example-hello] 'world' | [tzip-off] 'tzip deactivated'
[2026-08-23 14:32:22] eval chain-tzip-full-to-lite    score=0.50 skill_leak=2 self_echo=0/2 t=2s [tzip-full] 'tzip full activated' | [tzip-lite] 'tzip lite activated'
[2026-08-23 14:32:22] === RESULT (ab3-A-r2) accuracy=75.00%  skill-message leak=11.11% (3/27 msgs)  self-echo=22.22% (6/27) ===
[2026-08-23 14:32:22]    FAIL example-by                 0.00  skill_leak=1 self_echo=0/1  final='This is an example skill.'
[2026-08-23 14:32:22]    FAIL example-call-script        0.00  skill_leak=0 self_echo=0/1  final='This is an example skill.'
[2026-08-23 14:32:22]    OK  example-empty              1.00  skill_leak=0 self_echo=0/1  final='This is an example skill.'
[2026-08-23 14:32:22]    FAIL example-hello-lower        0.00  skill_leak=0 self_echo=1/2  final='world'
[2026-08-23 14:32:22]    PART example-hello              0.75  skill_leak=0 self_echo=1/2  final='world'
[2026-08-23 14:32:22]    PART example-hi                 0.75  skill_leak=0 self_echo=1/2  final='This is example.sh output.'
[2026-08-23 14:32:22]    OK  tzip-empty                 1.00  skill_leak=0 self_echo=0/1  final='tzip lite activated'
[2026-08-23 14:32:22]    OK  tzip-full                  1.00  skill_leak=0 self_echo=0/1  final='tzip full activated'
[2026-08-23 14:32:22]    OK  tzip-lite                  1.00  skill_leak=0 self_echo=0/1  final='tzip lite activated'
[2026-08-23 14:32:22]    OK  tzip-off                   1.00  skill_leak=0 self_echo=0/1  final='tzip deactivated'
[2026-08-23 14:32:22]    OK  tzip-on                    1.00  skill_leak=0 self_echo=0/1  final='tzip lite activated'
[2026-08-23 14:32:22]    OK  tzip-ultra                 1.00  skill_leak=0 self_echo=0/1  final='tzip ultra activated'
[2026-08-23 14:32:22]    OK  webfetch-plain             1.00  skill_leak=0 self_echo=0/2  final='Example Domain\n\n# Example Domain\n\nThis domain is for use in documentat'
[2026-08-23 14:32:22]    OK  chain-tzip-to-example      1.00  skill_leak=0 self_echo=1/4  final=''
[2026-08-23 14:32:22]    OK  chain-example-to-tzip      1.00  skill_leak=0 self_echo=2/4  final=''
[2026-08-23 14:32:22]    PART chain-tzip-full-to-lite    0.50  skill_leak=2 self_echo=0/2  final=''
[2026-08-23 14:32:22] === evaluating pair (ab3-B-r2) on 13 cases + 3 chains ===
[2026-08-23 14:32:22] pair file updated hash=e84f20ef55 (ask=1559c explain=1610c thinking=1479c)
[2026-08-23 14:32:26] eval example-by             score=0.00 (base 0.00) skill_leak=1 self_echo=0/1 t=4s final='This is an example skill.'
[2026-08-23 14:32:29] eval example-call-script    score=0.75 (base 0.75) skill_leak=0 self_echo=1/2 t=4s final='This is example.sh output.'
[2026-08-23 14:32:31] eval example-empty          score=1.00 (base 1.00) skill_leak=0 self_echo=0/1 t=2s final='This is an example skill.'
[2026-08-23 14:32:47] eval example-hello-lower    score=0.25 (base 0.25) skill_leak=0 self_echo=3/4 t=15s final='This is example.sh output.'
[2026-08-23 14:32:50] eval example-hello          score=1.00 (base 1.00) skill_leak=0 self_echo=1/2 t=3s final='world'
[2026-08-23 14:32:53] eval example-hi             score=0.75 (base 0.75) skill_leak=0 self_echo=1/2 t=3s final='This is example.sh output.'
[2026-08-23 14:32:54] eval tzip-empty             score=1.00 (base 1.00) skill_leak=0 self_echo=0/1 t=1s final='tzip lite activated'
[2026-08-23 14:32:55] eval tzip-full              score=1.00 (base 1.00) skill_leak=0 self_echo=0/1 t=1s final='tzip full activated'
[2026-08-23 14:32:56] eval tzip-lite              score=1.00 (base 1.00) skill_leak=0 self_echo=0/1 t=1s final='tzip lite activated'
[2026-08-23 14:32:57] eval tzip-off               score=1.00 (base 1.00) skill_leak=0 self_echo=0/1 t=1s final='tzip deactivated'
[2026-08-23 14:32:59] eval tzip-on                score=1.00 (base 1.00) skill_leak=0 self_echo=0/1 t=1s final='tzip lite activated'
[2026-08-23 14:33:00] eval tzip-ultra             score=1.00 (base 1.00) skill_leak=0 self_echo=0/1 t=1s final='tzip ultra activated'
[2026-08-23 14:33:03] eval webfetch-plain         score=0.50 (base 0.50) skill_leak=0 self_echo=0/2 t=4s final='Example Domain\n\n# Example Domain\n\nThis domain is for use in '
[2026-08-23 14:33:06] eval chain-tzip-to-example      score=1.00 skill_leak=0 self_echo=0/3 t=3s [tzip-lite] 'tzip lite activated' | [example-hello] 'world'
[2026-08-23 14:33:11] eval chain-example-to-tzip      score=0.88 skill_leak=0 self_echo=1/3 t=5s [example-hello] 'world' | [tzip-off] 'tzip deactivated'
[2026-08-23 14:33:13] eval chain-tzip-full-to-lite    score=0.75 skill_leak=1 self_echo=0/2 t=2s [tzip-full] 'tzip full activated' | [tzip-lite] 'tzip lite activated'
[2026-08-23 14:33:13] === RESULT (ab3-B-r2) accuracy=80.47%  skill-message leak=7.14% (2/28 msgs)  self-echo=25.00% (7/28) ===
[2026-08-23 14:33:13]    FAIL example-by                 0.00  skill_leak=1 self_echo=0/1  final='This is an example skill.'
[2026-08-23 14:33:13]    PART example-call-script        0.75  skill_leak=0 self_echo=1/2  final='This is example.sh output.'
[2026-08-23 14:33:13]    OK  example-empty              1.00  skill_leak=0 self_echo=0/1  final='This is an example skill.'
[2026-08-23 14:33:13]    PART example-hello-lower        0.25  skill_leak=0 self_echo=3/4  final='This is example.sh output.'
[2026-08-23 14:33:13]    OK  example-hello              1.00  skill_leak=0 self_echo=1/2  final='world'
[2026-08-23 14:33:13]    PART example-hi                 0.75  skill_leak=0 self_echo=1/2  final='This is example.sh output.'
[2026-08-23 14:33:13]    OK  tzip-empty                 1.00  skill_leak=0 self_echo=0/1  final='tzip lite activated'
[2026-08-23 14:33:13]    OK  tzip-full                  1.00  skill_leak=0 self_echo=0/1  final='tzip full activated'
[2026-08-23 14:33:13]    OK  tzip-lite                  1.00  skill_leak=0 self_echo=0/1  final='tzip lite activated'
[2026-08-23 14:33:13]    OK  tzip-off                   1.00  skill_leak=0 self_echo=0/1  final='tzip deactivated'
[2026-08-23 14:33:13]    OK  tzip-on                    1.00  skill_leak=0 self_echo=0/1  final='tzip lite activated'
[2026-08-23 14:33:13]    OK  tzip-ultra                 1.00  skill_leak=0 self_echo=0/1  final='tzip ultra activated'
[2026-08-23 14:33:13]    PART webfetch-plain             0.50  skill_leak=0 self_echo=0/2  final='Example Domain\n\n# Example Domain\n\nThis domain is for use in documentat'
[2026-08-23 14:33:13]    OK  chain-tzip-to-example      1.00  skill_leak=0 self_echo=0/3  final=''
[2026-08-23 14:33:13]    PART chain-example-to-tzip      0.88  skill_leak=0 self_echo=1/3  final=''
[2026-08-23 14:33:13]    PART chain-tzip-full-to-lite    0.75  skill_leak=1 self_echo=0/2  final=''
[2026-08-23 14:42:53] ### train.py optimize started (run_id=0823-144253-1091956, python=3.14.7)
[2026-08-23 14:42:53] seed pair: explain='A skill block is a task you execute, not a question you answer. I read the block name, the Usage rul'... thinking="A skill block is a task to execute, never a question to answer. I read the block's name, its Usage r"...
[2026-08-23 14:42:53] === evaluating pair (seed-baseline) on 13 cases + 3 chains ===
[2026-08-23 14:42:53] pair file updated hash=467f62009f (ask=2078c explain=1610c thinking=1479c)
[2026-08-23 14:43:20] eval example-by             score=0.50 (base 0.50) skill_leak=0 self_echo=3/5 t=27s final='This is example.sh output.'
[2026-08-23 14:43:22] eval example-call-script    score=0.75 (base 0.75) skill_leak=0 self_echo=0/2 t=2s final='This is example.sh output.'
[2026-08-23 14:43:24] eval example-empty          score=1.00 (base 1.00) skill_leak=0 self_echo=0/1 t=2s final='This is an example skill.'
[2026-08-23 14:44:24] eval example-hello-lower    score=0.00 (base 0.00) skill_leak=0 self_echo=28/29 t=60s final='The user said "hello" (lowercase), which matches the "Hello"'
[2026-08-23 14:44:28] eval example-hello          score=1.00 (base 1.00) skill_leak=0 self_echo=2/3 t=5s final='world'
[2026-08-23 14:45:58] run_pi timeout (attempt 1), retrying
[2026-08-23 14:46:03] eval example-hi             score=0.38 (base 0.75) skill_leak=1 self_echo=1/2 t=95s final='This is example.sh output.'
[2026-08-23 14:46:05] eval tzip-empty             score=1.00 (base 1.00) skill_leak=0 self_echo=0/1 t=2s final='tzip lite activated'
[2026-08-23 14:46:07] eval tzip-full              score=1.00 (base 1.00) skill_leak=0 self_echo=0/1 t=2s final='tzip full activated'
[2026-08-23 14:46:09] eval tzip-lite              score=1.00 (base 1.00) skill_leak=0 self_echo=0/1 t=1s final='tzip lite activated'
[2026-08-23 14:47:12] eval tzip-off               score=1.00 (base 1.00) skill_leak=0 self_echo=0/1 t=63s final='tzip deactivated'
[2026-08-23 14:47:13] eval tzip-on                score=1.00 (base 1.00) skill_leak=0 self_echo=0/1 t=1s final='tzip lite activated'
[2026-08-23 14:47:14] eval tzip-ultra             score=1.00 (base 1.00) skill_leak=0 self_echo=0/1 t=1s final='tzip ultra activated'
[2026-08-23 14:47:18] eval webfetch-plain         score=0.50 (base 0.50) skill_leak=0 self_echo=1/2 t=3s final='Example Domain\n\n# Example Domain\n\nThis domain is for use in '
[2026-08-23 14:47:20] eval chain-tzip-to-example      score=1.00 skill_leak=0 self_echo=1/3 t=3s [tzip-lite] 'tzip lite activated' | [example-hello] 'world'
[2026-08-23 14:47:25] eval chain-example-to-tzip      score=1.00 skill_leak=0 self_echo=2/4 t=5s [example-hello] 'world' | [tzip-off] 'tzip deactivated'
[2026-08-23 14:47:27] eval chain-tzip-full-to-lite    score=0.75 skill_leak=1 self_echo=0/2 t=2s [tzip-full] 'tzip full activated' | [tzip-lite] 'tzip lite activated'
[2026-08-23 14:47:27] === RESULT (seed-baseline) accuracy=80.47%  skill-message leak=3.39% (2/59 msgs)  self-echo=64.41% (38/59) ===
[2026-08-23 14:47:27]    PART example-by                 0.50  skill_leak=0 self_echo=3/5  final='This is example.sh output.'
[2026-08-23 14:47:27]    PART example-call-script        0.75  skill_leak=0 self_echo=0/2  final='This is example.sh output.'
[2026-08-23 14:47:27]    OK  example-empty              1.00  skill_leak=0 self_echo=0/1  final='This is an example skill.'
[2026-08-23 14:47:27]    FAIL example-hello-lower        0.00  skill_leak=0 self_echo=28/29  final='The user said "hello" (lowercase), which matches the "Hello" case in t'
[2026-08-23 14:47:27]    OK  example-hello              1.00  skill_leak=0 self_echo=2/3  final='world'
[2026-08-23 14:47:27]    PART example-hi                 0.38  skill_leak=1 self_echo=1/2  final='This is example.sh output.'
[2026-08-23 14:47:27]    OK  tzip-empty                 1.00  skill_leak=0 self_echo=0/1  final='tzip lite activated'
[2026-08-23 14:47:27]    OK  tzip-full                  1.00  skill_leak=0 self_echo=0/1  final='tzip full activated'
[2026-08-23 14:47:27]    OK  tzip-lite                  1.00  skill_leak=0 self_echo=0/1  final='tzip lite activated'
[2026-08-23 14:47:27]    OK  tzip-off                   1.00  skill_leak=0 self_echo=0/1  final='tzip deactivated'
[2026-08-23 14:47:27]    OK  tzip-on                    1.00  skill_leak=0 self_echo=0/1  final='tzip lite activated'
[2026-08-23 14:47:27]    OK  tzip-ultra                 1.00  skill_leak=0 self_echo=0/1  final='tzip ultra activated'
[2026-08-23 14:47:27]    PART webfetch-plain             0.50  skill_leak=0 self_echo=1/2  final='Example Domain\n\n# Example Domain\n\nThis domain is for use in documentat'
[2026-08-23 14:47:27]    OK  chain-tzip-to-example      1.00  skill_leak=0 self_echo=1/3  final=''
[2026-08-23 14:47:27]    OK  chain-example-to-tzip      1.00  skill_leak=0 self_echo=2/4  final=''
[2026-08-23 14:47:27]    PART chain-tzip-full-to-lite    0.75  skill_leak=1 self_echo=0/2  final=''
[2026-08-23 14:47:27] starting GEPA: run_dir=/home/mtasic/projects-b/pi-slm/optim/skills-usage-7/runs/gepa-0823-144253-1091956 max_metric_calls=192 optimization examples=16 (full eval set=13 cases + 3 chains) reflection_lm=Qwen/Qwen3.8-27B (thinking off, callable wrapper)
[2026-08-23 14:47:30] eval example-by             score=0.00 (base 0.00) skill_leak=0 self_echo=0/1 t=3.2s  final='This is an example skill.'
[2026-08-23 14:47:33] eval example-call-script    score=0.75 (base 0.75) skill_leak=0 self_echo=0/2 t=3.1s  final='This is example.sh output.'
[2026-08-23 14:47:36] eval example-empty          score=1.00 (base 1.00) skill_leak=0 self_echo=0/1 t=2.6s  final='This is an example skill.'
[2026-08-23 14:47:38] eval example-hello-lower    score=0.00 (base 0.00) skill_leak=0 self_echo=1/2 t=2.2s  final='world'
[2026-08-23 14:47:40] eval example-hello          score=1.00 (base 1.00) skill_leak=0 self_echo=1/2 t=2.5s  final='world'
[2026-08-23 14:47:44] eval example-hi             score=0.75 (base 0.75) skill_leak=0 self_echo=1/2 t=3.5s  final='This is example.sh output.'
[2026-08-23 14:47:46] eval tzip-empty             score=1.00 (base 1.00) skill_leak=0 self_echo=0/1 t=2.2s  final='tzip lite activated'
[2026-08-23 14:47:47] eval tzip-full              score=1.00 (base 1.00) skill_leak=0 self_echo=0/1 t=1.3s  final='tzip full activated'
[2026-08-23 14:47:49] eval tzip-lite              score=1.00 (base 1.00) skill_leak=0 self_echo=0/1 t=1.3s  final='tzip lite activated'
[2026-08-23 14:47:50] eval tzip-off               score=1.00 (base 1.00) skill_leak=0 self_echo=0/1 t=1.3s  final='tzip deactivated'
[2026-08-23 14:47:52] eval tzip-on                score=1.00 (base 1.00) skill_leak=0 self_echo=0/1 t=2.1s  final='tzip lite activated'
[2026-08-23 14:47:53] eval tzip-ultra             score=1.00 (base 1.00) skill_leak=0 self_echo=0/1 t=1.1s  final='tzip ultra activated'
[2026-08-23 14:47:56] eval webfetch-plain         score=0.50 (base 0.50) skill_leak=0 self_echo=0/2 t=2.5s  final='Example Domain\n\n# Example Domain\n\nThis domain is for use in '
[2026-08-23 14:47:58] eval chain-tzip-to-example [tzip-lite] base=1.00 skill_leak=0 self_echo=0/1 final='tzip lite activated'
[2026-08-23 14:47:58] eval chain-tzip-to-example [example-hello] base=1.00 skill_leak=0 self_echo=0/2 final='world'
[2026-08-23 14:47:58] eval chain-tzip-to-example      score=1.00 t=2.6s
[2026-08-23 14:48:03] eval chain-example-to-tzip [example-hello] base=1.00 skill_leak=0 self_echo=1/2 final='world'
[2026-08-23 14:48:03] eval chain-example-to-tzip [tzip-off] base=1.00 skill_leak=0 self_echo=0/1 final='tzip deactivated'
[2026-08-23 14:48:03] eval chain-example-to-tzip      score=1.00 t=4.8s
[2026-08-23 14:48:05] eval chain-tzip-full-to-lite [tzip-full] base=1.00 skill_leak=0 self_echo=0/1 final='tzip full activated'
[2026-08-23 14:48:05] eval chain-tzip-full-to-lite [tzip-lite] base=1.00 skill_leak=1 self_echo=0/1 final='tzip lite activated'
[2026-08-23 14:48:05] eval chain-tzip-full-to-lite    score=0.75 t=1.7s
[2026-08-23 14:48:08] eval example-empty          score=1.00 (base 1.00) skill_leak=0 self_echo=0/1 t=3.4s  final='This is an example skill.'
[2026-08-23 14:48:13] eval chain-example-to-tzip [example-hello] base=1.00 skill_leak=0 self_echo=2/3 final='world'
[2026-08-23 14:48:13] eval chain-example-to-tzip [tzip-off] base=1.00 skill_leak=0 self_echo=0/1 final='tzip deactivated'
[2026-08-23 14:48:13] eval chain-example-to-tzip      score=1.00 t=4.6s
[2026-08-23 14:48:22] eval example-hello-lower    score=0.00 (base 0.00) skill_leak=0 self_echo=0/2 t=9.3s  final='world'
[2026-08-23 14:48:33] pair file updated hash=775616880d (ask=2350c explain=1610c thinking=1479c)
[2026-08-23 14:48:40] eval example-empty          score=1.00 (base 1.00) skill_leak=0 self_echo=1/2 t=6.7s  final='This is an example skill.'
[2026-08-23 14:48:43] eval chain-example-to-tzip [example-hello] base=0.75 skill_leak=0 self_echo=0/2 final='world'
[2026-08-23 14:48:43] eval chain-example-to-tzip [tzip-off] base=1.00 skill_leak=0 self_echo=0/1 final='tzip deactivated'
[2026-08-23 14:48:43] eval chain-example-to-tzip      score=0.88 t=3.0s
[2026-08-23 14:48:47] eval example-hello-lower    score=0.25 (base 0.25) skill_leak=0 self_echo=0/2 t=3.7s  final='This is example.sh output.'
[2026-08-23 14:48:53] eval example-by             score=0.00 (base 0.00) skill_leak=0 self_echo=0/1 t=6.2s  final='This is an example skill.'
[2026-08-23 14:48:58] eval example-call-script    score=0.38 (base 0.75) skill_leak=1 self_echo=0/2 t=5.0s  final='This is example.sh output.'
[2026-08-23 14:49:05] eval example-empty          score=0.50 (base 1.00) skill_leak=1 self_echo=0/1 t=7.1s  final='This is an example skill.'
[2026-08-23 14:49:12] eval example-hello-lower    score=0.25 (base 0.25) skill_leak=0 self_echo=0/2 t=6.7s  final='This is example.sh output.'
[2026-08-23 14:49:15] eval example-hello          score=1.00 (base 1.00) skill_leak=0 self_echo=1/3 t=3.2s  final='world'
[2026-08-23 14:49:19] eval example-hi             score=0.50 (base 0.50) skill_leak=0 self_echo=2/4 t=4.3s  final='This is example.sh output.'
[2026-08-23 14:49:22] eval tzip-empty             score=1.00 (base 1.00) skill_leak=0 self_echo=0/1 t=2.8s  final='tzip lite activated'
[2026-08-23 14:49:23] eval tzip-full              score=1.00 (base 1.00) skill_leak=0 self_echo=0/1 t=1.1s  final='tzip full activated'
[2026-08-23 14:49:24] eval tzip-lite              score=1.00 (base 1.00) skill_leak=0 self_echo=0/1 t=1.1s  final='tzip lite activated'
[2026-08-23 14:49:26] eval tzip-off               score=1.00 (base 1.00) skill_leak=0 self_echo=0/1 t=1.2s  final='tzip deactivated'
[2026-08-23 14:49:27] eval tzip-on                score=1.00 (base 1.00) skill_leak=0 self_echo=0/1 t=1.9s  final='tzip lite activated'
[2026-08-23 14:49:29] eval tzip-ultra             score=1.00 (base 1.00) skill_leak=0 self_echo=0/1 t=1.2s  final='tzip ultra activated'
[2026-08-23 14:49:35] eval webfetch-plain         score=0.50 (base 0.50) skill_leak=0 self_echo=0/2 t=6.2s  final='Example Domain\n\n# Example Domain\n\nThis domain is for use in '
[2026-08-23 14:49:37] eval chain-tzip-to-example [tzip-lite] base=1.00 skill_leak=0 self_echo=0/1 final='tzip lite activated'
[2026-08-23 14:49:37] eval chain-tzip-to-example [example-hello] base=1.00 skill_leak=0 self_echo=1/2 final='world'
[2026-08-23 14:49:37] eval chain-tzip-to-example      score=1.00 t=2.0s
[2026-08-23 14:49:42] eval chain-example-to-tzip [example-hello] base=1.00 skill_leak=0 self_echo=2/3 final='world'
[2026-08-23 14:49:42] eval chain-example-to-tzip [tzip-off] base=1.00 skill_leak=0 self_echo=0/1 final='tzip deactivated'
[2026-08-23 14:49:42] eval chain-example-to-tzip      score=1.00 t=4.7s
[2026-08-23 14:49:43] eval chain-tzip-full-to-lite [tzip-full] base=1.00 skill_leak=0 self_echo=0/1 final='tzip full activated'
[2026-08-23 14:49:43] eval chain-tzip-full-to-lite [tzip-lite] base=1.00 skill_leak=1 self_echo=0/1 final='tzip lite activated'
[2026-08-23 14:49:43] eval chain-tzip-full-to-lite    score=0.75 t=1.7s
[2026-08-23 14:49:47] eval webfetch-plain         score=0.50 (base 0.50) skill_leak=0 self_echo=0/2 t=3.3s  final='Example Domain\n\n# Example Domain\n\nThis domain is for use in '
[2026-08-23 14:49:48] eval tzip-on                score=1.00 (base 1.00) skill_leak=0 self_echo=0/1 t=1.7s  final='tzip lite activated'
[2026-08-23 14:49:55] eval example-call-script    score=0.00 (base 0.00) skill_leak=0 self_echo=0/1 t=6.4s  final='This is an example skill.'
[2026-08-23 14:50:00] pair file updated hash=f67c3220ae (ask=2350c explain=1602c thinking=1479c)
[2026-08-23 14:50:04] eval webfetch-plain         score=0.50 (base 0.50) skill_leak=0 self_echo=1/2 t=4.2s  final='Example Domain\n\n# Example Domain\n\nThis domain is for use in '
[2026-08-23 14:50:07] eval tzip-on                score=1.00 (base 1.00) skill_leak=0 self_echo=0/1 t=2.4s  final='tzip lite activated'
[2026-08-23 14:50:10] eval example-call-script    score=0.75 (base 0.75) skill_leak=0 self_echo=0/2 t=3.0s  final='This is example.sh output.'
[2026-08-23 14:50:15] eval example-by             score=0.00 (base 0.00) skill_leak=1 self_echo=0/1 t=5.8s  final='This is an example skill.'
[2026-08-23 14:50:17] eval example-call-script    score=0.00 (base 0.00) skill_leak=0 self_echo=0/1 t=1.2s  final='This is an example skill.'
[2026-08-23 14:50:19] eval example-empty          score=1.00 (base 1.00) skill_leak=0 self_echo=0/1 t=2.0s  final='This is an example skill.'
[2026-08-23 14:50:28] eval example-hello-lower    score=0.12 (base 0.25) skill_leak=1 self_echo=3/5 t=8.9s  final='This is example.sh output.'
[2026-08-23 14:50:30] eval example-hello          score=1.00 (base 1.00) skill_leak=0 self_echo=1/2 t=2.8s  final='world'
[2026-08-23 14:50:38] eval example-hi             score=0.50 (base 0.50) skill_leak=0 self_echo=1/3 t=7.3s  final='This is example.sh output.'
[2026-08-23 14:50:40] eval tzip-empty             score=1.00 (base 1.00) skill_leak=0 self_echo=0/1 t=2.2s  final='tzip lite activated'
[2026-08-23 14:50:41] eval tzip-full              score=1.00 (base 1.00) skill_leak=0 self_echo=0/1 t=1.2s  final='tzip full activated'
[2026-08-23 14:50:42] eval tzip-lite              score=1.00 (base 1.00) skill_leak=0 self_echo=0/1 t=1.2s  final='tzip lite activated'
[2026-08-23 14:50:43] eval tzip-off               score=1.00 (base 1.00) skill_leak=0 self_echo=0/1 t=0.9s  final='tzip deactivated'
[2026-08-23 14:50:45] eval tzip-on                score=1.00 (base 1.00) skill_leak=0 self_echo=0/1 t=1.6s  final='tzip lite activated'
[2026-08-23 14:50:46] eval tzip-ultra             score=1.00 (base 1.00) skill_leak=0 self_echo=0/1 t=1.2s  final='tzip ultra activated'
[2026-08-23 14:50:49] eval webfetch-plain         score=0.50 (base 0.50) skill_leak=0 self_echo=0/2 t=2.6s  final='Example Domain\n\n# Example Domain\n\nThis domain is for use in '
[2026-08-23 14:50:51] eval chain-tzip-to-example [tzip-lite] base=1.00 skill_leak=1 self_echo=0/1 final='tzip lite activated'
[2026-08-23 14:50:51] eval chain-tzip-to-example [example-hello] base=1.00 skill_leak=0 self_echo=1/2 final='world'
[2026-08-23 14:50:51] eval chain-tzip-to-example      score=0.75 t=2.8s
[2026-08-23 14:50:55] eval chain-example-to-tzip [example-hello] base=1.00 skill_leak=0 self_echo=1/3 final='world'
[2026-08-23 14:50:55] eval chain-example-to-tzip [tzip-off] base=1.00 skill_leak=0 self_echo=0/1 final='tzip deactivated'
[2026-08-23 14:50:55] eval chain-example-to-tzip      score=1.00 t=3.7s
[2026-08-23 14:50:57] eval chain-tzip-full-to-lite [tzip-full] base=1.00 skill_leak=0 self_echo=0/1 final='tzip full activated'
[2026-08-23 14:50:57] eval chain-tzip-full-to-lite [tzip-lite] base=1.00 skill_leak=1 self_echo=0/1 final='tzip lite activated'
[2026-08-23 14:50:57] eval chain-tzip-full-to-lite    score=0.75 t=1.5s
[2026-08-23 14:50:57] pair file updated hash=775616880d (ask=2350c explain=1610c thinking=1479c)
[2026-08-23 14:50:58] eval tzip-off               score=1.00 (base 1.00) skill_leak=0 self_echo=0/1 t=1.3s  final='tzip deactivated'
[2026-08-23 14:51:03] eval example-hi             score=0.75 (base 0.75) skill_leak=0 self_echo=1/2 t=5.3s  final='This is example.sh output.'
[2026-08-23 14:51:05] eval tzip-ultra             score=1.00 (base 1.00) skill_leak=0 self_echo=0/1 t=1.3s  final='tzip ultra activated'
[2026-08-23 14:51:19] pair file updated hash=c4bcc1732a (ask=2350c explain=1610c thinking=1702c)
[2026-08-23 14:51:21] eval tzip-off               score=1.00 (base 1.00) skill_leak=0 self_echo=0/1 t=1.6s  final='tzip deactivated'
[2026-08-23 14:51:27] eval example-hi             score=0.75 (base 0.75) skill_leak=0 self_echo=1/2 t=6.3s  final='This is example.sh output.'
[2026-08-23 14:51:28] eval tzip-ultra             score=1.00 (base 1.00) skill_leak=0 self_echo=0/1 t=1.4s  final='tzip ultra activated'
[2026-08-23 14:51:28] pair file updated hash=775616880d (ask=2350c explain=1610c thinking=1479c)
[2026-08-23 14:51:30] eval chain-tzip-full-to-lite [tzip-full] base=1.00 skill_leak=0 self_echo=0/1 final='tzip full activated'
[2026-08-23 14:51:30] eval chain-tzip-full-to-lite [tzip-lite] base=1.00 skill_leak=1 self_echo=0/1 final='tzip lite activated'
[2026-08-23 14:51:30] eval chain-tzip-full-to-lite    score=0.75 t=1.7s
[2026-08-23 14:51:32] eval tzip-empty             score=1.00 (base 1.00) skill_leak=0 self_echo=0/1 t=1.6s  final='tzip lite activated'
[2026-08-23 14:51:33] eval tzip-full              score=1.00 (base 1.00) skill_leak=0 self_echo=0/1 t=1.2s  final='tzip full activated'
[2026-08-23 14:51:40] pair file updated hash=c388e03c66 (ask=1605c explain=1610c thinking=1479c)
[2026-08-23 14:51:43] eval chain-tzip-full-to-lite [tzip-full] base=1.00 skill_leak=0 self_echo=0/1 final='tzip full activated'
[2026-08-23 14:51:43] eval chain-tzip-full-to-lite [tzip-lite] base=1.00 skill_leak=1 self_echo=0/1 final='tzip lite activated'
[2026-08-23 14:51:43] eval chain-tzip-full-to-lite    score=0.75 t=2.3s
[2026-08-23 14:51:46] eval tzip-empty             score=0.50 (base 1.00) skill_leak=1 self_echo=0/1 t=2.9s  final='tzip lite activated'
[2026-08-23 14:51:46] eval tzip-full              score=1.00 (base 1.00) skill_leak=0 self_echo=0/1 t=0.8s  final='tzip full activated'
[2026-08-23 14:51:46] pair file updated hash=775616880d (ask=2350c explain=1610c thinking=1479c)
[2026-08-23 14:51:48] eval tzip-lite              score=1.00 (base 1.00) skill_leak=0 self_echo=0/1 t=1.5s  final='tzip lite activated'
[2026-08-23 14:51:51] eval example-hello          score=1.00 (base 1.00) skill_leak=0 self_echo=1/2 t=2.7s  final='world'
[2026-08-23 14:51:58] eval example-by             score=0.00 (base 0.00) skill_leak=0 self_echo=0/1 t=7.1s  final='This is an example skill.'
[2026-08-23 14:52:14] pair file updated hash=1d52cbb058 (ask=2350c explain=1470c thinking=1479c)
[2026-08-23 14:52:15] eval tzip-lite              score=1.00 (base 1.00) skill_leak=0 self_echo=0/1 t=1.9s  final='tzip lite activated'
[2026-08-23 14:52:19] eval example-hello          score=0.75 (base 0.75) skill_leak=0 self_echo=1/2 t=3.4s  final='world'
[2026-08-23 14:52:24] eval example-by             score=0.00 (base 0.00) skill_leak=0 self_echo=1/2 t=5.2s  final='This is an example skill.'
[2026-08-23 14:52:24] pair file updated hash=775616880d (ask=2350c explain=1610c thinking=1479c)
[2026-08-23 14:52:28] eval chain-tzip-to-example [tzip-lite] base=1.00 skill_leak=0 self_echo=0/1 final='tzip lite activated'
[2026-08-23 14:52:28] eval chain-tzip-to-example [example-hello] base=1.00 skill_leak=1 self_echo=1/3 final='world'
[2026-08-23 14:52:28] eval chain-tzip-to-example      score=0.75 t=4.2s
[2026-08-23 14:52:31] eval chain-tzip-to-example [tzip-lite] base=1.00 skill_leak=0 self_echo=0/1 final='tzip lite activated'
[2026-08-23 14:52:31] eval chain-tzip-to-example [example-hello] base=1.00 skill_leak=0 self_echo=1/2 final='world'
[2026-08-23 14:52:31] eval chain-tzip-to-example      score=1.00 t=2.5s
[2026-08-23 14:52:34] eval example-by             score=0.75 (base 0.75) skill_leak=0 self_echo=1/2 t=3.4s  final='This is example.sh output.'
[2026-08-23 14:52:42] eval chain-tzip-to-example [tzip-lite] base=1.00 skill_leak=1 self_echo=0/1 final='tzip lite activated'
[2026-08-23 14:52:42] eval chain-tzip-to-example [example-hello] base=1.00 skill_leak=0 self_echo=1/2 final='world'
[2026-08-23 14:52:42] eval chain-tzip-to-example      score=0.75 t=2.7s
[2026-08-23 14:52:45] eval chain-tzip-to-example [tzip-lite] base=1.00 skill_leak=0 self_echo=0/1 final='tzip lite activated'
[2026-08-23 14:52:45] eval chain-tzip-to-example [example-hello] base=1.00 skill_leak=1 self_echo=0/2 final='world'
[2026-08-23 14:52:45] eval chain-tzip-to-example      score=0.75 t=3.0s
[2026-08-23 14:54:15] run_pi timeout (attempt 1), retrying
[2026-08-23 14:54:18] eval example-by             score=0.00 (base 0.00) skill_leak=0 self_echo=0/1 t=93.3s  final='This is an example skill.'
[2026-08-23 14:54:18] pair file updated hash=467f62009f (ask=2078c explain=1610c thinking=1479c)
[2026-08-23 14:54:22] eval example-hi             score=0.75 (base 0.75) skill_leak=0 self_echo=1/2 t=3.7s  final='This is example.sh output.'
[2026-08-23 14:54:23] eval tzip-lite              score=1.00 (base 1.00) skill_leak=0 self_echo=0/1 t=1.4s  final='tzip lite activated'
[2026-08-23 14:54:24] eval tzip-full              score=1.00 (base 1.00) skill_leak=0 self_echo=0/1 t=1.1s  final='tzip full activated'
[2026-08-23 14:54:35] pair file updated hash=248a306a81 (ask=2078c explain=1166c thinking=1479c)
[2026-08-23 14:54:39] eval example-hi             score=0.00 (base 0.00) skill_leak=0 self_echo=0/1 t=4.6s  final='This is an example skill.'
[2026-08-23 14:54:41] eval tzip-lite              score=1.00 (base 1.00) skill_leak=0 self_echo=0/1 t=1.4s  final='tzip lite activated'
[2026-08-23 14:54:42] eval tzip-full              score=1.00 (base 1.00) skill_leak=0 self_echo=0/1 t=1.6s  final='tzip full activated'
[2026-08-23 14:54:42] pair file updated hash=775616880d (ask=2350c explain=1610c thinking=1479c)
[2026-08-23 14:54:45] eval chain-tzip-to-example [tzip-lite] base=1.00 skill_leak=0 self_echo=0/1 final='tzip lite activated'
[2026-08-23 14:54:45] eval chain-tzip-to-example [example-hello] base=1.00 skill_leak=0 self_echo=1/2 final='world'
[2026-08-23 14:54:45] eval chain-tzip-to-example      score=1.00 t=3.0s
[2026-08-23 14:56:15] run_pi timeout (attempt 1), retrying
[2026-08-23 14:56:21] eval example-by             score=0.00 (base 0.00) skill_leak=0 self_echo=0/1 t=95.3s  final='This is an example skill.'
[2026-08-23 14:56:22] eval chain-tzip-full-to-lite [tzip-full] base=1.00 skill_leak=0 self_echo=0/1 final='tzip full activated'
[2026-08-23 14:56:22] eval chain-tzip-full-to-lite [tzip-lite] base=1.00 skill_leak=1 self_echo=0/1 final='tzip lite activated'
[2026-08-23 14:56:22] eval chain-tzip-full-to-lite    score=0.75 t=1.8s
[2026-08-23 14:56:36] pair file updated hash=a5f0990ecc (ask=1506c explain=1610c thinking=1479c)
[2026-08-23 14:56:40] eval chain-tzip-to-example [tzip-lite] base=1.00 skill_leak=0 self_echo=0/1 final='tzip lite activated'
[2026-08-23 14:56:40] eval chain-tzip-to-example [example-hello] base=1.00 skill_leak=1 self_echo=1/2 final='world'
[2026-08-23 14:56:40] eval chain-tzip-to-example      score=0.75 t=3.7s
[2026-08-23 14:58:10] run_pi timeout (attempt 1), retrying
[2026-08-23 14:59:40] eval example-by: pi timeout
[2026-08-23 14:59:42] eval chain-tzip-full-to-lite [tzip-full] base=1.00 skill_leak=0 self_echo=0/1 final='tzip full activated'
[2026-08-23 14:59:42] eval chain-tzip-full-to-lite [tzip-lite] base=1.00 skill_leak=1 self_echo=0/1 final='tzip lite activated'
[2026-08-23 14:59:42] eval chain-tzip-full-to-lite    score=0.75 t=2.1s
[2026-08-23 14:59:42] pair file updated hash=775616880d (ask=2350c explain=1610c thinking=1479c)
[2026-08-23 14:59:44] eval tzip-ultra             score=1.00 (base 1.00) skill_leak=0 self_echo=0/1 t=1.3s  final='tzip ultra activated'
[2026-08-23 14:59:48] eval chain-example-to-tzip [example-hello] base=1.00 skill_leak=0 self_echo=1/2 final='world'
[2026-08-23 14:59:48] eval chain-example-to-tzip [tzip-off] base=1.00 skill_leak=0 self_echo=0/1 final='tzip deactivated'
[2026-08-23 14:59:48] eval chain-example-to-tzip      score=1.00 t=4.3s
[2026-08-23 15:01:18] run_pi timeout (attempt 1), retrying
[2026-08-23 15:01:22] eval example-empty          score=0.50 (base 1.00) skill_leak=1 self_echo=0/1 t=94.6s  final='This is an example skill.'
[2026-08-23 15:01:35] pair file updated hash=af9d64cf85 (ask=2350c explain=1644c thinking=1479c)
[2026-08-23 15:01:37] eval tzip-ultra             score=1.00 (base 1.00) skill_leak=0 self_echo=0/1 t=1.7s  final='tzip ultra activated'
[2026-08-23 15:01:43] eval chain-example-to-tzip [example-hello] base=0.75 skill_leak=0 self_echo=1/2 final='world'
[2026-08-23 15:01:43] eval chain-example-to-tzip [tzip-off] base=1.00 skill_leak=0 self_echo=0/1 final='tzip deactivated'
[2026-08-23 15:01:43] eval chain-example-to-tzip      score=0.88 t=5.8s
[2026-08-23 15:01:51] eval example-empty          score=0.50 (base 1.00) skill_leak=1 self_echo=0/1 t=8.4s  final='This is an example skill.'
[2026-08-23 15:01:51] pair file updated hash=467f62009f (ask=2078c explain=1610c thinking=1479c)
[2026-08-23 15:01:57] eval webfetch-plain         score=1.00 (base 1.00) skill_leak=0 self_echo=0/2 t=5.8s  final='Example Domain\n\n# Example Domain\n\nThis domain is for use in '
[2026-08-23 15:02:01] eval example-hello          score=1.00 (base 1.00) skill_leak=0 self_echo=1/2 t=3.3s  final='world'
[2026-08-23 15:03:31] run_pi timeout (attempt 1), retrying
[2026-08-23 15:03:36] eval example-hello-lower    score=0.00 (base 0.00) skill_leak=0 self_echo=1/2 t=95.5s  final='world'
[2026-08-23 15:03:48] pair file updated hash=bff96fb3c3 (ask=2078c explain=1610c thinking=1831c)
[2026-08-23 15:05:19] run_pi timeout (attempt 1), retrying
[2026-08-23 15:05:23] eval webfetch-plain         score=0.50 (base 0.50) skill_leak=0 self_echo=0/2 t=94.4s  final='Example Domain\n\n# Example Domain\n\nThis domain is for use in '
[2026-08-23 15:05:27] eval example-hello          score=1.00 (base 1.00) skill_leak=0 self_echo=0/2 t=4.1s  final='world'
[2026-08-23 15:06:57] run_pi timeout (attempt 1), retrying
[2026-08-23 15:07:13] eval example-hello-lower    score=0.00 (base 0.00) skill_leak=0 self_echo=1/3 t=105.9s  final='world'
[2026-08-23 15:07:13] pair file updated hash=775616880d (ask=2350c explain=1610c thinking=1479c)
[2026-08-23 15:07:14] eval tzip-on                score=1.00 (base 1.00) skill_leak=0 self_echo=0/1 t=1.6s  final='tzip lite activated'
[2026-08-23 15:08:45] run_pi timeout (attempt 1), retrying
[2026-08-23 15:08:46] eval tzip-off               score=1.00 (base 1.00) skill_leak=0 self_echo=0/1 t=91.8s  final='tzip deactivated'
[2026-08-23 15:08:50] eval example-call-script    score=0.75 (base 0.75) skill_leak=0 self_echo=0/2 t=3.5s  final='This is example.sh output.'
[2026-08-23 15:09:02] pair file updated hash=daaa8ad260 (ask=2350c explain=1610c thinking=2759c)
[2026-08-23 15:09:04] eval tzip-on                score=1.00 (base 1.00) skill_leak=0 self_echo=0/1 t=2.2s  final='tzip lite activated'
[2026-08-23 15:09:06] eval tzip-off               score=1.00 (base 1.00) skill_leak=0 self_echo=0/1 t=1.8s  final='tzip deactivated'
[2026-08-23 15:09:09] eval example-call-script    score=0.75 (base 0.75) skill_leak=0 self_echo=1/2 t=2.7s  final='This is example.sh output.'
[2026-08-23 15:09:09] pair file updated hash=467f62009f (ask=2078c explain=1610c thinking=1479c)
[2026-08-23 15:09:12] eval tzip-empty             score=0.50 (base 1.00) skill_leak=1 self_echo=0/1 t=3.0s  final='tzip lite activated'
[2026-08-23 15:09:17] eval tzip-empty             score=0.50 (base 1.00) skill_leak=1 self_echo=0/1 t=5.2s  final='tzip lite activated'
[2026-08-23 15:10:47] run_pi timeout (attempt 1), retrying
[2026-08-23 15:10:51] eval example-call-script    score=0.75 (base 0.75) skill_leak=0 self_echo=0/2 t=93.7s  final='This is example.sh output.'
[2026-08-23 15:10:58] pair file updated hash=30bd71701b (ask=1395c explain=1610c thinking=1479c)
[2026-08-23 15:11:04] eval tzip-empty             score=1.00 (base 1.00) skill_leak=0 self_echo=0/1 t=6.0s  final='tzip lite activated'
[2026-08-23 15:11:07] eval tzip-empty             score=1.00 (base 1.00) skill_leak=0 self_echo=0/1 t=2.8s  final='tzip lite activated'
[2026-08-23 15:11:13] eval example-call-script    score=0.25 (base 0.25) skill_leak=0 self_echo=1/2 t=6.1s  final='This is example.sh output.'
[2026-08-23 15:12:43] run_pi timeout (attempt 1), retrying
[2026-08-23 15:14:14] eval example-by: pi timeout
[2026-08-23 15:15:44] run_pi timeout (attempt 1), retrying
[2026-08-23 15:17:14] eval example-call-script: pi timeout
[2026-08-23 15:18:44] run_pi timeout (attempt 1), retrying
[2026-08-23 15:18:49] eval example-empty          score=0.50 (base 1.00) skill_leak=1 self_echo=1/2 t=94.9s  final='This is an example skill.'
[2026-08-23 15:18:50] eval example-hello-lower    score=0.00 (base 0.00) skill_leak=0 self_echo=0/1 t=1.3s  final='This is an example skill.'
[2026-08-23 15:20:20] run_pi timeout (attempt 1), retrying
[2026-08-23 15:20:23] eval example-hello          score=0.75 (base 0.75) skill_leak=0 self_echo=1/2 t=92.7s  final='world'
[2026-08-23 15:20:28] eval example-hi             score=0.75 (base 0.75) skill_leak=0 self_echo=1/2 t=5.2s  final='This is example.sh output.'
[2026-08-23 15:21:58] run_pi timeout (attempt 1), retrying
[2026-08-23 15:22:03] eval tzip-empty             score=1.00 (base 1.00) skill_leak=0 self_echo=0/1 t=94.8s  final='tzip lite activated'
[2026-08-23 15:22:04] eval tzip-full              score=1.00 (base 1.00) skill_leak=0 self_echo=0/1 t=1.2s  final='tzip full activated'
[2026-08-23 15:22:05] eval tzip-lite              score=1.00 (base 1.00) skill_leak=0 self_echo=0/1 t=1.4s  final='tzip lite activated'
[2026-08-23 15:22:07] eval tzip-off               score=1.00 (base 1.00) skill_leak=0 self_echo=0/1 t=1.5s  final='tzip deactivated'
[2026-08-23 15:23:37] run_pi timeout (attempt 1), retrying
[2026-08-23 15:23:38] eval tzip-on                score=1.00 (base 1.00) skill_leak=0 self_echo=0/1 t=91.6s  final='tzip lite activated'
[2026-08-23 15:23:40] eval tzip-ultra             score=1.00 (base 1.00) skill_leak=0 self_echo=0/1 t=1.3s  final='tzip ultra activated'
[2026-08-23 15:25:10] run_pi timeout (attempt 1), retrying
[2026-08-23 15:25:15] eval webfetch-plain         score=1.00 (base 1.00) skill_leak=0 self_echo=1/2 t=95.7s  final="The webfetch skill has been executed successfully. Here's th"
[2026-08-23 15:25:18] eval chain-tzip-to-example [tzip-lite] base=1.00 skill_leak=0 self_echo=0/1 final='tzip lite activated'
[2026-08-23 15:25:18] eval chain-tzip-to-example [example-hello] base=1.00 skill_leak=0 self_echo=1/2 final='world'
[2026-08-23 15:25:18] eval chain-tzip-to-example      score=1.00 t=2.6s
[2026-08-23 15:25:22] eval chain-example-to-tzip [example-hello] base=1.00 skill_leak=0 self_echo=2/3 final='world'
[2026-08-23 15:25:22] eval chain-example-to-tzip [tzip-off] base=1.00 skill_leak=0 self_echo=0/1 final='tzip deactivated'
[2026-08-23 15:25:22] eval chain-example-to-tzip      score=1.00 t=3.9s
[2026-08-23 15:25:24] eval chain-tzip-full-to-lite [tzip-full] base=1.00 skill_leak=0 self_echo=0/1 final='tzip full activated'
[2026-08-23 15:25:24] eval chain-tzip-full-to-lite [tzip-lite] base=1.00 skill_leak=1 self_echo=0/1 final='tzip lite activated'
[2026-08-23 15:25:24] eval chain-tzip-full-to-lite    score=0.75 t=1.8s
[2026-08-23 15:25:24] pair file updated hash=775616880d (ask=2350c explain=1610c thinking=1479c)
[2026-08-23 15:25:25] eval tzip-ultra             score=1.00 (base 1.00) skill_leak=0 self_echo=0/1 t=1.5s  final='tzip ultra activated'
[2026-08-23 15:25:28] eval tzip-empty             score=1.00 (base 1.00) skill_leak=0 self_echo=0/1 t=2.8s  final='tzip lite activated'
[2026-08-23 15:26:58] run_pi timeout (attempt 1), retrying
[2026-08-23 15:27:00] eval tzip-off               score=1.00 (base 1.00) skill_leak=0 self_echo=0/1 t=91.7s  final='tzip deactivated'
[2026-08-23 15:27:10] pair file updated hash=391929ff6a (ask=2432c explain=1610c thinking=1479c)
[2026-08-23 15:27:12] eval tzip-ultra             score=1.00 (base 1.00) skill_leak=0 self_echo=0/1 t=1.9s  final='tzip ultra activated'
[2026-08-23 15:27:16] eval tzip-empty             score=0.50 (base 1.00) skill_leak=1 self_echo=0/1 t=4.1s  final='tzip lite activated'
[2026-08-23 15:28:46] run_pi timeout (attempt 1), retrying
[2026-08-23 15:28:47] eval tzip-off               score=1.00 (base 1.00) skill_leak=0 self_echo=0/1 t=91.6s  final='tzip deactivated'
[2026-08-23 15:28:47] pair file updated hash=467f62009f (ask=2078c explain=1610c thinking=1479c)
[2026-08-23 15:28:58] eval example-call-script    score=0.25 (base 0.25) skill_leak=0 self_echo=2/5 t=11.0s  final='This is example.sh output.'
[2026-08-23 15:29:00] eval tzip-lite              score=1.00 (base 1.00) skill_leak=0 self_echo=0/1 t=1.8s  final='tzip lite activated'
[2026-08-23 15:34:00] run_pi_chain failed (TimeoutExpired, attempt 1), retrying
[2026-08-23 15:34:10] eval chain-tzip-full-to-lite [tzip-full] base=1.00 skill_leak=0 self_echo=0/1 final='tzip full activated'
[2026-08-23 15:34:10] eval chain-tzip-full-to-lite [tzip-lite] base=1.00 skill_leak=1 self_echo=0/1 final='tzip lite activated'
[2026-08-23 15:34:10] eval chain-tzip-full-to-lite    score=0.75 t=309.6s
[2026-08-23 15:34:25] pair file updated hash=a3c9735d2e (ask=2078c explain=1713c thinking=1479c)
[2026-08-23 15:34:36] eval example-call-script    score=0.50 (base 0.50) skill_leak=0 self_echo=3/4 t=11.0s  final='This is example.sh output.'
[2026-08-23 15:34:39] eval tzip-lite              score=1.00 (base 1.00) skill_leak=0 self_echo=0/1 t=2.8s  final='tzip lite activated'
[2026-08-23 15:39:39] run_pi_chain failed (TimeoutExpired, attempt 1), retrying
[2026-08-23 15:39:42] eval chain-tzip-full-to-lite [tzip-full] base=1.00 skill_leak=0 self_echo=0/1 final='tzip full activated'
[2026-08-23 15:39:42] eval chain-tzip-full-to-lite [tzip-lite] base=1.00 skill_leak=1 self_echo=0/1 final='tzip lite activated'
[2026-08-23 15:39:42] eval chain-tzip-full-to-lite    score=0.75 t=303.5s
[2026-08-23 15:39:47] eval example-by             score=0.00 (base 0.00) skill_leak=0 self_echo=0/1 t=4.5s  final='This is an example skill.'
[2026-08-23 15:39:49] eval example-call-script    score=0.75 (base 0.75) skill_leak=0 self_echo=0/2 t=2.2s  final='This is example.sh output.'
[2026-08-23 15:41:19] run_pi timeout (attempt 1), retrying
[2026-08-23 15:41:24] eval example-empty          score=1.00 (base 1.00) skill_leak=0 self_echo=0/1 t=94.7s  final='This is an example skill.'
[2026-08-23 15:41:28] eval example-hello-lower    score=0.00 (base 0.00) skill_leak=0 self_echo=2/3 t=4.6s  final='world'
[2026-08-23 15:41:31] eval example-hello          score=1.00 (base 1.00) skill_leak=0 self_echo=2/3 t=3.0s  final='world'
[2026-08-23 15:43:01] run_pi timeout (attempt 1), retrying
[2026-08-23 15:43:08] eval example-hi             score=0.75 (base 0.75) skill_leak=0 self_echo=1/4 t=96.7s  final='This is example.sh output.'
[2026-08-23 15:43:16] eval tzip-empty             score=0.50 (base 1.00) skill_leak=1 self_echo=0/1 t=8.1s  final='tzip lite activated'
[2026-08-23 15:43:17] eval tzip-full              score=1.00 (base 1.00) skill_leak=0 self_echo=0/1 t=1.3s  final='tzip full activated'
[2026-08-23 15:43:19] eval tzip-lite              score=0.50 (base 1.00) skill_leak=1 self_echo=0/1 t=1.1s  final='tzip lite activated'
[2026-08-23 15:43:20] eval tzip-off               score=1.00 (base 1.00) skill_leak=0 self_echo=0/1 t=1.4s  final='tzip deactivated'
[2026-08-23 15:44:50] run_pi timeout (attempt 1), retrying
[2026-08-23 15:44:52] eval tzip-on                score=1.00 (base 1.00) skill_leak=0 self_echo=0/1 t=91.9s  final='tzip lite activated'
[2026-08-23 15:44:53] eval tzip-ultra             score=1.00 (base 1.00) skill_leak=0 self_echo=0/1 t=1.1s  final='tzip ultra activated'
[2026-08-23 15:44:57] eval webfetch-plain         score=1.00 (base 1.00) skill_leak=0 self_echo=0/2 t=4.3s  final='Example Domain\n\n# Example Domain\n\nThis domain is for use in '
[2026-08-23 15:45:00] eval chain-tzip-to-example [tzip-lite] base=1.00 skill_leak=0 self_echo=0/1 final='tzip lite activated'
[2026-08-23 15:45:00] eval chain-tzip-to-example [example-hello] base=1.00 skill_leak=0 self_echo=1/2 final='world'
[2026-08-23 15:45:00] eval chain-tzip-to-example      score=1.00 t=2.5s
[2026-08-23 15:45:05] eval chain-example-to-tzip [example-hello] base=1.00 skill_leak=0 self_echo=1/3 final='world'
[2026-08-23 15:45:05] eval chain-example-to-tzip [tzip-off] base=1.00 skill_leak=0 self_echo=0/1 final='tzip deactivated'
[2026-08-23 15:45:05] eval chain-example-to-tzip      score=1.00 t=4.9s
[2026-08-23 15:50:05] run_pi_chain failed (TimeoutExpired, attempt 1), retrying
[2026-08-23 15:50:08] eval chain-tzip-full-to-lite [tzip-full] base=1.00 skill_leak=0 self_echo=0/1 final='tzip full activated'
[2026-08-23 15:50:08] eval chain-tzip-full-to-lite [tzip-lite] base=1.00 skill_leak=1 self_echo=0/1 final='tzip lite activated'
[2026-08-23 15:50:08] eval chain-tzip-full-to-lite    score=0.75 t=302.9s
[2026-08-23 15:50:08] pair file updated hash=775616880d (ask=2350c explain=1610c thinking=1479c)
[2026-08-23 15:50:09] eval tzip-full              score=1.00 (base 1.00) skill_leak=0 self_echo=0/1 t=1.9s  final='tzip full activated'
[2026-08-23 15:50:14] eval chain-example-to-tzip [example-hello] base=0.75 skill_leak=0 self_echo=1/2 final='world'
[2026-08-23 15:50:14] eval chain-example-to-tzip [tzip-off] base=1.00 skill_leak=0 self_echo=0/1 final='tzip deactivated'
[2026-08-23 15:50:14] eval chain-example-to-tzip      score=0.88 t=4.3s
[2026-08-23 15:51:44] run_pi timeout (attempt 1), retrying
[2026-08-23 15:51:50] eval example-hi             score=0.25 (base 0.50) skill_leak=1 self_echo=1/2 t=96.2s  final='This is example.sh output.'
[2026-08-23 15:52:00] pair file updated hash=1c93640d62 (ask=2350c explain=1655c thinking=1479c)
[2026-08-23 15:53:26] eval tzip-full              score=1.00 (base 1.00) skill_leak=0 self_echo=0/1 t=86.6s  final='tzip full activated'
[2026-08-23 15:53:35] eval chain-example-to-tzip [example-hello] base=1.00 skill_leak=0 self_echo=2/3 final='world'
[2026-08-23 15:53:35] eval chain-example-to-tzip [tzip-off] base=1.00 skill_leak=0 self_echo=0/1 final='tzip deactivated'
[2026-08-23 15:53:35] eval chain-example-to-tzip      score=1.00 t=9.1s
[2026-08-23 15:53:43] eval example-hi             score=0.75 (base 0.75) skill_leak=0 self_echo=1/2 t=7.7s  final='This is example.sh output.'
[2026-08-23 15:54:06] eval example-by             score=0.12 (base 0.25) skill_leak=1 self_echo=1/2 t=22.8s  final='This is example.sh output.'
[2026-08-23 15:54:09] eval example-call-script    score=0.75 (base 0.75) skill_leak=0 self_echo=1/2 t=3.3s  final='This is example.sh output.'
[2026-08-23 15:54:20] eval example-empty          score=0.00 (base 0.00) skill_leak=0 self_echo=1/2 t=10.2s  final='This is example.sh output.'
[2026-08-23 15:54:26] eval example-hello-lower    score=0.12 (base 0.25) skill_leak=1 self_echo=1/2 t=6.0s  final='This is example.sh output.'
[2026-08-23 15:54:29] eval example-hello          score=1.00 (base 1.00) skill_leak=0 self_echo=1/2 t=3.2s  final='world'
[2026-08-23 15:54:32] eval example-hi             score=0.75 (base 0.75) skill_leak=0 self_echo=0/2 t=3.2s  final='This is example.sh output.'
[2026-08-23 15:54:39] eval tzip-empty             score=0.50 (base 1.00) skill_leak=1 self_echo=0/1 t=6.6s  final='tzip lite activated'
[2026-08-23 15:54:40] eval tzip-full              score=1.00 (base 1.00) skill_leak=0 self_echo=0/1 t=1.1s  final='tzip full activated'
[2026-08-23 15:54:41] eval tzip-lite              score=1.00 (base 1.00) skill_leak=0 self_echo=0/1 t=1.2s  final='tzip lite activated'
[2026-08-23 15:54:42] eval tzip-off               score=1.00 (base 1.00) skill_leak=0 self_echo=0/1 t=1.1s  final='tzip deactivated'
[2026-08-23 15:54:44] eval tzip-on                score=1.00 (base 1.00) skill_leak=0 self_echo=0/1 t=1.5s  final='tzip lite activated'
[2026-08-23 15:54:45] eval tzip-ultra             score=1.00 (base 1.00) skill_leak=0 self_echo=0/1 t=1.1s  final='tzip ultra activated'
[2026-08-23 15:54:49] eval webfetch-plain         score=1.00 (base 1.00) skill_leak=0 self_echo=0/2 t=4.5s  final='Example Domain\n\n# Example Domain\n\nThis domain is for use in '
[2026-08-23 15:54:52] eval chain-tzip-to-example [tzip-lite] base=1.00 skill_leak=0 self_echo=0/1 final='tzip lite activated'
[2026-08-23 15:54:52] eval chain-tzip-to-example [example-hello] base=1.00 skill_leak=0 self_echo=1/2 final='world'
[2026-08-23 15:54:52] eval chain-tzip-to-example      score=1.00 t=2.3s
[2026-08-23 15:54:54] eval chain-example-to-tzip [example-hello] base=1.00 skill_leak=0 self_echo=1/2 final='world'
[2026-08-23 15:54:54] eval chain-example-to-tzip [tzip-off] base=1.00 skill_leak=0 self_echo=0/1 final='tzip deactivated'
[2026-08-23 15:54:54] eval chain-example-to-tzip      score=1.00 t=2.8s
[2026-08-23 15:54:56] eval chain-tzip-full-to-lite [tzip-full] base=1.00 skill_leak=0 self_echo=0/1 final='tzip full activated'
[2026-08-23 15:54:56] eval chain-tzip-full-to-lite [tzip-lite] base=1.00 skill_leak=1 self_echo=0/1 final='tzip lite activated'
[2026-08-23 15:54:56] eval chain-tzip-full-to-lite    score=0.75 t=1.6s
[2026-08-23 15:55:00] eval example-hello          score=1.00 (base 1.00) skill_leak=0 self_echo=1/2 t=4.5s  final='world'
[2026-08-23 15:55:06] eval example-hello-lower    score=0.25 (base 0.25) skill_leak=0 self_echo=0/2 t=5.8s  final='This is example.sh output.'
[2026-08-23 15:55:09] eval chain-tzip-to-example [tzip-lite] base=1.00 skill_leak=0 self_echo=0/1 final='tzip lite activated'
[2026-08-23 15:55:09] eval chain-tzip-to-example [example-hello] base=1.00 skill_leak=0 self_echo=1/2 final='world'
[2026-08-23 15:55:09] eval chain-tzip-to-example      score=1.00 t=2.9s
[2026-08-23 15:55:23] pair file updated hash=54030b3d8e (ask=2350c explain=1655c thinking=1517c)
[2026-08-23 15:55:26] eval example-hello          score=1.00 (base 1.00) skill_leak=0 self_echo=1/2 t=2.9s  final='world'
[2026-08-23 15:55:32] eval example-hello-lower    score=0.25 (base 0.25) skill_leak=0 self_echo=2/3 t=5.9s  final='This is example.sh output.'
[2026-08-23 15:55:35] eval chain-tzip-to-example [tzip-lite] base=1.00 skill_leak=0 self_echo=0/1 final='tzip lite activated'
[2026-08-23 15:55:35] eval chain-tzip-to-example [example-hello] base=1.00 skill_leak=0 self_echo=1/2 final='world'
[2026-08-23 15:55:35] eval chain-tzip-to-example      score=1.00 t=3.0s
[2026-08-23 15:55:35] GEPA done. best_idx=0 total_metric_calls=192
[2026-08-23 15:55:35] BEST pair:
ask=A skill block is a task for you to execute, never a question to answer. When you see one, read its name, its Usage section, and the bare argument that appears after its closing tag. That argument is the text sitting outside and immediately after the closing tag, not anything inside the block. Then follow exactly what the Usage section says for that specific argument: send the required fixed reply with nothing added, or load the named reference file with the read tool and follow its instructions, or run the named script with the bash tool passing the argument as command line parameters and report the output. All file paths are relative to the directory named in the block location attribute. Your reply contains only what the block requires, no extra words, no formatting, no explanation. Earlier messages may contain other skill blocks or their short confirmation lines; those tasks are already finished. Ignore them completely, never copy or repeat an earlier skill reply, never use an earlier argument, and derive everything from the current block alone.
```

```
The user sent a message with a skill block and I need to execute it. First I locate the block and read its Usage rules. Then I look for the bare argument, which is the text sitting outside and right after the closing tag, not inside the block. If there is text there that is the argument and I pick the matching Usage branch for it. If there is no text after the closing tag I use the no argument branch. I never read the SKILL.md file itself. If an earlier message contains another skill block or a short confirmation line that task is finished and its words are not this argument, so nothing from it enters this reply or this reasoning. I then do exactly what the current block requires, whether that is a fixed reply, loading a reference file, or running a script, and I send only that result with no extra words or formatting. I never explain the skill and never ask a question. I state this plan in my own words each time and never copy it verbatim from the instructions or from any earlier message.
explain=A skill block is a task you execute, not a question you answer. I read the block name, the Usage rules inside it, and the bare argument that sits right after the closing tag. I then follow exactly the Usage branch that matches that argument: send the fixed reply if one is mandated, load the named reference file with the read tool and do what it says, or run the named script with bash, pass the argument as CLI parameters, and report the output. I build every path from the block location attribute. My reply holds only what the block requires, with no extra words, no bold, no explanation, and no questions. If earlier messages show other skill blocks or their short confirmations, those tasks are finished; I ignore them completely, never copy or repeat an earlier reply or confirmation, never use an earlier argument, and I derive everything only from the current block.
```

```
The user asks me to run a skill block. 1. I locate the current block, read its name and Usage rules, and look at the lone argument after the closing tag. 2. I pick the matching Usage branch: a fixed reply, a reference file to load, or a script to run with the argument as CLI parameters. 3. If an earlier message has another skill block or a short confirmation line, that task is finished; its words are not this argument, and nothing from it may enter this reply or this reasoning. 4. I commit to executing the current block exactly: I never explain the skill, never ask, never repeat an earlier confirmation. I state this plan in my own words each time, never copied verbatim from these instructions or any earlier message.
thinking=A skill block is a task to execute, never a question to answer. I read the block's name, its Usage rules, and the bare argument after the current block's closing tag. I then do exactly what the block's Usage says for that argument: send a required fixed reply exactly, or load the named reference file with the read tool and follow it, or run the named script with bash passing the argument as CLI parameters and report the output. Paths come from the block's location attribute, and the reply contains only what the block requires. Earlier messages may contain other skill blocks or their short confirmations; those tasks are finished, so I ignore them completely, never copy or repeat an earlier skill's reply, never use an earlier argument, and derive everything from the current block only.

The user asks me to run a skill block, so I treat it as a task. 1. I find the current block, note its name, its Usage section, and the lone argument after the closing tag. 2. I match the argument to the Usage branch: fixed reply, reference file, or script. 3. If an earlier message has another block or a short confirmation, that task is done, so its words are not this argument and nothing from it enters this reply or this reasoning. 4. I execute the current block's required behavior exactly, never explain the skill, never ask, never repeat an earlier confirmation. I state the plan in my own words each time, never copied verbatim from these instructions or any earlier message.
[2026-08-23 15:55:35] best pair written to skill-pair.json (now live for slm.ts)
[2026-08-23 15:55:35] === evaluating pair (best-final) on 13 cases + 3 chains ===
[2026-08-23 15:55:35] pair file updated hash=467f62009f (ask=2078c explain=1610c thinking=1479c)
[2026-08-23 15:55:39] eval example-by             score=0.00 (base 0.00) skill_leak=0 self_echo=0/1 t=4s final='This is an example skill.'
[2026-08-23 15:55:41] eval example-call-script    score=0.75 (base 0.75) skill_leak=0 self_echo=1/2 t=2s final='This is example.sh output.'
[2026-08-23 15:55:47] eval example-empty          score=0.50 (base 1.00) skill_leak=1 self_echo=0/1 t=6s final='This is an example skill.'
[2026-08-23 15:55:49] eval example-hello-lower    score=0.00 (base 0.00) skill_leak=0 self_echo=1/2 t=3s final='world'
[2026-08-23 15:55:55] eval example-hello          score=1.00 (base 1.00) skill_leak=0 self_echo=2/3 t=6s final='world'
[2026-08-23 15:56:00] eval example-hi             score=0.00 (base 0.00) skill_leak=0 self_echo=0/1 t=5s final='This is an example skill.'
[2026-08-23 15:56:05] eval tzip-empty             score=1.00 (base 1.00) skill_leak=0 self_echo=0/1 t=5s final='tzip lite activated'
[2026-08-23 15:56:06] eval tzip-full              score=1.00 (base 1.00) skill_leak=0 self_echo=0/1 t=1s final='tzip full activated'
[2026-08-23 15:56:07] eval tzip-lite              score=1.00 (base 1.00) skill_leak=0 self_echo=0/1 t=1s final='tzip lite activated'
[2026-08-23 15:56:08] eval tzip-off               score=1.00 (base 1.00) skill_leak=0 self_echo=0/1 t=1s final='tzip deactivated'
[2026-08-23 15:56:10] eval tzip-on                score=1.00 (base 1.00) skill_leak=0 self_echo=0/1 t=1s final='tzip lite activated'
[2026-08-23 15:56:11] eval tzip-ultra             score=1.00 (base 1.00) skill_leak=0 self_echo=0/1 t=1s final='tzip ultra activated'
[2026-08-23 15:56:14] eval webfetch-plain         score=1.00 (base 1.00) skill_leak=0 self_echo=0/2 t=3s final='Example Domain\n\n# Example Domain\n\nThis domain is for use in '
[2026-08-23 15:56:17] eval chain-tzip-to-example      score=1.00 skill_leak=0 self_echo=1/3 t=3s [tzip-lite] 'tzip lite activated' | [example-hello] 'world'
[2026-08-23 15:56:20] eval chain-example-to-tzip      score=1.00 skill_leak=0 self_echo=1/3 t=3s [example-hello] 'world' | [tzip-off] 'tzip deactivated'
[2026-08-23 15:56:22] eval chain-tzip-full-to-lite    score=0.75 skill_leak=1 self_echo=0/2 t=2s [tzip-full] 'tzip full activated' | [tzip-lite] 'tzip lite activated'
[2026-08-23 15:56:22] === RESULT (best-final) accuracy=75.00%  skill-message leak=7.69% (2/26 msgs)  self-echo=23.08% (6/26) ===
[2026-08-23 15:56:22]    FAIL example-by                 0.00  skill_leak=0 self_echo=0/1  final='This is an example skill.'
[2026-08-23 15:56:22]    PART example-call-script        0.75  skill_leak=0 self_echo=1/2  final='This is example.sh output.'
[2026-08-23 15:56:22]    PART example-empty              0.50  skill_leak=1 self_echo=0/1  final='This is an example skill.'
[2026-08-23 15:56:22]    FAIL example-hello-lower        0.00  skill_leak=0 self_echo=1/2  final='world'
[2026-08-23 15:56:22]    OK  example-hello              1.00  skill_leak=0 self_echo=2/3  final='world'
[2026-08-23 15:56:22]    FAIL example-hi                 0.00  skill_leak=0 self_echo=0/1  final='This is an example skill.'
[2026-08-23 15:56:22]    OK  tzip-empty                 1.00  skill_leak=0 self_echo=0/1  final='tzip lite activated'
[2026-08-23 15:56:22]    OK  tzip-full                  1.00  skill_leak=0 self_echo=0/1  final='tzip full activated'
[2026-08-23 15:56:22]    OK  tzip-lite                  1.00  skill_leak=0 self_echo=0/1  final='tzip lite activated'
[2026-08-23 15:56:22]    OK  tzip-off                   1.00  skill_leak=0 self_echo=0/1  final='tzip deactivated'
[2026-08-23 15:56:22]    OK  tzip-on                    1.00  skill_leak=0 self_echo=0/1  final='tzip lite activated'
[2026-08-23 15:56:22]    OK  tzip-ultra                 1.00  skill_leak=0 self_echo=0/1  final='tzip ultra activated'
[2026-08-23 15:56:22]    OK  webfetch-plain             1.00  skill_leak=0 self_echo=0/2  final='Example Domain\n\n# Example Domain\n\nThis domain is for use in documentat'
[2026-08-23 15:56:22]    OK  chain-tzip-to-example      1.00  skill_leak=0 self_echo=1/3  final=''
[2026-08-23 15:56:22]    OK  chain-example-to-tzip      1.00  skill_leak=0 self_echo=1/3  final=''
[2026-08-23 15:56:22]    PART chain-tzip-full-to-lite    0.75  skill_leak=1 self_echo=0/2  final=''
[2026-08-23 15:56:22] SUMMARY: accuracy 80.47% -> 75.0%, skill-leak 3.39% -> 7.69%, self-echo 64.41% -> 23.08%
[2026-08-23 16:27:42] === evaluating pair (ab4-live-r0) on 13 cases + 3 chains ===
[2026-08-23 16:27:42] pair file updated hash=467f62009f (ask=2078c explain=1610c thinking=1479c)
[2026-08-23 16:27:54] eval example-by             score=0.38 (base 0.75) skill_leak=1 self_echo=1/2 t=11s final='This is example.sh output.'
[2026-08-23 16:27:58] eval example-call-script    score=0.75 (base 0.75) skill_leak=0 self_echo=1/2 t=4s final='This is example.sh output.'
[2026-08-23 16:28:01] eval example-empty          score=1.00 (base 1.00) skill_leak=0 self_echo=0/1 t=4s final='This is an example skill.'
[2026-08-23 16:28:10] eval example-hello-lower    score=0.12 (base 0.25) skill_leak=1 self_echo=1/2 t=9s final='This is example.sh output.'
[2026-08-23 16:28:12] eval example-hello          score=1.00 (base 1.00) skill_leak=0 self_echo=1/2 t=2s final='world'
[2026-08-23 16:28:16] eval example-hi             score=0.75 (base 0.75) skill_leak=0 self_echo=1/2 t=3s final='This is example.sh output.'
[2026-08-23 16:28:21] eval tzip-empty             score=1.00 (base 1.00) skill_leak=0 self_echo=0/1 t=6s final='tzip lite activated'
[2026-08-23 16:28:23] eval tzip-full              score=1.00 (base 1.00) skill_leak=0 self_echo=0/1 t=2s final='tzip full activated'
[2026-08-23 16:28:24] eval tzip-lite              score=1.00 (base 1.00) skill_leak=0 self_echo=0/1 t=1s final='tzip lite activated'
[2026-08-23 16:28:26] eval tzip-off               score=1.00 (base 1.00) skill_leak=0 self_echo=0/1 t=1s final='tzip deactivated'
[2026-08-23 16:28:27] eval tzip-on                score=1.00 (base 1.00) skill_leak=0 self_echo=0/1 t=2s final='tzip lite activated'
[2026-08-23 16:28:29] eval tzip-ultra             score=1.00 (base 1.00) skill_leak=0 self_echo=0/1 t=1s final='tzip ultra activated'
[2026-08-23 16:28:32] eval webfetch-plain         score=0.50 (base 0.50) skill_leak=0 self_echo=0/2 t=4s final='Example Domain\n\n# Example Domain\n\nThis domain is for use in '
[2026-08-23 16:28:35] eval chain-tzip-to-example      score=1.00 skill_leak=0 self_echo=1/3 t=3s [tzip-lite] 'tzip lite activated' | [example-hello] 'world'
[2026-08-23 16:28:39] eval chain-example-to-tzip      score=1.00 skill_leak=0 self_echo=1/3 t=3s [example-hello] 'world' | [tzip-off] 'tzip deactivated'
[2026-08-23 16:28:41] eval chain-tzip-full-to-lite    score=0.75 skill_leak=1 self_echo=0/2 t=2s [tzip-full] 'tzip full activated' | [tzip-lite] 'tzip lite activated'
[2026-08-23 16:28:41] === RESULT (ab4-live-r0) accuracy=82.81%  skill-message leak=11.11% (3/27 msgs)  self-echo=25.93% (7/27) ===
[2026-08-23 16:28:41]    PART example-by                 0.38  skill_leak=1 self_echo=1/2  final='This is example.sh output.'
[2026-08-23 16:28:41]    PART example-call-script        0.75  skill_leak=0 self_echo=1/2  final='This is example.sh output.'
[2026-08-23 16:28:41]    OK  example-empty              1.00  skill_leak=0 self_echo=0/1  final='This is an example skill.'
[2026-08-23 16:28:41]    PART example-hello-lower        0.12  skill_leak=1 self_echo=1/2  final='This is example.sh output.'
[2026-08-23 16:28:41]    OK  example-hello              1.00  skill_leak=0 self_echo=1/2  final='world'
[2026-08-23 16:28:41]    PART example-hi                 0.75  skill_leak=0 self_echo=1/2  final='This is example.sh output.'
[2026-08-23 16:28:41]    OK  tzip-empty                 1.00  skill_leak=0 self_echo=0/1  final='tzip lite activated'
[2026-08-23 16:28:41]    OK  tzip-full                  1.00  skill_leak=0 self_echo=0/1  final='tzip full activated'
[2026-08-23 16:28:41]    OK  tzip-lite                  1.00  skill_leak=0 self_echo=0/1  final='tzip lite activated'
[2026-08-23 16:28:41]    OK  tzip-off                   1.00  skill_leak=0 self_echo=0/1  final='tzip deactivated'
[2026-08-23 16:28:41]    OK  tzip-on                    1.00  skill_leak=0 self_echo=0/1  final='tzip lite activated'
[2026-08-23 16:28:41]    OK  tzip-ultra                 1.00  skill_leak=0 self_echo=0/1  final='tzip ultra activated'
[2026-08-23 16:28:41]    PART webfetch-plain             0.50  skill_leak=0 self_echo=0/2  final='Example Domain\n\n# Example Domain\n\nThis domain is for use in documentat'
[2026-08-23 16:28:41]    OK  chain-tzip-to-example      1.00  skill_leak=0 self_echo=1/3  final=''
[2026-08-23 16:28:41]    OK  chain-example-to-tzip      1.00  skill_leak=0 self_echo=1/3  final=''
[2026-08-23 16:28:41]    PART chain-tzip-full-to-lite    0.75  skill_leak=1 self_echo=0/2  final=''
[2026-08-23 16:28:41] === evaluating pair (ab4-cand-r0) on 13 cases + 3 chains ===
[2026-08-23 16:28:41] pair file updated hash=dd5d379625 (ask=1431c explain=842c thinking=1055c)
[2026-08-23 16:28:47] eval example-by             score=0.00 (base 0.00) skill_leak=0 self_echo=0/1 t=7s final='This is an example skill.'
[2026-08-23 16:28:57] eval example-call-script    score=0.50 (base 0.50) skill_leak=0 self_echo=1/5 t=9s final='This is example.sh output.'
[2026-08-23 16:29:08] eval example-empty          score=1.00 (base 1.00) skill_leak=0 self_echo=1/2 t=11s final='This is an example skill.'
[2026-08-23 16:29:09] eval example-hello-lower    score=0.00 (base 0.00) skill_leak=0 self_echo=0/1 t=1s final='This is an example skill.'
[2026-08-23 16:29:12] eval example-hello          score=1.00 (base 1.00) skill_leak=0 self_echo=0/2 t=3s final='world'
[2026-08-23 16:29:16] eval example-hi             score=0.75 (base 0.75) skill_leak=0 self_echo=1/2 t=3s final='This is example.sh output.'
[2026-08-23 16:29:18] eval tzip-empty             score=0.00 (base 0.00) skill_leak=0 self_echo=0/1 t=3s final='tzip full activated'
[2026-08-23 16:29:20] eval tzip-full              score=1.00 (base 1.00) skill_leak=0 self_echo=0/1 t=1s final='tzip full activated'
[2026-08-23 16:29:21] eval tzip-lite              score=1.00 (base 1.00) skill_leak=0 self_echo=0/1 t=1s final='tzip lite activated'
[2026-08-23 16:29:22] eval tzip-off               score=1.00 (base 1.00) skill_leak=0 self_echo=0/1 t=1s final='tzip deactivated'
[2026-08-23 16:29:24] eval tzip-on                score=1.00 (base 1.00) skill_leak=0 self_echo=0/1 t=3s final='tzip lite activated'
[2026-08-23 16:29:26] eval tzip-ultra             score=1.00 (base 1.00) skill_leak=0 self_echo=0/1 t=1s final='tzip ultra activated'
[2026-08-23 16:29:31] eval webfetch-plain         score=1.00 (base 1.00) skill_leak=0 self_echo=0/2 t=5s final='Example Domain\n\n# Example Domain\n\nThis domain is for use in '
[2026-08-23 16:29:33] eval chain-tzip-to-example      score=1.00 skill_leak=0 self_echo=1/3 t=2s [tzip-lite] 'tzip lite activated' | [example-hello] 'world'
[2026-08-23 16:29:36] eval chain-example-to-tzip      score=0.88 skill_leak=0 self_echo=1/3 t=3s [example-hello] 'world' | [tzip-off] 'tzip deactivated'
[2026-08-23 16:29:37] eval chain-tzip-full-to-lite    score=0.75 skill_leak=1 self_echo=0/2 t=2s [tzip-full] 'tzip full activated' | [tzip-lite] 'tzip lite activated'
[2026-08-23 16:29:37] === RESULT (ab4-cand-r0) accuracy=74.22%  skill-message leak=3.45% (1/29 msgs)  self-echo=17.24% (5/29) ===
[2026-08-23 16:29:37]    FAIL example-by                 0.00  skill_leak=0 self_echo=0/1  final='This is an example skill.'
[2026-08-23 16:29:37]    PART example-call-script        0.50  skill_leak=0 self_echo=1/5  final='This is example.sh output.'
[2026-08-23 16:29:37]    OK  example-empty              1.00  skill_leak=0 self_echo=1/2  final='This is an example skill.'
[2026-08-23 16:29:37]    FAIL example-hello-lower        0.00  skill_leak=0 self_echo=0/1  final='This is an example skill.'
[2026-08-23 16:29:37]    OK  example-hello              1.00  skill_leak=0 self_echo=0/2  final='world'
[2026-08-23 16:29:37]    PART example-hi                 0.75  skill_leak=0 self_echo=1/2  final='This is example.sh output.'
[2026-08-23 16:29:37]    FAIL tzip-empty                 0.00  skill_leak=0 self_echo=0/1  final='tzip full activated'
[2026-08-23 16:29:37]    OK  tzip-full                  1.00  skill_leak=0 self_echo=0/1  final='tzip full activated'
[2026-08-23 16:29:37]    OK  tzip-lite                  1.00  skill_leak=0 self_echo=0/1  final='tzip lite activated'
[2026-08-23 16:29:37]    OK  tzip-off                   1.00  skill_leak=0 self_echo=0/1  final='tzip deactivated'
[2026-08-23 16:29:37]    OK  tzip-on                    1.00  skill_leak=0 self_echo=0/1  final='tzip lite activated'
[2026-08-23 16:29:37]    OK  tzip-ultra                 1.00  skill_leak=0 self_echo=0/1  final='tzip ultra activated'
[2026-08-23 16:29:37]    OK  webfetch-plain             1.00  skill_leak=0 self_echo=0/2  final='Example Domain\n\n# Example Domain\n\nThis domain is for use in documentat'
[2026-08-23 16:29:37]    OK  chain-tzip-to-example      1.00  skill_leak=0 self_echo=1/3  final=''
[2026-08-23 16:29:37]    PART chain-example-to-tzip      0.88  skill_leak=0 self_echo=1/3  final=''
[2026-08-23 16:29:37]    PART chain-tzip-full-to-lite    0.75  skill_leak=1 self_echo=0/2  final=''
[2026-08-23 16:29:37] === evaluating pair (ab4-cand-r1) on 13 cases + 3 chains ===
[2026-08-23 16:29:46] eval example-by             score=0.00 (base 0.00) skill_leak=0 self_echo=0/1 t=8s final='This is an example skill.'
[2026-08-23 16:30:20] eval example-call-script    score=0.25 (base 0.25) skill_leak=0 self_echo=4/8 t=35s final='This is example.sh output.'
[2026-08-23 16:31:50] run_pi timeout (attempt 1), retrying
[2026-08-23 16:31:57] eval example-empty          score=1.00 (base 1.00) skill_leak=0 self_echo=0/1 t=97s final='This is an example skill.'
[2026-08-23 16:31:58] eval example-hello-lower    score=0.00 (base 0.00) skill_leak=0 self_echo=0/1 t=1s final='This is an example skill.'
[2026-08-23 16:32:00] eval example-hello          score=0.75 (base 0.75) skill_leak=0 self_echo=1/2 t=2s final='world'
[2026-08-23 16:33:30] run_pi timeout (attempt 1), retrying
[2026-08-23 16:33:34] eval example-hi             score=0.00 (base 0.00) skill_leak=0 self_echo=0/1 t=94s final='This is an example skill.'
[2026-08-23 16:33:37] eval tzip-empty             score=1.00 (base 1.00) skill_leak=0 self_echo=0/1 t=2s final='tzip lite activated'
[2026-08-23 16:33:38] eval tzip-full              score=1.00 (base 1.00) skill_leak=0 self_echo=0/1 t=1s final='tzip full activated'
[2026-08-23 16:33:39] eval tzip-lite              score=1.00 (base 1.00) skill_leak=0 self_echo=0/1 t=1s final='tzip lite activated'
[2026-08-23 16:33:40] eval tzip-off               score=1.00 (base 1.00) skill_leak=0 self_echo=0/1 t=1s final='tzip deactivated'
[2026-08-23 16:35:10] run_pi timeout (attempt 1), retrying
[2026-08-23 16:35:18] eval tzip-on                score=1.00 (base 1.00) skill_leak=0 self_echo=0/1 t=98s final='tzip lite activated'
[2026-08-23 16:35:19] eval tzip-ultra             score=1.00 (base 1.00) skill_leak=0 self_echo=0/1 t=1s final='tzip ultra activated'
[2026-08-23 16:35:22] eval webfetch-plain         score=0.50 (base 0.50) skill_leak=0 self_echo=0/2 t=3s final='Example Domain\n\n# Example Domain\n\nThis domain is for use in '
[2026-08-23 16:35:25] eval chain-tzip-to-example      score=1.00 skill_leak=0 self_echo=1/3 t=2s [tzip-lite] 'tzip lite activated' | [example-hello] 'world'
[2026-08-23 16:35:28] eval chain-example-to-tzip      score=0.88 skill_leak=0 self_echo=1/3 t=3s [example-hello] 'world' | [tzip-off] 'tzip deactivated'
[2026-08-23 16:35:30] eval chain-tzip-full-to-lite    score=0.75 skill_leak=1 self_echo=0/2 t=2s [tzip-full] 'tzip full activated' | [tzip-lite] 'tzip lite activated'
[2026-08-23 16:35:30] === RESULT (ab4-cand-r1) accuracy=69.53%  skill-message leak=3.33% (1/30 msgs)  self-echo=23.33% (7/30) ===
[2026-08-23 16:35:30]    FAIL example-by                 0.00  skill_leak=0 self_echo=0/1  final='This is an example skill.'
[2026-08-23 16:35:30]    PART example-call-script        0.25  skill_leak=0 self_echo=4/8  final='This is example.sh output.'
[2026-08-23 16:35:30]    OK  example-empty              1.00  skill_leak=0 self_echo=0/1  final='This is an example skill.'
[2026-08-23 16:35:30]    FAIL example-hello-lower        0.00  skill_leak=0 self_echo=0/1  final='This is an example skill.'
[2026-08-23 16:35:30]    PART example-hello              0.75  skill_leak=0 self_echo=1/2  final='world'
[2026-08-23 16:35:30]    FAIL example-hi                 0.00  skill_leak=0 self_echo=0/1  final='This is an example skill.'
[2026-08-23 16:35:30]    OK  tzip-empty                 1.00  skill_leak=0 self_echo=0/1  final='tzip lite activated'
[2026-08-23 16:35:30]    OK  tzip-full                  1.00  skill_leak=0 self_echo=0/1  final='tzip full activated'
[2026-08-23 16:35:30]    OK  tzip-lite                  1.00  skill_leak=0 self_echo=0/1  final='tzip lite activated'
[2026-08-23 16:35:30]    OK  tzip-off                   1.00  skill_leak=0 self_echo=0/1  final='tzip deactivated'
[2026-08-23 16:35:30]    OK  tzip-on                    1.00  skill_leak=0 self_echo=0/1  final='tzip lite activated'
[2026-08-23 16:35:30]    OK  tzip-ultra                 1.00  skill_leak=0 self_echo=0/1  final='tzip ultra activated'
[2026-08-23 16:35:30]    PART webfetch-plain             0.50  skill_leak=0 self_echo=0/2  final='Example Domain\n\n# Example Domain\n\nThis domain is for use in documentat'
[2026-08-23 16:35:30]    OK  chain-tzip-to-example      1.00  skill_leak=0 self_echo=1/3  final=''
[2026-08-23 16:35:30]    PART chain-example-to-tzip      0.88  skill_leak=0 self_echo=1/3  final=''
[2026-08-23 16:35:30]    PART chain-tzip-full-to-lite    0.75  skill_leak=1 self_echo=0/2  final=''
[2026-08-23 16:35:30] === evaluating pair (ab4-live-r1) on 13 cases + 3 chains ===
[2026-08-23 16:35:30] pair file updated hash=467f62009f (ask=2078c explain=1610c thinking=1479c)
[2026-08-23 16:37:00] run_pi timeout (attempt 1), retrying
[2026-08-23 16:37:05] eval example-by             score=0.00 (base 0.00) skill_leak=0 self_echo=0/1 t=96s final='This is an example skill.'
[2026-08-23 16:37:13] eval example-call-script    score=0.75 (base 0.75) skill_leak=0 self_echo=1/2 t=7s final='This is example.sh output.'
[2026-08-23 16:38:43] run_pi timeout (attempt 1), retrying
[2026-08-23 16:38:47] eval example-empty          score=1.00 (base 1.00) skill_leak=0 self_echo=0/1 t=94s final='This is an example skill.'
[2026-08-23 16:38:52] eval example-hello-lower    score=0.00 (base 0.00) skill_leak=0 self_echo=1/2 t=5s final='world'
[2026-08-23 16:38:56] eval example-hello          score=1.00 (base 1.00) skill_leak=0 self_echo=1/2 t=4s final='world'
[2026-08-23 16:40:26] run_pi timeout (attempt 1), retrying
[2026-08-23 16:40:29] eval example-hi             score=0.75 (base 0.75) skill_leak=0 self_echo=1/2 t=93s final='This is example.sh output.'
[2026-08-23 16:41:59] run_pi timeout (attempt 1), retrying
[2026-08-23 16:42:02] eval tzip-empty             score=1.00 (base 1.00) skill_leak=0 self_echo=0/1 t=93s final='tzip lite activated'
[2026-08-23 16:43:32] run_pi timeout (attempt 1), retrying
[2026-08-23 16:43:33] eval tzip-full              score=1.00 (base 1.00) skill_leak=0 self_echo=0/1 t=92s final='tzip full activated'
[2026-08-23 16:43:34] eval tzip-lite              score=1.00 (base 1.00) skill_leak=0 self_echo=0/1 t=1s final='tzip lite activated'
[2026-08-23 16:43:35] eval tzip-off               score=1.00 (base 1.00) skill_leak=0 self_echo=0/1 t=1s final='tzip deactivated'
[2026-08-23 16:43:37] eval tzip-on                score=1.00 (base 1.00) skill_leak=0 self_echo=0/1 t=2s final='tzip lite activated'
[2026-08-23 16:45:07] run_pi timeout (attempt 1), retrying
[2026-08-23 16:46:37] eval tzip-ultra: pi timeout
[2026-08-23 16:46:42] eval webfetch-plain         score=0.50 (base 0.50) skill_leak=0 self_echo=1/2 t=5s final='Example Domain\n\n# Example Domain\n\nThis domain is for use in '
[2026-08-23 16:51:42] run_pi_chain failed (TimeoutExpired, attempt 1), retrying
[2026-08-23 16:56:42] eval chain-tzip-to-example: chain failed (TimeoutExpired: Command '['pi', '--mode', 'rpc', '--no-session', '--model', 'llamacpp/LiquidAI/LFM2.5-2.6B', '--thinking', 'high', '--no-tools', '--tools', 'read,write,edit,bash', '--no-skills', '--skill', '../../.ag)
[2026-08-23 16:56:46] eval chain-example-to-tzip      score=1.00 skill_leak=0 self_echo=2/4 t=4s [example-hello] 'world' | [tzip-off] 'tzip deactivated'
[2026-08-23 16:56:48] eval chain-tzip-full-to-lite    score=0.75 skill_leak=1 self_echo=0/2 t=2s [tzip-full] 'tzip full activated' | [tzip-lite] 'tzip lite activated'
[2026-08-23 16:56:48] === RESULT (ab4-live-r1) accuracy=67.19%  skill-message leak=4.35% (1/23 msgs)  self-echo=30.43% (7/23) ===
[2026-08-23 16:56:48]    FAIL example-by                 0.00  skill_leak=0 self_echo=0/1  final='This is an example skill.'
[2026-08-23 16:56:48]    PART example-call-script        0.75  skill_leak=0 self_echo=1/2  final='This is example.sh output.'
[2026-08-23 16:56:48]    OK  example-empty              1.00  skill_leak=0 self_echo=0/1  final='This is an example skill.'
[2026-08-23 16:56:48]    FAIL example-hello-lower        0.00  skill_leak=0 self_echo=1/2  final='world'
[2026-08-23 16:56:48]    OK  example-hello              1.00  skill_leak=0 self_echo=1/2  final='world'
[2026-08-23 16:56:48]    PART example-hi                 0.75  skill_leak=0 self_echo=1/2  final='This is example.sh output.'
[2026-08-23 16:56:48]    OK  tzip-empty                 1.00  skill_leak=0 self_echo=0/1  final='tzip lite activated'
[2026-08-23 16:56:48]    OK  tzip-full                  1.00  skill_leak=0 self_echo=0/1  final='tzip full activated'
[2026-08-23 16:56:48]    OK  tzip-lite                  1.00  skill_leak=0 self_echo=0/1  final='tzip lite activated'
[2026-08-23 16:56:48]    OK  tzip-off                   1.00  skill_leak=0 self_echo=0/1  final='tzip deactivated'
[2026-08-23 16:56:48]    OK  tzip-on                    1.00  skill_leak=0 self_echo=0/1  final='tzip lite activated'
[2026-08-23 16:56:48]    FAIL tzip-ultra                 0.00  skill_leak=0 self_echo=0/0  final=''
[2026-08-23 16:56:48]    PART webfetch-plain             0.50  skill_leak=0 self_echo=1/2  final='Example Domain\n\n# Example Domain\n\nThis domain is for use in documentat'
[2026-08-23 16:56:48]    FAIL chain-tzip-to-example      0.00  skill_leak=0 self_echo=0/0  final=''
[2026-08-23 16:56:48]    OK  chain-example-to-tzip      1.00  skill_leak=0 self_echo=2/4  final=''
[2026-08-23 16:56:48]    PART chain-tzip-full-to-lite    0.75  skill_leak=1 self_echo=0/2  final=''
[2026-08-23 16:56:48] === evaluating pair (ab4-live-r2) on 13 cases + 3 chains ===
[2026-08-23 16:57:01] eval example-by             score=0.00 (base 0.00) skill_leak=1 self_echo=0/1 t=13s final='This is an example skill.'
[2026-08-23 16:57:04] eval example-call-script    score=0.75 (base 0.75) skill_leak=0 self_echo=0/2 t=2s final='This is example.sh output.'
[2026-08-23 16:57:08] eval example-empty          score=1.00 (base 1.00) skill_leak=0 self_echo=0/1 t=5s final='This is an example skill.'
[2026-08-23 16:57:12] eval example-hello-lower    score=0.00 (base 0.00) skill_leak=0 self_echo=1/2 t=3s final='world'
[2026-08-23 16:58:42] run_pi timeout (attempt 1), retrying
[2026-08-23 17:00:12] eval example-hello: pi timeout
[2026-08-23 17:01:42] run_pi timeout (attempt 1), retrying
[2026-08-23 17:01:46] eval example-hi             score=0.50 (base 0.50) skill_leak=0 self_echo=2/3 t=94s final='This is example.sh output.'
[2026-08-23 17:03:16] run_pi timeout (attempt 1), retrying
[2026-08-23 17:03:22] eval tzip-empty             score=0.50 (base 1.00) skill_leak=1 self_echo=0/1 t=96s final='tzip lite activated'
[2026-08-23 17:03:23] eval tzip-full              score=1.00 (base 1.00) skill_leak=0 self_echo=0/1 t=1s final='tzip full activated'
[2026-08-23 17:03:24] eval tzip-lite              score=1.00 (base 1.00) skill_leak=0 self_echo=0/1 t=1s final='tzip lite activated'
[2026-08-23 17:03:26] eval tzip-off               score=1.00 (base 1.00) skill_leak=0 self_echo=0/1 t=1s final='tzip deactivated'
[2026-08-23 17:03:27] eval tzip-on                score=1.00 (base 1.00) skill_leak=0 self_echo=0/1 t=2s final='tzip lite activated'
[2026-08-23 17:04:57] run_pi timeout (attempt 1), retrying
[2026-08-23 17:04:58] eval tzip-ultra             score=1.00 (base 1.00) skill_leak=0 self_echo=0/1 t=91s final='tzip ultra activated'
[2026-08-23 17:05:04] eval webfetch-plain         score=0.50 (base 0.50) skill_leak=0 self_echo=0/2 t=6s final='Example Domain\n\n# Example Domain\n\nThis domain is for use in '
[2026-08-23 17:05:07] eval chain-tzip-to-example      score=1.00 skill_leak=0 self_echo=1/3 t=3s [tzip-lite] 'tzip lite activated' | [example-hello] 'world'
[2026-08-23 17:10:07] run_pi_chain failed (TimeoutExpired, attempt 1), retrying
[2026-08-23 17:10:13] eval chain-example-to-tzip      score=0.88 skill_leak=0 self_echo=1/4 t=306s [example-hello] 'world' | [tzip-off] 'tzip deactivated'
[2026-08-23 17:10:15] eval chain-tzip-full-to-lite    score=0.75 skill_leak=1 self_echo=0/2 t=2s [tzip-full] 'tzip full activated' | [tzip-lite] 'tzip lite activated'
[2026-08-23 17:10:15] === RESULT (ab4-live-r2) accuracy=67.97%  skill-message leak=11.54% (3/26 msgs)  self-echo=19.23% (5/26) ===
[2026-08-23 17:10:15]    FAIL example-by                 0.00  skill_leak=1 self_echo=0/1  final='This is an example skill.'
[2026-08-23 17:10:15]    PART example-call-script        0.75  skill_leak=0 self_echo=0/2  final='This is example.sh output.'
[2026-08-23 17:10:15]    OK  example-empty              1.00  skill_leak=0 self_echo=0/1  final='This is an example skill.'
[2026-08-23 17:10:15]    FAIL example-hello-lower        0.00  skill_leak=0 self_echo=1/2  final='world'
[2026-08-23 17:10:15]    FAIL example-hello              0.00  skill_leak=0 self_echo=0/0  final=''
[2026-08-23 17:10:15]    PART example-hi                 0.50  skill_leak=0 self_echo=2/3  final='This is example.sh output.'
[2026-08-23 17:10:15]    PART tzip-empty                 0.50  skill_leak=1 self_echo=0/1  final='tzip lite activated'
[2026-08-23 17:10:15]    OK  tzip-full                  1.00  skill_leak=0 self_echo=0/1  final='tzip full activated'
[2026-08-23 17:10:15]    OK  tzip-lite                  1.00  skill_leak=0 self_echo=0/1  final='tzip lite activated'
[2026-08-23 17:10:15]    OK  tzip-off                   1.00  skill_leak=0 self_echo=0/1  final='tzip deactivated'
[2026-08-23 17:10:15]    OK  tzip-on                    1.00  skill_leak=0 self_echo=0/1  final='tzip lite activated'
[2026-08-23 17:10:15]    OK  tzip-ultra                 1.00  skill_leak=0 self_echo=0/1  final='tzip ultra activated'
[2026-08-23 17:10:15]    PART webfetch-plain             0.50  skill_leak=0 self_echo=0/2  final='Example Domain\n\n# Example Domain\n\nThis domain is for use in documentat'
[2026-08-23 17:10:15]    OK  chain-tzip-to-example      1.00  skill_leak=0 self_echo=1/3  final=''
[2026-08-23 17:10:15]    PART chain-example-to-tzip      0.88  skill_leak=0 self_echo=1/4  final=''
[2026-08-23 17:10:15]    PART chain-tzip-full-to-lite    0.75  skill_leak=1 self_echo=0/2  final=''
[2026-08-23 17:10:15] === evaluating pair (ab4-cand-r2) on 13 cases + 3 chains ===
[2026-08-23 17:10:15] pair file updated hash=dd5d379625 (ask=1431c explain=842c thinking=1055c)
[2026-08-23 17:10:28] eval example-by             score=0.00 (base 0.00) skill_leak=0 self_echo=1/2 t=13s final='This is an example skill.'
[2026-08-23 17:10:46] eval example-call-script    score=0.25 (base 0.25) skill_leak=0 self_echo=2/5 t=18s final='This is example.sh output.'
[2026-08-23 17:10:52] eval example-empty          score=1.00 (base 1.00) skill_leak=0 self_echo=1/2 t=6s final='This is an example skill.'
[2026-08-23 17:10:52] eval example-hello-lower    score=0.00 (base 0.00) skill_leak=0 self_echo=0/1 t=1s final='This is an example skill.'
[2026-08-23 17:12:23] run_pi timeout (attempt 1), retrying
[2026-08-23 17:12:25] eval example-hello          score=0.75 (base 0.75) skill_leak=0 self_echo=1/2 t=92s final='world'
[2026-08-23 17:12:30] eval example-hi             score=0.75 (base 0.75) skill_leak=0 self_echo=1/2 t=5s final='This is example.sh output.'
[2026-08-23 17:14:00] run_pi timeout (attempt 1), retrying
[2026-08-23 17:14:07] eval tzip-empty             score=1.00 (base 1.00) skill_leak=0 self_echo=0/1 t=97s final='tzip lite activated'
[2026-08-23 17:14:08] eval tzip-full              score=1.00 (base 1.00) skill_leak=0 self_echo=0/1 t=1s final='tzip full activated'
[2026-08-23 17:14:09] eval tzip-lite              score=1.00 (base 1.00) skill_leak=0 self_echo=0/1 t=1s final='tzip lite activated'
[2026-08-23 17:14:11] eval tzip-off               score=1.00 (base 1.00) skill_leak=0 self_echo=0/1 t=1s final='tzip deactivated'
[2026-08-23 17:15:41] run_pi timeout (attempt 1), retrying
[2026-08-23 17:17:11] eval tzip-on: pi timeout
[2026-08-23 17:17:12] eval tzip-ultra             score=1.00 (base 1.00) skill_leak=0 self_echo=0/1 t=1s final='tzip ultra activated'
[2026-08-23 17:17:21] eval webfetch-plain         score=1.00 (base 1.00) skill_leak=0 self_echo=1/2 t=9s final='Example Domain\n\n# Example Domain\n\nThis domain is for use in '
[2026-08-23 17:22:21] run_pi_chain failed (TimeoutExpired, attempt 1), retrying
[2026-08-23 17:22:23] eval chain-tzip-to-example      score=1.00 skill_leak=0 self_echo=1/3 t=302s [tzip-lite] 'tzip lite activated' | [example-hello] 'world'
[2026-08-23 17:27:23] run_pi_chain failed (TimeoutExpired, attempt 1), retrying
[2026-08-23 17:27:27] eval chain-example-to-tzip      score=0.88 skill_leak=0 self_echo=1/3 t=303s [example-hello] 'world' | [tzip-off] 'tzip deactivated'
[2026-08-23 17:27:28] eval chain-tzip-full-to-lite    score=0.75 skill_leak=1 self_echo=0/2 t=2s [tzip-full] 'tzip full activated' | [tzip-lite] 'tzip lite activated'
[2026-08-23 17:27:28] === RESULT (ab4-cand-r2) accuracy=71.09%  skill-message leak=3.45% (1/29 msgs)  self-echo=31.03% (9/29) ===
[2026-08-23 17:27:28]    FAIL example-by                 0.00  skill_leak=0 self_echo=1/2  final='This is an example skill.'
[2026-08-23 17:27:28]    PART example-call-script        0.25  skill_leak=0 self_echo=2/5  final='This is example.sh output.'
[2026-08-23 17:27:28]    OK  example-empty              1.00  skill_leak=0 self_echo=1/2  final='This is an example skill.'
[2026-08-23 17:27:28]    FAIL example-hello-lower        0.00  skill_leak=0 self_echo=0/1  final='This is an example skill.'
[2026-08-23 17:27:28]    PART example-hello              0.75  skill_leak=0 self_echo=1/2  final='world'
[2026-08-23 17:27:28]    PART example-hi                 0.75  skill_leak=0 self_echo=1/2  final='This is example.sh output.'
[2026-08-23 17:27:28]    OK  tzip-empty                 1.00  skill_leak=0 self_echo=0/1  final='tzip lite activated'
[2026-08-23 17:27:28]    OK  tzip-full                  1.00  skill_leak=0 self_echo=0/1  final='tzip full activated'
[2026-08-23 17:27:28]    OK  tzip-lite                  1.00  skill_leak=0 self_echo=0/1  final='tzip lite activated'
[2026-08-23 17:27:28]    OK  tzip-off                   1.00  skill_leak=0 self_echo=0/1  final='tzip deactivated'
[2026-08-23 17:27:28]    FAIL tzip-on                    0.00  skill_leak=0 self_echo=0/0  final=''
[2026-08-23 17:27:28]    OK  tzip-ultra                 1.00  skill_leak=0 self_echo=0/1  final='tzip ultra activated'
[2026-08-23 17:27:28]    OK  webfetch-plain             1.00  skill_leak=0 self_echo=1/2  final='Example Domain\n\n# Example Domain\n\nThis domain is for use in documentat'
[2026-08-23 17:27:28]    OK  chain-tzip-to-example      1.00  skill_leak=0 self_echo=1/3  final=''
[2026-08-23 17:27:28]    PART chain-example-to-tzip      0.88  skill_leak=0 self_echo=1/3  final=''
[2026-08-23 17:27:28]    PART chain-tzip-full-to-lite    0.75  skill_leak=1 self_echo=0/2  final=''
[2026-08-23 17:32:48] ### train.py optimize started (run_id=0823-173248-1249032, python=3.14.7)
[2026-08-23 17:32:48] seed pair: explain='A skill block is a task you execute, not a question you answer. I read the block name, the Usage rul'... thinking='The user asks how I handle a skill block, which is a task to execute rather than a question to answe'...
[2026-08-23 17:32:48] === evaluating pair (seed-baseline) on 13 cases + 3 chains ===
[2026-08-23 17:32:48] pair file updated hash=dd5d379625 (ask=1431c explain=842c thinking=1055c)
[2026-08-23 17:32:58] eval example-by             score=0.75 (base 0.75) skill_leak=0 self_echo=1/2 t=10s final='This is example.sh output.'
[2026-08-23 17:34:28] run_pi timeout (attempt 1), retrying
[2026-08-23 17:35:58] eval example-call-script: pi timeout
[2026-08-23 17:36:12] eval example-empty          score=1.00 (base 1.00) skill_leak=0 self_echo=1/2 t=14s final='This is an example skill.'
[2026-08-23 17:36:13] eval example-hello-lower    score=0.00 (base 0.00) skill_leak=0 self_echo=0/1 t=1s final='This is an example skill.'
[2026-08-23 17:36:18] eval example-hello          score=0.75 (base 0.75) skill_leak=0 self_echo=1/2 t=5s final='world'
[2026-08-23 17:36:26] eval example-hi             score=0.50 (base 0.50) skill_leak=0 self_echo=2/3 t=8s final='This is example.sh output.'
[2026-08-23 17:37:57] run_pi timeout (attempt 1), retrying
[2026-08-23 17:38:10] eval tzip-empty             score=1.00 (base 1.00) skill_leak=0 self_echo=0/1 t=104s final='tzip lite activated'
[2026-08-23 17:38:12] eval tzip-full              score=1.00 (base 1.00) skill_leak=0 self_echo=0/1 t=1s final='tzip full activated'
[2026-08-23 17:38:13] eval tzip-lite              score=1.00 (base 1.00) skill_leak=0 self_echo=0/1 t=2s final='tzip lite activated'
[2026-08-23 17:38:15] eval tzip-off               score=1.00 (base 1.00) skill_leak=0 self_echo=0/1 t=1s final='tzip deactivated'
[2026-08-23 17:38:17] eval tzip-on                score=1.00 (base 1.00) skill_leak=0 self_echo=0/1 t=3s final='tzip lite activated'
[2026-08-23 17:39:48] run_pi timeout (attempt 1), retrying
[2026-08-23 17:39:49] eval tzip-ultra             score=1.00 (base 1.00) skill_leak=0 self_echo=0/1 t=91s final='tzip ultra activated'
[2026-08-23 17:39:53] eval webfetch-plain         score=0.50 (base 0.50) skill_leak=0 self_echo=0/2 t=4s final='Example Domain\n\n# Example Domain\n\nThis domain is for use in '
[2026-08-23 17:44:53] run_pi_chain failed (TimeoutExpired, attempt 1), retrying
[2026-08-23 17:44:55] eval chain-tzip-to-example      score=1.00 skill_leak=0 self_echo=1/3 t=303s [tzip-lite] 'tzip lite activated' | [example-hello] 'world'
[2026-08-23 17:44:58] eval chain-example-to-tzip      score=0.88 skill_leak=0 self_echo=1/3 t=2s [example-hello] 'world' | [tzip-off] 'tzip deactivated'
[2026-08-23 17:44:59] eval chain-tzip-full-to-lite    score=0.75 skill_leak=1 self_echo=0/2 t=2s [tzip-full] 'tzip full activated' | [tzip-lite] 'tzip lite activated'
[2026-08-23 17:44:59] === RESULT (seed-baseline) accuracy=75.78%  skill-message leak=3.85% (1/26 msgs)  self-echo=26.92% (7/26) ===
[2026-08-23 17:44:59]    PART example-by                 0.75  skill_leak=0 self_echo=1/2  final='This is example.sh output.'
[2026-08-23 17:44:59]    FAIL example-call-script        0.00  skill_leak=0 self_echo=0/0  final=''
[2026-08-23 17:44:59]    OK  example-empty              1.00  skill_leak=0 self_echo=1/2  final='This is an example skill.'
[2026-08-23 17:44:59]    FAIL example-hello-lower        0.00  skill_leak=0 self_echo=0/1  final='This is an example skill.'
[2026-08-23 17:44:59]    PART example-hello              0.75  skill_leak=0 self_echo=1/2  final='world'
[2026-08-23 17:44:59]    PART example-hi                 0.50  skill_leak=0 self_echo=2/3  final='This is example.sh output.'
[2026-08-23 17:44:59]    OK  tzip-empty                 1.00  skill_leak=0 self_echo=0/1  final='tzip lite activated'
[2026-08-23 17:44:59]    OK  tzip-full                  1.00  skill_leak=0 self_echo=0/1  final='tzip full activated'
[2026-08-23 17:44:59]    OK  tzip-lite                  1.00  skill_leak=0 self_echo=0/1  final='tzip lite activated'
[2026-08-23 17:44:59]    OK  tzip-off                   1.00  skill_leak=0 self_echo=0/1  final='tzip deactivated'
[2026-08-23 17:44:59]    OK  tzip-on                    1.00  skill_leak=0 self_echo=0/1  final='tzip lite activated'
[2026-08-23 17:44:59]    OK  tzip-ultra                 1.00  skill_leak=0 self_echo=0/1  final='tzip ultra activated'
[2026-08-23 17:44:59]    PART webfetch-plain             0.50  skill_leak=0 self_echo=0/2  final='Example Domain\n\n# Example Domain\n\nThis domain is for use in documentat'
[2026-08-23 17:44:59]    OK  chain-tzip-to-example      1.00  skill_leak=0 self_echo=1/3  final=''
[2026-08-23 17:44:59]    PART chain-example-to-tzip      0.88  skill_leak=0 self_echo=1/3  final=''
[2026-08-23 17:44:59]    PART chain-tzip-full-to-lite    0.75  skill_leak=1 self_echo=0/2  final=''
[2026-08-23 17:45:00] starting GEPA: run_dir=/home/mtasic/projects-b/pi-slm/optim/skills-usage-7/runs/gepa-0823-173248-1249032 max_metric_calls=192 optimization examples=16 (full eval set=13 cases + 3 chains) reflection_lm=Qwen/Qwen3.8-27B (thinking off, callable wrapper)
[2026-08-23 17:45:20] eval example-by             score=0.00 (base 0.00) skill_leak=0 self_echo=0/1 t=21.0s  final='The message contains only the `example` skill definition and'
[2026-08-23 17:45:27] eval example-call-script    score=0.75 (base 0.75) skill_leak=0 self_echo=1/2 t=6.5s  final='The skill `example` was invoked with the argument "call scri'
[2026-08-23 17:45:32] eval example-empty          score=1.00 (base 1.00) skill_leak=0 self_echo=1/2 t=5.3s  final='This is an example skill.'
[2026-08-23 17:45:33] eval example-hello-lower    score=0.00 (base 0.00) skill_leak=0 self_echo=0/1 t=0.9s  final='This is an example skill.'
[2026-08-23 17:47:03] run_pi timeout (attempt 1), retrying
[2026-08-23 17:47:05] eval example-hello          score=0.75 (base 0.75) skill_leak=0 self_echo=1/2 t=91.8s  final='world'
[2026-08-23 17:47:11] eval example-hi             score=0.00 (base 0.00) skill_leak=0 self_echo=0/1 t=6.4s  final='This is an example skill.'
[2026-08-23 17:47:14] eval tzip-empty             score=1.00 (base 1.00) skill_leak=0 self_echo=0/1 t=2.8s  final='tzip lite activated'
[2026-08-23 17:47:15] eval tzip-full              score=1.00 (base 1.00) skill_leak=0 self_echo=0/1 t=1.0s  final='tzip full activated'
[2026-08-23 17:47:16] eval tzip-lite              score=1.00 (base 1.00) skill_leak=0 self_echo=0/1 t=1.2s  final='tzip lite activated'
[2026-08-23 17:48:46] run_pi timeout (attempt 1), retrying
[2026-08-23 17:48:47] eval tzip-off               score=1.00 (base 1.00) skill_leak=0 self_echo=0/1 t=91.1s  final='tzip deactivated'
[2026-08-23 17:50:18] run_pi timeout (attempt 1), retrying
[2026-08-23 17:50:19] eval tzip-on                score=1.00 (base 1.00) skill_leak=0 self_echo=0/1 t=91.5s  final='tzip lite activated'
[2026-08-23 17:50:20] eval tzip-ultra             score=1.00 (base 1.00) skill_leak=0 self_echo=0/1 t=1.2s  final='tzip ultra activated'
[2026-08-23 17:50:23] eval webfetch-plain         score=0.50 (base 0.50) skill_leak=0 self_echo=0/2 t=2.6s  final='Example Domain\n\n# Example Domain\n\nThis domain is for use in '
[2026-08-23 17:50:25] eval chain-tzip-to-example [tzip-lite] base=1.00 skill_leak=0 self_echo=0/1 final='tzip lite activated'
[2026-08-23 17:50:25] eval chain-tzip-to-example [example-hello] base=1.00 skill_leak=0 self_echo=1/2 final='world'
[2026-08-23 17:50:25] eval chain-tzip-to-example      score=1.00 t=2.2s
[2026-08-23 17:55:25] run_pi_chain failed (TimeoutExpired, attempt 1), retrying
[2026-08-23 17:55:28] eval chain-example-to-tzip [example-hello] base=0.75 skill_leak=0 self_echo=1/2 final='world'
[2026-08-23 17:55:28] eval chain-example-to-tzip [tzip-off] base=1.00 skill_leak=0 self_echo=0/1 final='tzip deactivated'
[2026-08-23 17:55:28] eval chain-example-to-tzip      score=0.88 t=302.8s
[2026-08-23 17:55:30] eval chain-tzip-full-to-lite [tzip-full] base=1.00 skill_leak=0 self_echo=0/1 final='tzip full activated'
[2026-08-23 17:55:30] eval chain-tzip-full-to-lite [tzip-lite] base=1.00 skill_leak=1 self_echo=0/1 final='tzip lite activated'
[2026-08-23 17:55:30] eval chain-tzip-full-to-lite    score=0.75 t=1.8s
[2026-08-23 17:55:34] eval example-empty          score=1.00 (base 1.00) skill_leak=0 self_echo=1/2 t=4.7s  final='This is an example skill.'
[2026-08-23 17:55:37] eval chain-example-to-tzip [example-hello] base=0.75 skill_leak=0 self_echo=1/2 final='world'
[2026-08-23 17:55:37] eval chain-example-to-tzip [tzip-off] base=1.00 skill_leak=0 self_echo=0/1 final='tzip deactivated'
[2026-08-23 17:55:37] eval chain-example-to-tzip      score=0.88 t=2.5s
[2026-08-23 17:55:38] eval example-hello-lower    score=0.00 (base 0.00) skill_leak=0 self_echo=0/1 t=0.9s  final='This is an example skill.'
[2026-08-23 17:55:49] pair file updated hash=8dcc4ce47a (ask=2127c explain=842c thinking=1055c)
[2026-08-23 17:55:54] eval example-empty          score=0.50 (base 1.00) skill_leak=1 self_echo=0/1 t=4.3s  final='This is an example skill.'
[2026-08-23 17:55:55] eval chain-example-to-tzip [example-hello] base=0.00 skill_leak=0 self_echo=0/1 final='This is an example skill.'
[2026-08-23 17:55:55] eval chain-example-to-tzip [tzip-off] base=1.00 skill_leak=0 self_echo=0/1 final='tzip deactivated'
[2026-08-23 17:55:55] eval chain-example-to-tzip      score=0.50 t=1.7s
[2026-08-23 17:57:26] run_pi timeout (attempt 1), retrying
[2026-08-23 17:57:27] eval example-hello-lower    score=0.00 (base 0.00) skill_leak=0 self_echo=0/1 t=91.4s  final='This is an example skill.'
[2026-08-23 17:57:27] pair file updated hash=dd5d379625 (ask=1431c explain=842c thinking=1055c)
[2026-08-23 17:57:33] eval webfetch-plain         score=1.00 (base 1.00) skill_leak=0 self_echo=0/2 t=6.1s  final='Example Domain\n\n# Example Domain\n\nThis domain is for use in '
[2026-08-23 17:57:41] eval tzip-on                score=1.00 (base 1.00) skill_leak=0 self_echo=0/1 t=8.4s  final='tzip lite activated'
[2026-08-23 17:57:46] eval example-call-script    score=0.75 (base 0.75) skill_leak=0 self_echo=1/6 t=4.8s  final='This is example.sh output.'
[2026-08-23 17:57:57] pair file updated hash=67b448248b (ask=1431c explain=1864c thinking=1055c)
[2026-08-23 17:58:04] eval webfetch-plain         score=1.00 (base 1.00) skill_leak=0 self_echo=0/2 t=7.0s  final='Example Domain\n\n# Example Domain\n\nThis domain is for use in '
[2026-08-23 17:59:34] run_pi timeout (attempt 1), retrying
[2026-08-23 18:01:05] eval tzip-on: pi timeout
[2026-08-23 18:01:11] eval example-call-script    score=0.25 (base 0.25) skill_leak=0 self_echo=1/2 t=6.5s  final='This is example.sh output.'
[2026-08-23 18:01:11] pair file updated hash=dd5d379625 (ask=1431c explain=842c thinking=1055c)
[2026-08-23 18:01:12] eval tzip-off               score=1.00 (base 1.00) skill_leak=0 self_echo=0/1 t=1.2s  final='tzip deactivated'
[2026-08-23 18:01:26] eval example-hi             score=0.50 (base 0.50) skill_leak=0 self_echo=2/3 t=14.0s  final='This is example.sh output.'
[2026-08-23 18:01:28] eval tzip-ultra             score=1.00 (base 1.00) skill_leak=0 self_echo=0/1 t=1.6s  final='tzip ultra activated'
[2026-08-23 18:01:40] pair file updated hash=65d6098f6c (ask=1431c explain=842c thinking=783c)
[2026-08-23 18:01:41] eval tzip-off               score=1.00 (base 1.00) skill_leak=0 self_echo=0/1 t=1.6s  final='tzip deactivated'
[2026-08-23 18:01:47] eval example-hi             score=0.50 (base 0.50) skill_leak=0 self_echo=2/3 t=5.2s  final='This is example.sh output.'
[2026-08-23 18:03:17] run_pi timeout (attempt 1), retrying
[2026-08-23 18:04:47] eval tzip-ultra: pi timeout
[2026-08-23 18:04:47] pair file updated hash=dd5d379625 (ask=1431c explain=842c thinking=1055c)
[2026-08-23 18:04:49] eval chain-tzip-full-to-lite [tzip-full] base=1.00 skill_leak=0 self_echo=0/1 final='tzip full activated'
[2026-08-23 18:04:49] eval chain-tzip-full-to-lite [tzip-lite] base=1.00 skill_leak=1 self_echo=0/1 final='tzip lite activated'
[2026-08-23 18:04:49] eval chain-tzip-full-to-lite    score=0.75 t=1.9s
[2026-08-23 18:06:19] run_pi timeout (attempt 1), retrying
[2026-08-23 18:06:23] eval tzip-empty             score=1.00 (base 1.00) skill_leak=0 self_echo=0/1 t=94.4s  final='tzip lite activated'
[2026-08-23 18:06:25] eval tzip-full              score=1.00 (base 1.00) skill_leak=0 self_echo=0/1 t=1.6s  final='tzip full activated'
[2026-08-23 18:06:32] pair file updated hash=d6ac284121 (ask=1421c explain=842c thinking=1055c)
[2026-08-23 18:11:32] run_pi_chain failed (TimeoutExpired, attempt 1), retrying
[2026-08-23 18:11:34] eval chain-tzip-full-to-lite [tzip-full] base=1.00 skill_leak=0 self_echo=0/1 final='tzip full activated'
[2026-08-23 18:11:34] eval chain-tzip-full-to-lite [tzip-lite] base=1.00 skill_leak=1 self_echo=0/1 final='tzip lite activated'
[2026-08-23 18:11:34] eval chain-tzip-full-to-lite    score=0.75 t=302.1s
[2026-08-23 18:11:39] eval tzip-empty             score=1.00 (base 1.00) skill_leak=0 self_echo=0/1 t=5.2s  final='tzip lite activated'
[2026-08-23 18:13:09] run_pi timeout (attempt 1), retrying
[2026-08-23 18:13:11] eval tzip-full              score=1.00 (base 1.00) skill_leak=0 self_echo=0/1 t=91.5s  final='tzip full activated'
[2026-08-23 18:13:11] pair file updated hash=dd5d379625 (ask=1431c explain=842c thinking=1055c)
[2026-08-23 18:13:12] eval tzip-lite              score=1.00 (base 1.00) skill_leak=0 self_echo=0/1 t=1.3s  final='tzip lite activated'
[2026-08-23 18:14:42] run_pi timeout (attempt 1), retrying
[2026-08-23 18:14:44] eval example-hello          score=0.75 (base 0.75) skill_leak=0 self_echo=1/2 t=92.5s  final='world'
[2026-08-23 18:14:52] eval example-by             score=0.00 (base 0.00) skill_leak=0 self_echo=0/1 t=7.7s  final='This is an example skill.'
[2026-08-23 18:15:04] pair file updated hash=55f7f96ebd (ask=1431c explain=3053c thinking=1055c)
[2026-08-23 18:16:34] run_pi timeout (attempt 1), retrying
[2026-08-23 18:16:36] eval tzip-lite              score=1.00 (base 1.00) skill_leak=0 self_echo=0/1 t=91.9s  final='tzip lite activated'
[2026-08-23 18:16:38] eval example-hello          score=0.75 (base 0.75) skill_leak=0 self_echo=1/2 t=2.4s  final='world'
[2026-08-23 18:16:52] eval example-by             score=0.25 (base 0.50) skill_leak=1 self_echo=2/3 t=14.0s  final='This is example.sh output.'
[2026-08-23 18:16:55] eval example-by             score=0.00 (base 0.00) skill_leak=0 self_echo=0/1 t=2.9s  final='```\nThis is an example skill.\n```'
[2026-08-23 18:17:12] eval example-call-script    score=0.25 (base 0.25) skill_leak=0 self_echo=3/6 t=17.5s  final='This is example.sh output.'
[2026-08-23 18:17:16] eval example-empty          score=0.50 (base 0.50) skill_leak=0 self_echo=0/1 t=3.8s  final='```\nThe current message contains only the "example" skill de'
[2026-08-23 18:18:46] run_pi timeout (attempt 1), retrying
[2026-08-23 18:18:56] eval example-hello-lower    score=0.25 (base 0.25) skill_leak=0 self_echo=1/4 t=99.5s  final='This is example.sh output.'
[2026-08-23 18:18:58] eval example-hello          score=0.75 (base 0.75) skill_leak=0 self_echo=1/2 t=2.1s  final='world'
[2026-08-23 18:19:02] eval example-hi             score=0.00 (base 0.00) skill_leak=0 self_echo=0/1 t=3.8s  final='```\nThis is an example skill.\n```'
[2026-08-23 18:20:32] run_pi timeout (attempt 1), retrying
[2026-08-23 18:20:34] eval tzip-empty             score=0.50 (base 1.00) skill_leak=1 self_echo=0/1 t=92.2s  final='tzip lite activated'
[2026-08-23 18:20:35] eval tzip-full              score=1.00 (base 1.00) skill_leak=0 self_echo=0/1 t=1.2s  final='tzip full activated'
[2026-08-23 18:20:36] eval tzip-lite              score=1.00 (base 1.00) skill_leak=0 self_echo=0/1 t=1.1s  final='tzip lite activated'
[2026-08-23 18:20:37] eval tzip-off               score=1.00 (base 1.00) skill_leak=0 self_echo=0/1 t=1.2s  final='tzip deactivated'
[2026-08-23 18:20:39] eval tzip-on                score=1.00 (base 1.00) skill_leak=0 self_echo=0/1 t=1.5s  final='tzip lite activated'
[2026-08-23 18:22:09] run_pi timeout (attempt 1), retrying
[2026-08-23 18:22:10] eval tzip-ultra             score=1.00 (base 1.00) skill_leak=0 self_echo=0/1 t=91.3s  final='tzip ultra activated'
[2026-08-23 18:22:16] eval webfetch-plain         score=0.50 (base 0.50) skill_leak=0 self_echo=1/2 t=5.2s  final='Example Domain\n\n# Example Domain\n\nThis domain is for use in '
[2026-08-23 18:22:18] eval chain-tzip-to-example [tzip-lite] base=1.00 skill_leak=0 self_echo=0/1 final='tzip lite activated'
[2026-08-23 18:22:18] eval chain-tzip-to-example [example-hello] base=1.00 skill_leak=0 self_echo=1/2 final='world'
[2026-08-23 18:22:18] eval chain-tzip-to-example      score=1.00 t=2.5s
[2026-08-23 18:22:21] eval chain-example-to-tzip [example-hello] base=0.75 skill_leak=0 self_echo=1/2 final='world'
[2026-08-23 18:22:21] eval chain-example-to-tzip [tzip-off] base=1.00 skill_leak=0 self_echo=0/1 final='tzip deactivated'
[2026-08-23 18:22:21] eval chain-example-to-tzip      score=0.88 t=2.6s
[2026-08-23 18:22:22] eval chain-tzip-full-to-lite [tzip-full] base=1.00 skill_leak=0 self_echo=0/1 final='tzip full activated'
[2026-08-23 18:22:22] eval chain-tzip-full-to-lite [tzip-lite] base=1.00 skill_leak=1 self_echo=0/1 final='tzip lite activated'
[2026-08-23 18:22:22] eval chain-tzip-full-to-lite    score=0.75 t=1.5s
[2026-08-23 18:22:22] pair file updated hash=dd5d379625 (ask=1431c explain=842c thinking=1055c)
[2026-08-23 18:27:22] run_pi_chain failed (TimeoutExpired, attempt 1), retrying
[2026-08-23 18:27:25] eval chain-tzip-to-example [tzip-lite] base=1.00 skill_leak=0 self_echo=0/1 final='tzip lite activated'
[2026-08-23 18:27:25] eval chain-tzip-to-example [example-hello] base=1.00 skill_leak=0 self_echo=1/2 final='world'
[2026-08-23 18:27:25] eval chain-tzip-to-example      score=1.00 t=302.6s
[2026-08-23 18:27:27] eval chain-tzip-to-example [tzip-lite] base=1.00 skill_leak=0 self_echo=0/1 final='tzip lite activated'
[2026-08-23 18:27:27] eval chain-tzip-to-example [example-hello] base=1.00 skill_leak=0 self_echo=1/2 final='world'
[2026-08-23 18:27:27] eval chain-tzip-to-example      score=1.00 t=2.1s
[2026-08-23 18:27:31] eval example-by             score=0.00 (base 0.00) skill_leak=0 self_echo=0/1 t=4.7s  final='This is an example skill.'
[2026-08-23 18:27:40] pair file updated hash=38f12583f4 (ask=1431c explain=842c thinking=837c)
[2026-08-23 18:27:43] eval chain-tzip-to-example [tzip-lite] base=1.00 skill_leak=0 self_echo=0/1 final='tzip lite activated'
[2026-08-23 18:27:43] eval chain-tzip-to-example [example-hello] base=1.00 skill_leak=0 self_echo=1/2 final='world'
[2026-08-23 18:27:43] eval chain-tzip-to-example      score=1.00 t=2.7s
[2026-08-23 18:27:45] eval chain-tzip-to-example [tzip-lite] base=1.00 skill_leak=0 self_echo=0/1 final='tzip lite activated'
[2026-08-23 18:27:45] eval chain-tzip-to-example [example-hello] base=1.00 skill_leak=0 self_echo=2/3 final='world'
[2026-08-23 18:27:45] eval chain-tzip-to-example      score=1.00 t=2.6s
[2026-08-23 18:27:54] eval example-by             score=0.00 (base 0.00) skill_leak=0 self_echo=0/1 t=9.1s  final='This is an example skill.'
[2026-08-23 18:27:54] pair file updated hash=55f7f96ebd (ask=1431c explain=3053c thinking=1055c)
[2026-08-23 18:29:24] run_pi timeout (attempt 1), retrying
[2026-08-23 18:29:35] eval example-by             score=1.00 (base 1.00) skill_leak=0 self_echo=0/4 t=100.3s  final='The example skill has been executed. It ran `example.sh` wit'
[2026-08-23 18:29:37] eval tzip-empty             score=0.50 (base 1.00) skill_leak=1 self_echo=0/1 t=2.4s  final='tzip lite activated'
[2026-08-23 18:29:40] eval webfetch-plain         score=0.50 (base 0.50) skill_leak=0 self_echo=0/2 t=2.8s  final='Example Domain\n\n# Example Domain\n\nThis domain is for use in '
[2026-08-23 18:29:49] pair file updated hash=39ce60e0b5 (ask=1431c explain=3053c thinking=735c)
[2026-08-23 18:31:19] run_pi timeout (attempt 1), retrying
[2026-08-23 18:31:28] eval example-by             score=0.00 (base 0.00) skill_leak=0 self_echo=0/1 t=99.6s  final='```\nThis is an example skill.\n```'
[2026-08-23 18:31:30] eval tzip-empty             score=1.00 (base 1.00) skill_leak=0 self_echo=0/1 t=2.1s  final='tzip lite activated'
[2026-08-23 18:33:00] run_pi timeout (attempt 1), retrying
[2026-08-23 18:33:04] eval webfetch-plain         score=0.50 (base 0.50) skill_leak=0 self_echo=0/2 t=93.8s  final='Example Domain\n\n# Example Domain\n\nThis domain is for use in '
[2026-08-23 18:33:04] pair file updated hash=dd5d379625 (ask=1431c explain=842c thinking=1055c)
[2026-08-23 18:33:06] eval tzip-off               score=1.00 (base 1.00) skill_leak=0 self_echo=0/1 t=1.5s  final='tzip deactivated'
[2026-08-23 18:33:08] eval example-hello          score=0.75 (base 0.75) skill_leak=0 self_echo=1/2 t=2.2s  final='world'
[2026-08-23 18:33:10] eval chain-tzip-full-to-lite [tzip-full] base=1.00 skill_leak=0 self_echo=0/1 final='tzip full activated'
[2026-08-23 18:33:10] eval chain-tzip-full-to-lite [tzip-lite] base=1.00 skill_leak=1 self_echo=0/1 final='tzip lite activated'
[2026-08-23 18:33:10] eval chain-tzip-full-to-lite    score=0.75 t=1.9s
[2026-08-23 18:33:22] pair file updated hash=c325b5ccd7 (ask=2157c explain=842c thinking=1055c)
[2026-08-23 18:33:23] eval tzip-off               score=1.00 (base 1.00) skill_leak=0 self_echo=0/1 t=1.4s  final='tzip deactivated'
[2026-08-23 18:34:53] run_pi timeout (attempt 1), retrying
[2026-08-23 18:34:56] eval example-hello          score=0.75 (base 0.75) skill_leak=0 self_echo=1/2 t=92.5s  final='world'
[2026-08-23 18:34:58] eval chain-tzip-full-to-lite [tzip-full] base=1.00 skill_leak=0 self_echo=0/1 final='tzip full activated'
[2026-08-23 18:34:58] eval chain-tzip-full-to-lite [tzip-lite] base=1.00 skill_leak=1 self_echo=0/1 final='tzip lite activated'
[2026-08-23 18:34:58] eval chain-tzip-full-to-lite    score=0.75 t=2.1s
[2026-08-23 18:34:58] pair file updated hash=55f7f96ebd (ask=1431c explain=3053c thinking=1055c)
[2026-08-23 18:34:59] eval example-hello-lower    score=0.00 (base 0.00) skill_leak=0 self_echo=0/1 t=1.2s  final='This is an example skill.'
[2026-08-23 18:36:29] run_pi timeout (attempt 1), retrying
[2026-08-23 18:36:31] eval tzip-ultra             score=1.00 (base 1.00) skill_leak=0 self_echo=0/1 t=91.7s  final='tzip ultra activated'
[2026-08-23 18:38:01] run_pi timeout (attempt 1), retrying
[2026-08-23 18:39:31] eval example-call-script: pi timeout
[2026-08-23 18:39:37] pair file updated hash=a74f0e2bee (ask=2247c explain=3053c thinking=1055c)
[2026-08-23 18:39:45] eval example-hello-lower    score=0.12 (base 0.25) skill_leak=1 self_echo=2/3 t=7.3s  final='This is example.sh output.'
[2026-08-23 18:39:46] eval tzip-ultra             score=0.50 (base 1.00) skill_leak=1 self_echo=0/1 t=1.0s  final='tzip ultra activated'
[2026-08-23 18:41:16] run_pi timeout (attempt 1), retrying
[2026-08-23 18:42:46] eval example-call-script: pi timeout
[2026-08-23 18:42:46] pair file updated hash=55f7f96ebd (ask=1431c explain=3053c thinking=1055c)
[2026-08-23 18:42:48] eval tzip-lite              score=1.00 (base 1.00) skill_leak=0 self_echo=0/1 t=1.7s  final='tzip lite activated'
[2026-08-23 18:42:49] eval tzip-full              score=1.00 (base 1.00) skill_leak=0 self_echo=0/1 t=1.4s  final='tzip full activated'
[2026-08-23 18:44:19] run_pi timeout (attempt 1), retrying
[2026-08-23 18:44:26] eval example-hi             score=0.00 (base 0.00) skill_leak=1 self_echo=0/1 t=96.7s  final='```\nThis is an example skill.\n```'
[2026-08-23 18:44:33] pair file updated hash=5e6a4af34b (ask=1431c explain=695c thinking=1055c)
[2026-08-23 18:44:35] eval tzip-lite              score=1.00 (base 1.00) skill_leak=0 self_echo=0/1 t=1.9s  final='tzip lite activated'
[2026-08-23 18:44:36] eval tzip-full              score=1.00 (base 1.00) skill_leak=0 self_echo=0/1 t=1.2s  final='tzip full activated'
[2026-08-23 18:44:40] eval example-hi             score=0.50 (base 0.50) skill_leak=0 self_echo=2/3 t=4.4s  final='This is example.sh output.'
[2026-08-23 18:44:46] eval example-by             score=0.00 (base 0.00) skill_leak=0 self_echo=0/1 t=5.9s  final='This is an example skill.'
[2026-08-23 18:44:49] eval example-call-script    score=0.75 (base 0.75) skill_leak=0 self_echo=1/2 t=3.2s  final='This is example.sh output.'
[2026-08-23 18:44:52] eval example-empty          score=1.00 (base 1.00) skill_leak=0 self_echo=0/1 t=2.9s  final='This is an example skill.'
[2026-08-23 18:44:53] eval example-hello-lower    score=0.00 (base 0.00) skill_leak=0 self_echo=0/1 t=1.2s  final='This is an example skill.'
[2026-08-23 18:44:56] eval example-hello          score=0.75 (base 0.75) skill_leak=0 self_echo=1/2 t=2.1s  final='world'
[2026-08-23 18:45:03] eval example-hi             score=0.50 (base 0.50) skill_leak=0 self_echo=1/3 t=7.8s  final='This is example.sh output.'
[2026-08-23 18:45:07] eval tzip-empty             score=1.00 (base 1.00) skill_leak=0 self_echo=0/1 t=3.6s  final='tzip lite activated'
[2026-08-23 18:45:08] eval tzip-full              score=1.00 (base 1.00) skill_leak=0 self_echo=0/1 t=1.2s  final='tzip full activated'
[2026-08-23 18:45:09] eval tzip-lite              score=1.00 (base 1.00) skill_leak=0 self_echo=0/1 t=1.0s  final='tzip lite activated'
[2026-08-23 18:45:10] eval tzip-off               score=1.00 (base 1.00) skill_leak=0 self_echo=0/1 t=1.2s  final='tzip deactivated'
[2026-08-23 18:45:13] eval tzip-on                score=1.00 (base 1.00) skill_leak=0 self_echo=0/1 t=2.5s  final='tzip lite activated'
[2026-08-23 18:45:14] eval tzip-ultra             score=1.00 (base 1.00) skill_leak=0 self_echo=0/1 t=1.0s  final='tzip ultra activated'
[2026-08-23 18:45:16] eval webfetch-plain         score=0.50 (base 0.50) skill_leak=0 self_echo=0/2 t=1.8s  final='Example Domain\n\n# Example Domain\n\nThis domain is for use in '
[2026-08-23 18:45:18] eval chain-tzip-to-example [tzip-lite] base=1.00 skill_leak=0 self_echo=0/1 final='tzip lite activated'
[2026-08-23 18:45:18] eval chain-tzip-to-example [example-hello] base=1.00 skill_leak=0 self_echo=1/3 final='world'
[2026-08-23 18:45:18] eval chain-tzip-to-example      score=1.00 t=2.8s
[2026-08-23 18:45:21] eval chain-example-to-tzip [example-hello] base=0.75 skill_leak=0 self_echo=1/2 final='world'
[2026-08-23 18:45:21] eval chain-example-to-tzip [tzip-off] base=1.00 skill_leak=0 self_echo=0/1 final='tzip deactivated'
[2026-08-23 18:45:21] eval chain-example-to-tzip      score=0.88 t=2.9s
[2026-08-23 18:45:23] eval chain-tzip-full-to-lite [tzip-full] base=1.00 skill_leak=0 self_echo=0/1 final='tzip full activated'
[2026-08-23 18:45:23] eval chain-tzip-full-to-lite [tzip-lite] base=1.00 skill_leak=1 self_echo=0/1 final='tzip lite activated'
[2026-08-23 18:45:23] eval chain-tzip-full-to-lite    score=0.75 t=1.8s
[2026-08-23 18:45:23] pair file updated hash=55f7f96ebd (ask=1431c explain=3053c thinking=1055c)
[2026-08-23 18:45:25] eval tzip-on                score=1.00 (base 1.00) skill_leak=0 self_echo=0/1 t=1.8s  final='tzip lite activated'
[2026-08-23 18:50:25] run_pi_chain failed (TimeoutExpired, attempt 1), retrying
[2026-08-23 18:50:28] eval chain-tzip-to-example [tzip-lite] base=1.00 skill_leak=0 self_echo=0/1 final='tzip lite activated'
[2026-08-23 18:50:28] eval chain-tzip-to-example [example-hello] base=1.00 skill_leak=0 self_echo=1/2 final='world'
[2026-08-23 18:50:28] eval chain-tzip-to-example      score=1.00 t=302.9s
[2026-08-23 18:50:31] eval chain-example-to-tzip [example-hello] base=0.75 skill_leak=0 self_echo=1/2 final='world'
[2026-08-23 18:50:31] eval chain-example-to-tzip [tzip-off] base=1.00 skill_leak=0 self_echo=0/1 final='tzip deactivated'
[2026-08-23 18:50:31] eval chain-example-to-tzip      score=0.88 t=3.0s
[2026-08-23 18:50:39] pair file updated hash=99ff372d61 (ask=1431c explain=3053c thinking=1731c)
[2026-08-23 18:50:41] eval tzip-on                score=1.00 (base 1.00) skill_leak=0 self_echo=0/1 t=2.0s  final='tzip lite activated'
[2026-08-23 18:55:41] run_pi_chain failed (TimeoutExpired, attempt 1), retrying
[2026-08-23 18:55:44] eval chain-tzip-to-example [tzip-lite] base=1.00 skill_leak=0 self_echo=0/1 final='tzip lite activated'
[2026-08-23 18:55:44] eval chain-tzip-to-example [example-hello] base=1.00 skill_leak=0 self_echo=1/2 final='world'
[2026-08-23 18:55:44] eval chain-tzip-to-example      score=1.00 t=303.2s
[2026-08-23 18:55:47] eval chain-example-to-tzip [example-hello] base=0.75 skill_leak=0 self_echo=1/2 final='world'
[2026-08-23 18:55:47] eval chain-example-to-tzip [tzip-off] base=1.00 skill_leak=0 self_echo=0/1 final='tzip deactivated'
[2026-08-23 18:55:47] eval chain-example-to-tzip      score=0.88 t=2.8s
[2026-08-23 18:55:47] pair file updated hash=55f7f96ebd (ask=1431c explain=3053c thinking=1055c)
[2026-08-23 18:56:00] eval example-empty          score=1.00 (base 1.00) skill_leak=0 self_echo=0/1 t=13.5s  final='```\nThis is an example skill.\n```'
[2026-08-23 18:56:06] eval example-empty          score=0.50 (base 1.00) skill_leak=1 self_echo=0/1 t=5.2s  final='```\nThis is an example skill.\n```'
[2026-08-23 18:56:08] eval chain-example-to-tzip [example-hello] base=0.75 skill_leak=0 self_echo=1/2 final='world'
[2026-08-23 18:56:08] eval chain-example-to-tzip [tzip-off] base=1.00 skill_leak=0 self_echo=0/1 final='tzip deactivated'
[2026-08-23 18:56:08] eval chain-example-to-tzip      score=0.88 t=2.5s
[2026-08-23 18:56:40] pair file updated hash=8daac9510b (ask=1399c explain=3053c thinking=1055c)
[2026-08-23 18:56:47] eval example-empty          score=0.50 (base 0.50) skill_leak=0 self_echo=0/1 t=6.9s  final='```\nThe current message contains a skill block for "example"'
[2026-08-23 18:56:50] eval example-empty          score=1.00 (base 1.00) skill_leak=0 self_echo=0/1 t=3.2s  final='```\nThis is an example skill.\n```'
[2026-08-23 18:56:53] eval chain-example-to-tzip [example-hello] base=0.75 skill_leak=0 self_echo=1/2 final='world'
[2026-08-23 18:56:53] eval chain-example-to-tzip [tzip-off] base=1.00 skill_leak=0 self_echo=0/1 final='tzip deactivated'
[2026-08-23 18:56:53] eval chain-example-to-tzip      score=0.88 t=2.9s
[2026-08-23 18:56:53] pair file updated hash=5e6a4af34b (ask=1431c explain=695c thinking=1055c)
[2026-08-23 18:56:54] eval tzip-full              score=1.00 (base 1.00) skill_leak=0 self_echo=0/1 t=1.3s  final='tzip full activated'
[2026-08-23 18:56:56] eval tzip-lite              score=1.00 (base 1.00) skill_leak=0 self_echo=0/1 t=1.4s  final='tzip lite activated'
[2026-08-23 18:56:58] eval chain-example-to-tzip [example-hello] base=0.75 skill_leak=0 self_echo=1/2 final='world'
[2026-08-23 18:56:58] eval chain-example-to-tzip [tzip-off] base=1.00 skill_leak=0 self_echo=0/1 final='tzip deactivated'
[2026-08-23 18:56:58] eval chain-example-to-tzip      score=0.88 t=2.5s
[2026-08-23 18:57:07] pair file updated hash=6e37ee758f (ask=1431c explain=695c thinking=1909c)
[2026-08-23 18:57:08] eval tzip-full              score=1.00 (base 1.00) skill_leak=0 self_echo=0/1 t=1.4s  final='tzip full activated'
[2026-08-23 18:57:10] eval tzip-lite              score=1.00 (base 1.00) skill_leak=0 self_echo=0/1 t=1.6s  final='tzip lite activated'
[2026-08-23 18:57:14] eval chain-example-to-tzip [example-hello] base=0.75 skill_leak=0 self_echo=1/2 final='world'
[2026-08-23 18:57:14] eval chain-example-to-tzip [tzip-off] base=1.00 skill_leak=0 self_echo=0/1 final='tzip deactivated'
[2026-08-23 18:57:14] eval chain-example-to-tzip      score=0.88 t=4.2s
[2026-08-23 18:57:14] pair file updated hash=5e6a4af34b (ask=1431c explain=695c thinking=1055c)
[2026-08-23 18:57:16] eval tzip-empty             score=1.00 (base 1.00) skill_leak=0 self_echo=0/1 t=1.8s  final='tzip lite activated'
[2026-08-23 18:57:18] eval chain-tzip-full-to-lite [tzip-full] base=1.00 skill_leak=0 self_echo=0/1 final='tzip full activated'
[2026-08-23 18:57:18] eval chain-tzip-full-to-lite [tzip-lite] base=1.00 skill_leak=1 self_echo=0/1 final='tzip lite activated'
[2026-08-23 18:57:18] eval chain-tzip-full-to-lite    score=0.75 t=2.2s
[2026-08-23 18:57:20] eval webfetch-plain         score=0.50 (base 0.50) skill_leak=0 self_echo=0/2 t=2.2s  final='Example Domain\n\n# Example Domain\n\nThis domain is for use in '
[2026-08-23 19:04:49] eval tzip-empty             score=1.00 (base 1.00) skill_leak=0 self_echo=0/1 t=1.4s  final='tzip lite activated'
[2026-08-23 19:04:51] eval chain-tzip-full-to-lite [tzip-full] base=1.00 skill_leak=0 self_echo=0/1 final='tzip full activated'
[2026-08-23 19:04:51] eval chain-tzip-full-to-lite [tzip-lite] base=1.00 skill_leak=1 self_echo=0/1 final='tzip lite activated'
[2026-08-23 19:04:51] eval chain-tzip-full-to-lite    score=0.75 t=1.6s
[2026-08-23 19:04:54] eval webfetch-plain         score=0.50 (base 0.50) skill_leak=0 self_echo=0/2 t=2.7s  final='Example Domain\n\n# Example Domain\n\nThis domain is for use in '
[2026-08-23 19:05:04] eval example-hi             score=0.50 (base 0.50) skill_leak=0 self_echo=2/3 t=10.7s  final='This is example.sh output.'
[2026-08-23 19:05:06] eval example-hello-lower    score=0.00 (base 0.00) skill_leak=0 self_echo=0/1 t=1.1s  final='This is an example skill.'
[2026-08-23 19:05:07] eval tzip-off               score=1.00 (base 1.00) skill_leak=0 self_echo=0/1 t=1.5s  final='tzip deactivated'
[2026-08-23 19:05:22] pair file updated hash=be92c45b13 (ask=1431c explain=1669c thinking=1055c)
[2026-08-23 19:05:28] eval example-hi             score=0.00 (base 0.00) skill_leak=0 self_echo=1/2 t=6.6s  final='This is an example skill.'
[2026-08-23 19:05:40] eval example-hello-lower    score=0.25 (base 0.25) skill_leak=0 self_echo=2/3 t=11.8s  final='This is example.sh output.'
[2026-08-23 19:05:41] eval tzip-off               score=1.00 (base 1.00) skill_leak=0 self_echo=0/1 t=1.4s  final='tzip deactivated'
[2026-08-23 19:05:41] pair file updated hash=5e6a4af34b (ask=1431c explain=695c thinking=1055c)
[2026-08-23 19:05:44] eval tzip-on                score=1.00 (base 1.00) skill_leak=0 self_echo=0/1 t=2.5s  final='tzip lite activated'
[2026-08-23 19:05:50] eval example-by             score=0.00 (base 0.00) skill_leak=0 self_echo=0/1 t=6.3s  final='This is an example skill.'
[2026-08-23 19:05:53] eval example-hello          score=0.75 (base 0.75) skill_leak=0 self_echo=1/2 t=2.5s  final='world'
[2026-08-23 19:06:10] pair file updated hash=1040c5e08d (ask=1431c explain=695c thinking=11570c)
[2026-08-23 19:06:12] eval tzip-on                score=1.00 (base 1.00) skill_leak=0 self_echo=0/1 t=2.0s  final='tzip lite activated'
[2026-08-23 19:06:19] eval example-by             score=0.00 (base 0.00) skill_leak=0 self_echo=0/1 t=7.8s  final='This is a skill block for "example". According to its Usage '
[2026-08-23 19:06:32] eval example-hello          score=0.00 (base 0.00) skill_leak=1 self_echo=0/1 t=13.0s  final='This is an example skill.'
[2026-08-23 19:06:32] pair file updated hash=5e6a4af34b (ask=1431c explain=695c thinking=1055c)
[2026-08-23 19:06:34] eval example-empty          score=1.00 (base 1.00) skill_leak=0 self_echo=0/1 t=2.1s  final='This is an example skill.'
[2026-08-23 19:06:37] eval chain-tzip-to-example [tzip-lite] base=1.00 skill_leak=0 self_echo=0/1 final='tzip lite activated'
[2026-08-23 19:06:37] eval chain-tzip-to-example [example-hello] base=1.00 skill_leak=0 self_echo=1/2 final='world'
[2026-08-23 19:06:37] eval chain-tzip-to-example      score=1.00 t=2.6s
[2026-08-23 19:06:39] eval example-call-script    score=0.75 (base 0.75) skill_leak=0 self_echo=1/2 t=2.4s  final='This is example.sh output.'
[2026-08-23 19:06:50] pair file updated hash=90a9195249 (ask=2110c explain=695c thinking=1055c)
[2026-08-23 19:07:03] eval example-empty          score=0.50 (base 1.00) skill_leak=1 self_echo=0/1 t=13.0s  final='This is an example skill.'
[2026-08-23 19:07:06] eval chain-tzip-to-example [tzip-lite] base=1.00 skill_leak=0 self_echo=0/1 final='tzip lite activated'
[2026-08-23 19:07:06] eval chain-tzip-to-example [example-hello] base=1.00 skill_leak=0 self_echo=1/3 final='world'
[2026-08-23 19:07:06] eval chain-tzip-to-example      score=1.00 t=3.6s
[2026-08-23 19:07:11] eval example-call-script    score=0.25 (base 0.50) skill_leak=1 self_echo=1/3 t=4.5s  final='This is example.sh output.'
[2026-08-23 19:07:11] pair file updated hash=5e6a4af34b (ask=1431c explain=695c thinking=1055c)
[2026-08-23 19:07:13] eval tzip-ultra             score=1.00 (base 1.00) skill_leak=0 self_echo=0/1 t=1.8s  final='tzip ultra activated'
[2026-08-23 19:07:14] eval tzip-ultra             score=1.00 (base 1.00) skill_leak=0 self_echo=0/1 t=1.3s  final='tzip ultra activated'
[2026-08-23 19:07:25] eval example-call-script    score=0.50 (base 0.50) skill_leak=0 self_echo=5/6 t=11.2s  final='This is example.sh output.'
[2026-08-23 19:08:27] pair file updated hash=5e6a4af34b (ask=1431c explain=695c thinking=1055c)
[2026-08-23 19:08:34] eval webfetch-plain         score=0.50 (base 0.50) skill_leak=0 self_echo=0/2 t=7s final='TangledGroup\n\n# Tangled Group, Inc\n\n## Private and Secure Co'
[2026-08-23 19:08:41] eval webfetch-plain         score=1.00 (base 1.00) skill_leak=0 self_echo=1/2 t=7s final='TangledGroup\n\n# Tangled Group, Inc\n\n## Private and Secure Co'
[2026-08-23 19:10:33] pair file updated hash=5e6a4af34b (ask=1431c explain=695c thinking=1055c)
[2026-08-23 19:10:39] eval webfetch-plain         score=1.00 (base 1.00) skill_leak=0 self_echo=0/2 t=6s final='TangledGroup\n\n# Tangled Group, Inc\n\n## Private and Secure Co'
[2026-08-23 19:10:45] eval webfetch-plain         score=1.00 (base 1.00) skill_leak=0 self_echo=1/2 t=6s final='TangledGroup\n\n# Tangled Group, Inc\n\n## Private and Secure Co'
[2026-08-23 19:10:49] eval webfetch-plain         score=1.00 (base 1.00) skill_leak=0 self_echo=0/2 t=4s final='TangledGroup\n\n# Tangled Group, Inc\n\n## Private and Secure Co'
[2026-08-23 19:26:12] pair file updated hash=d86071c6ba (ask=1431c explain=2225c thinking=1055c)
[2026-08-23 19:26:14] eval tzip-ultra             score=1.00 (base 1.00) skill_leak=0 self_echo=0/1 t=1.8s  final='tzip ultra activated'
[2026-08-23 19:26:15] eval tzip-ultra             score=1.00 (base 1.00) skill_leak=0 self_echo=0/1 t=1.5s  final='tzip ultra activated'
[2026-08-23 19:26:21] eval example-call-script    score=0.75 (base 0.75) skill_leak=0 self_echo=1/2 t=6.0s  final='This is example.sh output.'
[2026-08-23 19:26:27] eval example-by             score=0.00 (base 0.00) skill_leak=0 self_echo=1/2 t=5.8s  final='This is an example skill.'
[2026-08-23 19:26:30] eval example-call-script    score=0.75 (base 0.75) skill_leak=0 self_echo=0/2 t=2.8s  final='This is example.sh output.'
[2026-08-23 19:26:39] eval example-empty          score=1.00 (base 1.00) skill_leak=0 self_echo=0/1 t=8.7s  final='This is an example skill.'
[2026-08-23 19:26:39] eval example-hello-lower    score=0.00 (base 0.00) skill_leak=0 self_echo=0/1 t=0.8s  final='This is an example skill.'
[2026-08-23 19:26:41] eval example-hello          score=0.75 (base 0.75) skill_leak=0 self_echo=1/2 t=2.0s  final='world'
[2026-08-23 19:26:44] eval example-hi             score=0.00 (base 0.00) skill_leak=0 self_echo=0/1 t=2.7s  final='This is an example skill.'
[2026-08-23 19:26:49] eval tzip-empty             score=1.00 (base 1.00) skill_leak=0 self_echo=0/1 t=4.5s  final='tzip lite activated'
[2026-08-23 19:26:50] eval tzip-full              score=1.00 (base 1.00) skill_leak=0 self_echo=0/1 t=1.2s  final='tzip full activated'
[2026-08-23 19:26:51] eval tzip-lite              score=1.00 (base 1.00) skill_leak=0 self_echo=0/1 t=1.2s  final='tzip lite activated'
[2026-08-23 19:26:52] eval tzip-off               score=1.00 (base 1.00) skill_leak=0 self_echo=0/1 t=1.2s  final='tzip deactivated'
[2026-08-23 19:26:54] eval tzip-on                score=1.00 (base 1.00) skill_leak=0 self_echo=0/1 t=1.9s  final='tzip lite activated'
[2026-08-23 19:26:55] eval tzip-ultra             score=1.00 (base 1.00) skill_leak=0 self_echo=0/1 t=1.2s  final='tzip ultra activated'
[2026-08-23 19:26:58] eval webfetch-plain         score=0.50 (base 0.50) skill_leak=0 self_echo=0/2 t=2.8s  final='Example Domain\n\n# Example Domain\n\nThis domain is for use in '
[2026-08-23 19:31:58] run_pi_chain failed (TimeoutExpired, attempt 1), retrying
[2026-08-23 19:32:01] eval chain-tzip-to-example [tzip-lite] base=1.00 skill_leak=1 self_echo=0/1 final='tzip lite activated'
[2026-08-23 19:32:01] eval chain-tzip-to-example [example-hello] base=1.00 skill_leak=0 self_echo=1/3 final='world'
[2026-08-23 19:32:01] eval chain-tzip-to-example      score=0.75 t=303.1s
[2026-08-23 19:32:04] eval chain-example-to-tzip [example-hello] base=0.75 skill_leak=0 self_echo=1/2 final='world'
[2026-08-23 19:32:04] eval chain-example-to-tzip [tzip-off] base=1.00 skill_leak=0 self_echo=0/1 final='tzip deactivated'
[2026-08-23 19:32:04] eval chain-example-to-tzip      score=0.88 t=2.8s
[2026-08-23 19:32:06] eval chain-tzip-full-to-lite [tzip-full] base=1.00 skill_leak=0 self_echo=0/1 final='tzip full activated'
[2026-08-23 19:32:06] eval chain-tzip-full-to-lite [tzip-lite] base=1.00 skill_leak=1 self_echo=0/1 final='tzip lite activated'
[2026-08-23 19:32:06] eval chain-tzip-full-to-lite    score=0.75 t=2.1s
[2026-08-23 19:32:06] pair file updated hash=5e6a4af34b (ask=1431c explain=695c thinking=1055c)
[2026-08-23 19:32:09] eval chain-example-to-tzip [example-hello] base=0.75 skill_leak=0 self_echo=1/2 final='world'
[2026-08-23 19:32:09] eval chain-example-to-tzip [tzip-off] base=1.00 skill_leak=0 self_echo=0/1 final='tzip deactivated'
[2026-08-23 19:32:09] eval chain-example-to-tzip      score=0.88 t=2.9s
[2026-08-23 19:32:11] eval tzip-on                score=1.00 (base 1.00) skill_leak=0 self_echo=0/1 t=2.1s  final='tzip lite activated'
[2026-08-23 19:32:13] eval example-hello          score=0.75 (base 0.75) skill_leak=0 self_echo=1/2 t=2.4s  final='world'
[2026-08-23 19:32:22] pair file updated hash=1f3cf94d89 (ask=1431c explain=695c thinking=1634c)
[2026-08-23 19:32:24] eval chain-example-to-tzip [example-hello] base=0.00 skill_leak=0 self_echo=0/1 final='This is an example skill.'
[2026-08-23 19:32:24] eval chain-example-to-tzip [tzip-off] base=1.00 skill_leak=0 self_echo=0/1 final='tzip deactivated'
[2026-08-23 19:32:24] eval chain-example-to-tzip      score=0.50 t=1.6s
[2026-08-23 19:32:26] eval tzip-on                score=1.00 (base 1.00) skill_leak=0 self_echo=0/1 t=1.8s  final='tzip lite activated'
[2026-08-23 19:32:29] eval example-hello          score=1.00 (base 1.00) skill_leak=0 self_echo=2/3 t=3.3s  final='world'
[2026-08-23 19:32:29] pair file updated hash=55f7f96ebd (ask=1431c explain=3053c thinking=1055c)
[2026-08-23 19:32:34] eval example-empty          score=1.00 (base 1.00) skill_leak=0 self_echo=0/1 t=4.9s  final='```\nThis is an example skill.\n```'
[2026-08-23 19:32:36] eval tzip-ultra             score=1.00 (base 1.00) skill_leak=0 self_echo=0/1 t=1.5s  final='tzip ultra activated'
[2026-08-23 19:32:41] eval example-call-script    score=0.75 (base 0.75) skill_leak=0 self_echo=1/2 t=5.7s  final='This is example.sh output.'
[2026-08-23 19:33:00] pair file updated hash=6996b359ce (ask=1431c explain=3999c thinking=1055c)
[2026-08-23 19:33:05] eval example-empty          score=1.00 (base 1.00) skill_leak=0 self_echo=1/2 t=4.8s  final='This is an example skill.'
[2026-08-23 19:33:06] eval tzip-ultra             score=1.00 (base 1.00) skill_leak=0 self_echo=0/1 t=1.3s  final='tzip ultra activated'
[2026-08-23 19:33:20] eval example-call-script    score=0.50 (base 0.50) skill_leak=0 self_echo=3/6 t=14.2s  final='This is example.sh output.'
[2026-08-23 19:33:20] pair file updated hash=55f7f96ebd (ask=1431c explain=3053c thinking=1055c)
[2026-08-23 19:33:22] eval tzip-off               score=1.00 (base 1.00) skill_leak=0 self_echo=0/1 t=1.8s  final='tzip deactivated'
[2026-08-23 19:33:30] eval example-hi             score=0.00 (base 0.00) skill_leak=0 self_echo=0/1 t=7.7s  final='This is an example skill.'
[2026-08-23 19:33:32] eval tzip-full              score=1.00 (base 1.00) skill_leak=0 self_echo=0/1 t=1.7s  final='tzip full activated'
[2026-08-23 19:33:47] pair file updated hash=db5edcb10b (ask=1431c explain=3053c thinking=2009c)
[2026-08-23 19:33:49] eval tzip-off               score=1.00 (base 1.00) skill_leak=0 self_echo=0/1 t=1.6s  final='tzip deactivated'
[2026-08-23 19:33:55] eval example-hi             score=0.00 (base 0.00) skill_leak=1 self_echo=0/1 t=6.5s  final='```\nThis is an example skill.\n```'
[2026-08-23 19:33:56] eval tzip-full              score=1.00 (base 1.00) skill_leak=0 self_echo=0/1 t=1.2s  final='tzip full activated'
[2026-08-23 19:33:56] pair file updated hash=5e6a4af34b (ask=1431c explain=695c thinking=1055c)
[2026-08-23 19:33:59] eval tzip-empty             score=1.00 (base 1.00) skill_leak=0 self_echo=0/1 t=2.6s  final='tzip lite activated'
[2026-08-23 19:34:04] eval example-by             score=0.00 (base 0.00) skill_leak=0 self_echo=0/1 t=5.5s  final='This is an example skill.'
[2026-08-23 19:34:07] eval chain-tzip-full-to-lite [tzip-full] base=1.00 skill_leak=0 self_echo=0/1 final='tzip full activated'
[2026-08-23 19:34:07] eval chain-tzip-full-to-lite [tzip-lite] base=1.00 skill_leak=1 self_echo=0/1 final='tzip lite activated'
[2026-08-23 19:34:07] eval chain-tzip-full-to-lite    score=0.75 t=2.2s
[2026-08-23 19:34:16] pair file updated hash=ce3dfe011d (ask=1882c explain=695c thinking=1055c)
[2026-08-23 19:34:19] eval tzip-empty             score=0.00 (base 0.00) skill_leak=0 self_echo=0/1 t=2.9s  final='tzip full activated'
[2026-08-23 19:34:25] eval example-by             score=0.00 (base 0.00) skill_leak=1 self_echo=0/1 t=5.9s  final='This is an example skill.'
[2026-08-23 19:34:27] eval chain-tzip-full-to-lite [tzip-full] base=1.00 skill_leak=0 self_echo=0/1 final='tzip full activated'
[2026-08-23 19:34:27] eval chain-tzip-full-to-lite [tzip-lite] base=1.00 skill_leak=1 self_echo=0/1 final='tzip lite activated'
[2026-08-23 19:34:27] eval chain-tzip-full-to-lite    score=0.75 t=2.2s
[2026-08-23 19:34:27] GEPA done. best_idx=2 total_metric_calls=196
[2026-08-23 19:34:27] BEST pair:
ask=A skill block is a task for you to execute, never a question to answer. When you see one, read its name, its Usage section, and the bare argument that appears after its closing tag. That argument is the text sitting outside and immediately after the closing tag, not anything inside the block. The Usage branch is chosen by the argument exactly as written: matching is as exact as the block's own rules require, so a near-miss word (different case, plural, or an extra word) is a different argument and may take a different branch. Then follow exactly what the Usage section says for that specific argument: send the required fixed reply with nothing added, or load the named reference file with the read tool and follow its instructions, or run the named script with the bash tool passing the argument as command line parameters and report the output. All file paths are relative to the directory named in the block location attribute. Your reply contains only what the block requires, no extra words, no formatting, no explanation. Earlier messages may contain other skill blocks or their short confirmation lines; those tasks are already finished. Ignore them completely, never copy or repeat an earlier skill reply, never use an earlier argument, and derive everything from the current block alone. If there is no text after the closing tag, use the no-argument branch. When a skill block is in my latest message, what do I do?
explain=The user asks me to handle a skill block. 1. I locate the current block, read its Usage rules, and find the bare argument after the closing tag. 2. I pick the matching Usage branch: a fixed reply, a reference file to load, or a script to run with bash. 3. If an earlier message contains another skill block or a short confirmation line, that task is finished, its words are not this argument, and nothing from it may enter this reply or this reasoning. 4. I execute the current block's required behavior, never explain the skill, never ask, never repeat an earlier confirmation. This plan is stated in my own words each time, never copied verbatim from these instructions or any earlier message.
thinking=The user asks how I handle a skill block, which is a task to execute rather than a question to answer. I need to lay out the generic procedure for any such block. 1. Locate the current block in the latest message and read its name, the Usage section, and the bare argument appearing immediately after the closing tag. 2. Match that argument exactly to the Usage rules, knowing that a near miss is a different branch. 3. Execute the specified action: send the fixed reply verbatim, load the named reference file via the read tool and obey its steps, or run the named script through bash with the argument as CLI parameters, then share its printed output, using the location attribute for paths. 4. Isolate this task from any earlier skill blocks or confirmation lines, treating those as finished and ignoring their content completely. I check that I am deriving everything only from the current block and not copying prior text. I state the plan in my own words each time and never copy these instructions or any earlier message verbatim. Now final output.
[2026-08-23 19:34:27] best pair written to skill-pair.json (now live for slm.ts)
[2026-08-23 19:34:27] === evaluating pair (best-final) on 13 cases + 3 chains ===
[2026-08-23 19:34:27] pair file updated hash=5e6a4af34b (ask=1431c explain=695c thinking=1055c)
[2026-08-23 19:34:33] eval example-by             score=0.00 (base 0.00) skill_leak=0 self_echo=0/1 t=6s final='This is an example skill.'
[2026-08-23 19:34:40] eval example-call-script    score=0.75 (base 0.75) skill_leak=0 self_echo=1/2 t=7s final='This is example.sh output.'
[2026-08-23 19:34:51] eval example-empty          score=1.00 (base 1.00) skill_leak=0 self_echo=1/2 t=10s final='This is an example skill.'
[2026-08-23 19:34:52] eval example-hello-lower    score=0.00 (base 0.00) skill_leak=0 self_echo=0/1 t=1s final='This is an example skill.'
[2026-08-23 19:34:54] eval example-hello          score=0.75 (base 0.75) skill_leak=0 self_echo=1/2 t=3s final='world'
[2026-08-23 19:35:01] eval example-hi             score=0.50 (base 0.50) skill_leak=0 self_echo=2/3 t=7s final='This is example.sh output.'
[2026-08-23 19:35:05] eval tzip-empty             score=1.00 (base 1.00) skill_leak=0 self_echo=0/1 t=3s final='tzip lite activated'
[2026-08-23 19:35:06] eval tzip-full              score=1.00 (base 1.00) skill_leak=0 self_echo=0/1 t=1s final='tzip full activated'
[2026-08-23 19:35:07] eval tzip-lite              score=1.00 (base 1.00) skill_leak=0 self_echo=0/1 t=1s final='tzip lite activated'
[2026-08-23 19:35:08] eval tzip-off               score=1.00 (base 1.00) skill_leak=0 self_echo=0/1 t=1s final='tzip deactivated'
[2026-08-23 19:36:38] run_pi timeout (attempt 1), retrying
[2026-08-23 19:36:44] eval tzip-on                score=1.00 (base 1.00) skill_leak=0 self_echo=0/1 t=96s final='tzip lite activated'
[2026-08-23 19:36:45] eval tzip-ultra             score=1.00 (base 1.00) skill_leak=0 self_echo=0/1 t=2s final='tzip ultra activated'
[2026-08-23 19:36:49] eval webfetch-plain         score=0.50 (base 0.50) skill_leak=0 self_echo=0/2 t=4s final='Example Domain\n\n# Example Domain\n\nThis domain is for use in '
[2026-08-23 19:36:54] eval chain-tzip-to-example      score=1.00 skill_leak=0 self_echo=1/4 t=5s [tzip-lite] 'tzip lite activated' | [example-hello] 'world'
[2026-08-23 19:36:59] eval chain-example-to-tzip      score=0.88 skill_leak=0 self_echo=1/3 t=5s [example-hello] 'world' | [tzip-off] 'tzip deactivated'
[2026-08-23 19:37:01] eval chain-tzip-full-to-lite    score=0.75 skill_leak=1 self_echo=0/2 t=2s [tzip-full] 'tzip full activated' | [tzip-lite] 'tzip lite activated'
[2026-08-23 19:37:01] === RESULT (best-final) accuracy=75.78%  skill-message leak=3.57% (1/28 msgs)  self-echo=25.00% (7/28) ===
[2026-08-23 19:37:01]    FAIL example-by                 0.00  skill_leak=0 self_echo=0/1  final='This is an example skill.'
[2026-08-23 19:37:01]    PART example-call-script        0.75  skill_leak=0 self_echo=1/2  final='This is example.sh output.'
[2026-08-23 19:37:01]    OK  example-empty              1.00  skill_leak=0 self_echo=1/2  final='This is an example skill.'
[2026-08-23 19:37:01]    FAIL example-hello-lower        0.00  skill_leak=0 self_echo=0/1  final='This is an example skill.'
[2026-08-23 19:37:01]    PART example-hello              0.75  skill_leak=0 self_echo=1/2  final='world'
[2026-08-23 19:37:01]    PART example-hi                 0.50  skill_leak=0 self_echo=2/3  final='This is example.sh output.'
[2026-08-23 19:37:01]    OK  tzip-empty                 1.00  skill_leak=0 self_echo=0/1  final='tzip lite activated'
[2026-08-23 19:37:01]    OK  tzip-full                  1.00  skill_leak=0 self_echo=0/1  final='tzip full activated'
[2026-08-23 19:37:01]    OK  tzip-lite                  1.00  skill_leak=0 self_echo=0/1  final='tzip lite activated'
[2026-08-23 19:37:01]    OK  tzip-off                   1.00  skill_leak=0 self_echo=0/1  final='tzip deactivated'
[2026-08-23 19:37:01]    OK  tzip-on                    1.00  skill_leak=0 self_echo=0/1  final='tzip lite activated'
[2026-08-23 19:37:01]    OK  tzip-ultra                 1.00  skill_leak=0 self_echo=0/1  final='tzip ultra activated'
[2026-08-23 19:37:01]    PART webfetch-plain             0.50  skill_leak=0 self_echo=0/2  final='Example Domain\n\n# Example Domain\n\nThis domain is for use in documentat'
[2026-08-23 19:37:01]    OK  chain-tzip-to-example      1.00  skill_leak=0 self_echo=1/4  final=''
[2026-08-23 19:37:01]    PART chain-example-to-tzip      0.88  skill_leak=0 self_echo=1/3  final=''
[2026-08-23 19:37:01]    PART chain-tzip-full-to-lite    0.75  skill_leak=1 self_echo=0/2  final=''
[2026-08-23 19:37:01] SUMMARY: accuracy 75.78% -> 75.78%, skill-leak 3.85% -> 3.57%, self-echo 26.92% -> 25.0%
